CREATE DATABASE  IF NOT EXISTS `3rdi` /*!40100 DEFAULT CHARACTER SET latin1 */;
USE `3rdi`;
-- MySQL dump 10.13  Distrib 5.6.23, for Win32 (x86)
--
-- Host: 127.0.0.1    Database: 3rdi
-- ------------------------------------------------------
-- Server version	5.6.24

/*!40101 SET @OLD_CHARACTER_SET_CLIENT=@@CHARACTER_SET_CLIENT */;
/*!40101 SET @OLD_CHARACTER_SET_RESULTS=@@CHARACTER_SET_RESULTS */;
/*!40101 SET @OLD_COLLATION_CONNECTION=@@COLLATION_CONNECTION */;
/*!40101 SET NAMES utf8 */;
/*!40103 SET @OLD_TIME_ZONE=@@TIME_ZONE */;
/*!40103 SET TIME_ZONE='+00:00' */;
/*!40014 SET @OLD_UNIQUE_CHECKS=@@UNIQUE_CHECKS, UNIQUE_CHECKS=0 */;
/*!40014 SET @OLD_FOREIGN_KEY_CHECKS=@@FOREIGN_KEY_CHECKS, FOREIGN_KEY_CHECKS=0 */;
/*!40101 SET @OLD_SQL_MODE=@@SQL_MODE, SQL_MODE='NO_AUTO_VALUE_ON_ZERO' */;
/*!40111 SET @OLD_SQL_NOTES=@@SQL_NOTES, SQL_NOTES=0 */;

--
-- Table structure for table `aid`
--

DROP TABLE IF EXISTS `aid`;
/*!40101 SET @saved_cs_client     = @@character_set_client */;
/*!40101 SET character_set_client = utf8 */;
CREATE TABLE `aid` (
  `id` int(11) NOT NULL AUTO_INCREMENT,
  `name` varchar(45) NOT NULL,
  `description` varchar(500) DEFAULT NULL,
  `assetTemplateId` int(11) NOT NULL,
  `aidTemplate` varchar(25) NOT NULL,
  `workspaceId` int(11) NOT NULL,
  `createdBy` int(11) NOT NULL,
  `createdDate` timestamp NOT NULL DEFAULT CURRENT_TIMESTAMP,
  `updatedBy` int(11) NOT NULL,
  `updatedDate` timestamp NOT NULL DEFAULT CURRENT_TIMESTAMP,
  PRIMARY KEY (`id`),
  UNIQUE KEY `UQ_AID_Name_WorkspaceId` (`name`,`workspaceId`),
  KEY `FK_AID_WORKSPACEID_idx` (`workspaceId`),
  KEY `FK_AID_ASSETTEMPLATID_idx` (`assetTemplateId`),
  KEY `FK_CREATEDBY_USERID_idx` (`createdBy`),
  KEY `FK_UPDATEDBY_USERID_idx` (`updatedBy`),
  CONSTRAINT `FK_AID_ASSETTEMPLATID` FOREIGN KEY (`assetTemplateId`) REFERENCES `asset_template` (`id`) ON DELETE NO ACTION ON UPDATE NO ACTION,
  CONSTRAINT `FK_AID_WORKSPACEID` FOREIGN KEY (`workspaceId`) REFERENCES `workspace` (`id`) ON DELETE NO ACTION ON UPDATE NO ACTION,
  CONSTRAINT `FK_CREATEDBY_USERID` FOREIGN KEY (`createdBy`) REFERENCES `user` (`id`) ON DELETE NO ACTION ON UPDATE NO ACTION,
  CONSTRAINT `FK_UPDATEDBY_USERID` FOREIGN KEY (`updatedBy`) REFERENCES `user` (`id`) ON DELETE NO ACTION ON UPDATE NO ACTION
) ENGINE=InnoDB AUTO_INCREMENT=8 DEFAULT CHARSET=latin1;
/*!40101 SET character_set_client = @saved_cs_client */;

--
-- Dumping data for table `aid`
--

LOCK TABLES `aid` WRITE;
/*!40000 ALTER TABLE `aid` DISABLE KEYS */;
INSERT INTO `aid` VALUES (2,'dummy 1','dummy desc',1,'DEFAULT',1,2,'2015-09-16 07:31:01',2,'2015-09-16 07:31:01'),(3,'Application AID for Customer','Sample AID interface diagram for the application inventory',16,'DEFAULT',5,2,'2015-09-23 12:03:02',2,'2015-09-23 12:03:02'),(4,'Test AID','Test AID Desc',16,'DEFAULT',5,2,'2015-11-16 12:50:53',2,'2015-11-16 12:50:53'),(5,'dummy 1','',1,'DEFAULT',5,2,'2015-11-20 04:46:02',2,'2015-11-20 04:46:02'),(6,'dummy 12','',17,'DEFAULT',5,2,'2015-11-20 04:46:32',2,'2015-11-20 04:46:32'),(7,'IT Portfolio Survey - 1','',16,'DEFAULT',5,2,'2015-11-20 04:47:18',2,'2015-11-20 04:47:18');
/*!40000 ALTER TABLE `aid` ENABLE KEYS */;
UNLOCK TABLES;

--
-- Table structure for table `aid_block`
--

DROP TABLE IF EXISTS `aid_block`;
/*!40101 SET @saved_cs_client     = @@character_set_client */;
/*!40101 SET character_set_client = utf8 */;
CREATE TABLE `aid_block` (
  `id` int(11) NOT NULL AUTO_INCREMENT,
  `aidId` int(11) NOT NULL,
  `aidBlockType` varchar(20) NOT NULL,
  `sequenceNumber` int(11) NOT NULL,
  `blockJSONConfig` text NOT NULL,
  PRIMARY KEY (`id`),
  KEY `FK_AIDID_AID_idx` (`aidId`),
  CONSTRAINT `FK_AIDID_AID` FOREIGN KEY (`aidId`) REFERENCES `aid` (`id`) ON DELETE NO ACTION ON UPDATE NO ACTION
) ENGINE=InnoDB AUTO_INCREMENT=48 DEFAULT CHARSET=latin1;
/*!40101 SET character_set_client = @saved_cs_client */;

--
-- Dumping data for table `aid_block`
--

LOCK TABLES `aid_block` WRITE;
/*!40000 ALTER TABLE `aid_block` DISABLE KEYS */;
INSERT INTO `aid_block` VALUES (34,2,'BLOCK_2',1,'{\"blockTitle\":\"block 2\",\"subBlock1\":{\"templateColumnId\":5,\"blockTitle\":\"\",\"paramQEId\":0,\"paramId\":0,\"questionId\":0,\"questionQEId\":0}}'),(36,2,'BLOCK_3',2,'{\"blockTitle\":\"Other details\",\"subBlock1\":{\"templateColumnId\":0,\"blockTitle\":\"Modelling tools\",\"paramQEId\":0,\"paramId\":0,\"questionId\":102,\"questionQEId\":23},\"subBlock2\":{\"templateColumnId\":6,\"blockTitle\":\"IT Manager\",\"paramQEId\":0,\"paramId\":0,\"questionId\":0,\"questionQEId\":0},\"subBlock3\":{\"templateColumnId\":0,\"blockTitle\":\"TQ\",\"paramQEId\":23,\"paramId\":81,\"questionId\":0,\"questionQEId\":0},\"subBlock4\":{\"templateColumnId\":0,\"blockTitle\":\"Deployment status\",\"paramQEId\":0,\"paramId\":0,\"questionId\":96,\"questionQEId\":23}}'),(39,2,'BLOCK_4',3,'{\"blockTitle\":\"Support Details\",\"subBlock1\":{\"templateColumnId\":0,\"blockTitle\":\"Production Support type\",\"paramQEId\":0,\"paramId\":0,\"questionId\":104,\"questionQEId\":23},\"subBlock2\":{\"templateColumnId\":0,\"blockTitle\":\"Documentation status\",\"paramQEId\":0,\"paramId\":0,\"questionId\":110,\"questionQEId\":23}}'),(40,3,'BLOCK_2',2,'{\"blockTitle\":\"Summary\",\"subBlock1\":{\"templateColumnId\":0,\"blockTitle\":\"\",\"paramQEId\":0,\"paramId\":0,\"questionId\":114,\"questionQEId\":29}}'),(42,3,'BLOCK_3',4,'{\"blockTitle\":\"TCO\",\"subBlock1\":{\"templateColumnId\":0,\"blockTitle\":\"Support Cost\",\"paramQEId\":0,\"paramId\":0,\"questionId\":123,\"questionQEId\":29},\"subBlock2\":{\"templateColumnId\":0,\"blockTitle\":\"Infra Cost\",\"paramQEId\":0,\"paramId\":0,\"questionId\":128,\"questionQEId\":29},\"subBlock3\":{\"templateColumnId\":0,\"blockTitle\":\"TCO\",\"paramQEId\":29,\"paramId\":92,\"questionId\":0,\"questionQEId\":0},\"subBlock4\":{\"templateColumnId\":0,\"blockTitle\":\"Downtime impact\",\"paramQEId\":0,\"paramId\":0,\"questionId\":115,\"questionQEId\":29}}'),(43,3,'BLOCK_1',1,'{\"blockTitle\":\"Application Overview\",\"subBlock1\":{\"templateColumnId\":29,\"blockTitle\":\"Application Id\",\"paramQEId\":0,\"paramId\":0,\"questionId\":0,\"questionQEId\":0},\"subBlock2\":{\"templateColumnId\":25,\"blockTitle\":\"Application Name\",\"paramQEId\":0,\"paramId\":0,\"questionId\":0,\"questionQEId\":0},\"subBlock3\":{\"templateColumnId\":27,\"blockTitle\":\"Owner\",\"paramQEId\":0,\"paramId\":0,\"questionId\":0,\"questionQEId\":0},\"subBlock4\":{\"templateColumnId\":28,\"blockTitle\":\"Date of Commission\",\"paramQEId\":0,\"paramId\":0,\"questionId\":0,\"questionQEId\":0},\"subBlock5\":{\"templateColumnId\":0,\"blockTitle\":\"Application Category\",\"paramQEId\":0,\"paramId\":0,\"questionId\":117,\"questionQEId\":29},\"subBlock6\":{\"templateColumnId\":0,\"blockTitle\":\"Business Line\",\"paramQEId\":0,\"paramId\":0,\"questionId\":122,\"questionQEId\":29}}'),(44,3,'BLOCK_3',3,'{\"blockTitle\":\"Application Health\",\"subBlock1\":{\"templateColumnId\":0,\"blockTitle\":\"Functional Health\",\"paramQEId\":29,\"paramId\":93,\"questionId\":0,\"questionQEId\":0},\"subBlock2\":{\"templateColumnId\":0,\"blockTitle\":\"Technical Health\",\"paramQEId\":29,\"paramId\":94,\"questionId\":0,\"questionQEId\":0},\"subBlock3\":{\"templateColumnId\":0,\"blockTitle\":\"APM Maturity\",\"paramQEId\":29,\"paramId\":95,\"questionId\":0,\"questionQEId\":0},\"subBlock4\":{\"templateColumnId\":0,\"blockTitle\":\"Technology\",\"paramQEId\":0,\"paramId\":0,\"questionId\":120,\"questionQEId\":29}}'),(47,4,'BLOCK_4',1,'{\"blockTitle\":\"Test\",\"subBlock1\":{\"templateColumnId\":0,\"blockTitle\":\"Hello\",\"paramQEId\":0,\"paramId\":0,\"questionId\":110,\"questionQEId\":29},\"subBlock2\":{\"templateColumnId\":25,\"blockTitle\":\"Testing\",\"paramQEId\":0,\"paramId\":0,\"questionId\":0,\"questionQEId\":0}}');
/*!40000 ALTER TABLE `aid_block` ENABLE KEYS */;
UNLOCK TABLES;

--
-- Table structure for table `asset`
--

DROP TABLE IF EXISTS `asset`;
/*!40101 SET @saved_cs_client     = @@character_set_client */;
/*!40101 SET character_set_client = utf8 */;
CREATE TABLE `asset` (
  `id` int(11) NOT NULL AUTO_INCREMENT,
  `templateId` int(11) NOT NULL,
  `deleteStatus` tinyint(1) NOT NULL DEFAULT '0',
  `createdBy` int(11) NOT NULL,
  `createdDate` timestamp NOT NULL DEFAULT CURRENT_TIMESTAMP ON UPDATE CURRENT_TIMESTAMP,
  `updatedBy` int(11) NOT NULL,
  `updatedDate` timestamp NOT NULL DEFAULT CURRENT_TIMESTAMP ON UPDATE CURRENT_TIMESTAMP,
  PRIMARY KEY (`id`),
  KEY `ASSET_TEMPLATE_FK_idx` (`templateId`),
  KEY `ASSET_CREATED_BY_FK_idx` (`createdBy`),
  KEY `ASSET_UPDATED_BY_FK_idx` (`updatedBy`),
  CONSTRAINT `ASSET_CREATED_BY_FK` FOREIGN KEY (`createdBy`) REFERENCES `user` (`id`) ON DELETE CASCADE ON UPDATE NO ACTION,
  CONSTRAINT `ASSET_TEMPLATE_FK` FOREIGN KEY (`templateId`) REFERENCES `asset_template` (`id`) ON DELETE CASCADE ON UPDATE NO ACTION,
  CONSTRAINT `ASSET_UPDATED_BY_FK` FOREIGN KEY (`updatedBy`) REFERENCES `user` (`id`) ON DELETE CASCADE ON UPDATE NO ACTION
) ENGINE=InnoDB AUTO_INCREMENT=196 DEFAULT CHARSET=latin1;
/*!40101 SET character_set_client = @saved_cs_client */;

--
-- Dumping data for table `asset`
--

LOCK TABLES `asset` WRITE;
/*!40000 ALTER TABLE `asset` DISABLE KEYS */;
INSERT INTO `asset` VALUES (1,1,0,2,'2015-08-13 17:57:34',2,'2015-08-13 17:57:34'),(2,1,0,2,'2015-08-13 18:02:00',2,'2015-08-13 18:02:00'),(3,1,0,2,'2015-08-13 18:03:32',2,'2015-08-13 18:03:32'),(4,1,0,2,'2015-08-13 18:04:29',2,'2015-08-13 18:04:29'),(5,1,0,2,'2015-08-13 18:05:52',2,'2015-08-13 18:05:52'),(6,1,0,2,'2015-08-13 18:07:35',2,'2015-08-13 18:07:35'),(7,1,0,2,'2015-08-13 18:08:51',2,'2015-08-13 18:08:51'),(8,1,0,2,'2015-08-13 18:10:23',2,'2015-08-13 18:10:23'),(9,1,0,2,'2015-08-13 18:12:38',2,'2015-08-13 18:12:38'),(10,3,0,2,'2015-08-13 18:29:57',2,'2015-08-13 18:29:57'),(11,3,0,2,'2015-08-13 18:30:19',2,'2015-08-13 18:30:19'),(12,3,0,2,'2015-08-13 18:30:59',2,'2015-08-13 18:30:59'),(13,3,0,2,'2015-08-13 18:31:48',2,'2015-08-13 18:31:48'),(14,3,0,2,'2015-08-13 18:32:47',2,'2015-08-13 18:32:47'),(15,1,0,2,'2015-08-13 18:45:07',2,'2015-08-13 18:45:07'),(16,1,0,2,'2015-08-13 18:45:45',2,'2015-08-13 18:45:45'),(17,15,0,2,'2015-09-22 07:51:49',2,'2015-09-22 07:51:49'),(18,15,0,2,'2015-09-22 09:26:54',2,'2015-09-22 09:26:54'),(19,15,0,2,'2015-09-22 09:27:36',2,'2015-09-22 09:27:36'),(20,15,0,2,'2015-09-22 09:30:08',2,'2015-09-22 09:30:08'),(21,15,0,2,'2015-09-23 05:17:57',2,'2015-09-23 05:17:57'),(22,15,0,2,'2015-09-23 05:18:31',2,'2015-09-23 05:18:31'),(23,16,0,4,'2015-09-23 10:23:13',4,'2015-09-23 10:23:13'),(24,16,0,4,'2015-09-23 10:25:22',4,'2015-09-23 10:25:22'),(25,16,0,4,'2015-09-23 10:25:27',4,'2015-09-23 10:25:27'),(26,16,0,4,'2015-09-23 10:26:27',4,'2015-09-23 10:26:27'),(27,16,0,4,'2015-09-23 10:27:00',4,'2015-09-23 10:27:00'),(28,16,0,4,'2015-09-23 10:27:50',4,'2015-09-23 10:27:50'),(29,16,0,4,'2015-09-23 10:28:15',4,'2015-09-23 10:28:15'),(30,16,0,4,'2015-09-23 10:28:29',4,'2015-09-23 10:28:29'),(31,16,0,4,'2015-09-23 10:29:18',4,'2015-09-23 10:29:18'),(32,16,0,4,'2015-09-23 10:29:30',4,'2015-09-23 10:29:30'),(33,16,0,4,'2015-09-23 10:30:20',4,'2015-09-23 10:30:20'),(34,16,0,4,'2015-09-23 10:30:33',4,'2015-09-23 10:30:33'),(35,16,0,4,'2015-09-23 10:31:11',4,'2015-09-23 10:31:11'),(36,16,0,4,'2015-09-23 10:31:15',4,'2015-09-23 10:31:15'),(37,16,0,4,'2015-09-23 10:31:54',4,'2015-09-23 10:31:54'),(38,16,0,4,'2015-09-23 10:32:09',4,'2015-09-23 10:32:09'),(39,16,0,4,'2015-09-23 10:32:57',4,'2015-09-23 10:32:57'),(40,16,0,4,'2015-09-23 10:33:12',4,'2015-09-23 10:33:12'),(41,16,0,4,'2015-09-23 10:33:36',4,'2015-09-23 10:33:36'),(42,16,0,4,'2015-09-23 10:34:10',4,'2015-09-23 10:34:10'),(43,16,0,4,'2015-09-23 10:34:13',4,'2015-09-23 10:34:13'),(44,16,0,4,'2015-09-23 10:35:02',4,'2015-09-23 10:35:02'),(45,16,0,4,'2015-09-23 10:35:11',4,'2015-09-23 10:35:11'),(46,16,0,4,'2015-09-23 10:35:41',4,'2015-09-23 10:35:41'),(47,16,0,4,'2015-09-23 10:36:05',4,'2015-09-23 10:36:05'),(48,16,0,4,'2015-09-23 10:36:24',4,'2015-09-23 10:36:24'),(49,16,0,4,'2015-09-23 10:36:59',4,'2015-09-23 10:36:59'),(50,16,0,4,'2015-09-23 10:37:02',4,'2015-09-23 10:37:02'),(51,16,0,4,'2015-09-23 10:37:38',4,'2015-09-23 10:37:38'),(52,16,0,4,'2015-09-23 10:37:40',4,'2015-09-23 10:37:40'),(53,16,0,4,'2015-09-23 10:38:34',4,'2015-09-23 10:38:34'),(54,16,0,4,'2015-09-23 10:38:37',4,'2015-09-23 10:38:37'),(55,16,0,4,'2015-09-23 10:39:16',4,'2015-09-23 10:39:16'),(56,16,0,4,'2015-09-23 10:39:39',4,'2015-09-23 10:39:39'),(57,16,0,4,'2015-09-23 10:39:54',4,'2015-09-23 10:39:54'),(58,16,0,4,'2015-09-23 10:40:50',4,'2015-09-23 10:40:50'),(59,16,0,4,'2015-09-23 10:41:46',4,'2015-09-23 10:41:46'),(60,16,0,4,'2015-09-23 10:42:57',4,'2015-09-23 10:42:57'),(61,16,0,4,'2015-09-23 10:43:10',4,'2015-09-23 10:43:10'),(62,16,0,4,'2015-09-23 10:43:51',4,'2015-09-23 10:43:51'),(63,16,0,4,'2015-09-23 10:43:55',4,'2015-09-23 10:43:55'),(64,16,0,4,'2015-09-23 10:44:24',4,'2015-09-23 10:44:24'),(65,16,0,4,'2015-09-23 10:44:33',4,'2015-09-23 10:44:33'),(66,16,0,4,'2015-09-23 10:44:57',4,'2015-09-23 10:44:57'),(67,16,0,4,'2015-09-23 10:45:13',4,'2015-09-23 10:45:13'),(68,16,0,4,'2015-09-23 10:45:28',4,'2015-09-23 10:45:28'),(69,16,0,4,'2015-09-23 10:46:01',4,'2015-09-23 10:46:01'),(70,16,0,4,'2015-09-23 10:46:25',4,'2015-09-23 10:46:25'),(71,16,0,4,'2015-09-23 10:46:44',4,'2015-09-23 10:46:44'),(72,16,0,4,'2015-09-23 10:46:56',4,'2015-09-23 10:46:56'),(73,16,0,4,'2015-09-23 10:47:24',4,'2015-09-23 10:47:24'),(74,16,0,4,'2015-09-23 10:47:24',4,'2015-09-23 10:47:24'),(75,16,0,4,'2015-09-23 10:48:12',4,'2015-09-23 10:48:12'),(76,16,0,4,'2015-09-23 10:48:57',4,'2015-09-23 10:48:57'),(77,16,0,4,'2015-09-23 10:49:46',4,'2015-09-23 10:49:46'),(78,17,0,2,'2015-09-23 11:30:14',2,'2015-09-23 11:30:14'),(79,17,0,2,'2015-09-23 11:32:50',2,'2015-09-23 11:32:50'),(80,17,0,2,'2015-09-23 11:33:24',2,'2015-09-23 11:33:24'),(81,17,0,2,'2015-09-23 11:34:00',2,'2015-09-23 11:34:00'),(82,17,0,2,'2015-09-23 11:36:03',2,'2015-09-23 11:36:03'),(83,17,0,2,'2015-09-23 11:36:47',2,'2015-09-23 11:36:47'),(84,17,0,2,'2015-09-23 11:38:21',2,'2015-09-23 11:38:21'),(85,17,0,2,'2015-09-23 11:38:32',2,'2015-09-23 11:38:32'),(86,17,0,2,'2015-09-23 11:38:59',2,'2015-09-23 11:38:59'),(87,17,0,2,'2015-09-23 11:44:54',2,'2015-09-23 11:44:54'),(88,17,0,2,'2015-09-23 11:45:23',2,'2015-09-23 11:45:23'),(89,17,0,2,'2015-09-23 11:45:44',2,'2015-09-23 11:45:44'),(90,17,0,2,'2015-09-23 11:46:17',2,'2015-09-23 11:46:17'),(91,17,0,2,'2015-09-23 11:46:46',2,'2015-09-23 11:46:46'),(92,17,0,2,'2015-09-23 11:47:46',2,'2015-09-23 11:47:46'),(93,17,0,2,'2015-09-23 11:59:38',2,'2015-09-23 11:59:38'),(94,17,0,2,'2015-09-23 11:59:56',2,'2015-09-23 11:59:56'),(95,17,0,2,'2015-09-23 12:00:48',2,'2015-09-23 12:00:48'),(96,17,0,2,'2015-09-23 12:01:07',2,'2015-09-23 12:01:07'),(97,17,0,2,'2015-09-23 12:01:33',2,'2015-09-23 12:01:33'),(98,17,0,2,'2015-09-23 12:06:53',2,'2015-09-23 12:06:53'),(99,17,0,2,'2015-09-23 12:22:55',2,'2015-09-23 12:22:55'),(100,17,0,2,'2015-09-23 12:23:22',2,'2015-09-23 12:23:22'),(101,17,0,2,'2015-09-23 12:23:51',2,'2015-09-23 12:23:51'),(102,17,0,4,'2015-09-28 12:19:01',4,'2015-09-28 12:19:01'),(103,17,0,4,'2015-09-28 12:19:31',4,'2015-09-28 12:19:31'),(104,17,0,4,'2015-09-28 12:20:06',4,'2015-09-28 12:20:06'),(105,18,0,5,'2015-10-15 11:25:01',5,'2015-10-15 11:25:01'),(106,18,0,5,'2015-10-15 11:25:16',5,'2015-10-15 11:25:16'),(107,18,0,5,'2015-10-15 11:25:37',5,'2015-10-15 11:25:37'),(108,19,0,9,'2015-11-10 03:24:30',9,'2015-11-10 03:24:30'),(109,19,0,9,'2015-11-10 03:24:42',9,'2015-11-10 03:24:42'),(110,19,0,9,'2015-11-10 03:24:51',9,'2015-11-10 03:24:51'),(111,19,0,9,'2015-11-10 03:24:57',9,'2015-11-10 03:24:57'),(112,19,0,9,'2015-11-10 03:25:05',9,'2015-11-10 03:25:05'),(113,19,0,9,'2015-11-10 03:25:13',9,'2015-11-10 03:25:13'),(114,19,0,9,'2015-11-10 03:25:19',9,'2015-11-10 03:25:19'),(115,19,0,9,'2015-11-10 03:25:26',9,'2015-11-10 03:25:26'),(116,19,0,9,'2015-11-10 03:25:33',9,'2015-11-10 03:25:33'),(117,19,0,9,'2015-11-10 03:25:38',9,'2015-11-10 03:25:38'),(118,19,0,9,'2015-11-10 03:25:44',9,'2015-11-10 03:25:44'),(119,19,0,9,'2015-11-10 03:25:50',9,'2015-11-10 03:25:50'),(120,19,0,9,'2015-11-10 03:25:59',9,'2015-11-10 03:25:59'),(121,19,0,9,'2015-11-10 03:26:05',9,'2015-11-10 03:26:05'),(122,19,0,9,'2015-11-10 03:26:12',9,'2015-11-10 03:26:12'),(123,19,0,9,'2015-11-10 03:26:21',9,'2015-11-10 03:26:21'),(124,19,0,9,'2015-11-10 03:26:29',9,'2015-11-10 03:26:29'),(125,19,0,9,'2015-11-10 03:26:36',9,'2015-11-10 03:26:36'),(126,19,0,9,'2015-11-10 03:26:40',9,'2015-11-10 03:26:40'),(127,19,0,9,'2015-11-10 03:26:45',9,'2015-11-10 03:26:45'),(128,19,0,9,'2015-11-10 03:26:51',9,'2015-11-10 03:26:51'),(129,19,0,9,'2015-11-10 03:26:56',9,'2015-11-10 03:26:56'),(130,19,0,9,'2015-11-10 03:27:05',9,'2015-11-10 03:27:05'),(131,19,0,9,'2015-11-10 03:27:08',9,'2015-11-10 03:27:08'),(132,19,0,9,'2015-11-10 03:27:13',9,'2015-11-10 03:27:13'),(133,19,0,9,'2015-11-10 03:27:20',9,'2015-11-10 03:27:20'),(134,19,0,9,'2015-11-10 03:27:25',9,'2015-11-10 03:27:25'),(135,19,0,9,'2015-11-10 03:27:30',9,'2015-11-10 03:27:30'),(136,19,0,9,'2015-11-10 03:27:34',9,'2015-11-10 03:27:34'),(137,19,0,9,'2015-11-10 03:27:39',9,'2015-11-10 03:27:39'),(138,19,0,9,'2015-11-10 03:27:51',9,'2015-11-10 03:27:51'),(139,19,0,9,'2015-11-10 03:27:56',9,'2015-11-10 03:27:56'),(140,19,0,9,'2015-11-10 03:28:00',9,'2015-11-10 03:28:00'),(141,19,0,9,'2015-11-10 03:28:08',9,'2015-11-10 03:28:08'),(142,19,0,9,'2015-11-10 03:28:13',9,'2015-11-10 03:28:13'),(143,19,0,9,'2015-11-10 03:28:17',9,'2015-11-10 03:28:17'),(144,19,0,9,'2015-11-10 03:28:22',9,'2015-11-10 03:28:22'),(145,19,0,9,'2015-11-10 03:28:27',9,'2015-11-10 03:28:27'),(146,19,0,9,'2015-11-10 03:28:32',9,'2015-11-10 03:28:32'),(147,19,0,9,'2015-11-10 03:28:37',9,'2015-11-10 03:28:37'),(148,19,0,9,'2015-11-10 03:28:44',9,'2015-11-10 03:28:44'),(149,19,0,9,'2015-11-10 03:28:48',9,'2015-11-10 03:28:48'),(150,19,0,9,'2015-11-10 03:28:52',9,'2015-11-10 03:28:52'),(151,19,0,9,'2015-11-10 03:28:57',9,'2015-11-10 03:28:57'),(152,19,0,9,'2015-11-10 03:29:01',9,'2015-11-10 03:29:01'),(153,17,0,9,'2015-11-10 03:30:12',9,'2015-11-10 03:30:12'),(154,17,0,9,'2015-11-10 03:31:25',9,'2015-11-10 03:31:25'),(155,17,0,9,'2015-11-10 03:31:49',9,'2015-11-10 03:31:49'),(156,17,0,9,'2015-11-10 03:32:25',9,'2015-11-10 03:32:25'),(157,17,0,9,'2015-11-10 03:33:06',9,'2015-11-10 03:33:06'),(158,17,0,9,'2015-11-10 03:36:46',9,'2015-11-10 03:36:46'),(159,17,0,9,'2015-11-10 03:38:23',9,'2015-11-10 03:38:23'),(160,17,0,9,'2015-11-10 03:39:52',9,'2015-11-10 03:39:52'),(161,17,0,9,'2015-11-10 03:40:45',9,'2015-11-10 03:40:45'),(162,17,0,9,'2015-11-10 03:48:07',9,'2015-11-10 03:48:07'),(163,17,0,9,'2015-11-10 03:49:51',9,'2015-11-10 03:49:51'),(164,17,0,9,'2015-11-10 03:50:19',9,'2015-11-10 03:50:19'),(165,17,0,9,'2015-11-10 03:50:43',9,'2015-11-10 03:50:43'),(166,17,0,9,'2015-11-10 03:51:10',9,'2015-11-10 03:51:10'),(167,17,0,9,'2015-11-10 03:51:33',9,'2015-11-10 03:51:33'),(168,17,0,9,'2015-11-10 03:51:51',9,'2015-11-10 03:51:51'),(169,17,0,9,'2015-11-10 03:52:16',9,'2015-11-10 03:52:16'),(170,17,0,9,'2015-11-10 03:53:02',9,'2015-11-10 03:53:02'),(171,17,0,9,'2015-11-10 03:54:09',9,'2015-11-10 03:54:09'),(172,17,0,9,'2015-11-10 03:55:16',9,'2015-11-10 03:55:16'),(173,17,0,9,'2015-11-10 03:55:53',9,'2015-11-10 03:55:53'),(174,17,0,9,'2015-11-10 03:56:19',9,'2015-11-10 03:56:19'),(175,17,0,9,'2015-11-10 03:57:55',9,'2015-11-10 03:57:55'),(176,17,0,9,'2015-11-12 04:21:21',9,'2015-11-12 04:21:21'),(177,17,0,9,'2015-11-12 04:22:22',9,'2015-11-12 04:22:22'),(178,17,0,9,'2015-11-12 04:23:20',9,'2015-11-12 04:23:20'),(179,17,0,9,'2015-11-12 04:23:59',9,'2015-11-12 04:23:59'),(180,17,0,9,'2015-11-12 04:25:03',9,'2015-11-12 04:25:03'),(181,17,0,9,'2015-11-12 04:25:55',9,'2015-11-12 04:25:55'),(182,17,0,9,'2015-11-12 04:26:39',9,'2015-11-12 04:26:39'),(183,17,0,9,'2015-11-12 04:27:41',9,'2015-11-12 04:27:41'),(184,17,0,9,'2015-11-12 04:28:58',9,'2015-11-12 04:28:58'),(185,17,0,9,'2015-11-12 04:29:34',9,'2015-11-12 04:29:34'),(186,17,0,9,'2015-11-12 04:30:58',9,'2015-11-12 04:30:58'),(187,17,0,9,'2015-11-12 04:31:59',9,'2015-11-12 04:31:59'),(188,17,0,9,'2015-11-12 04:32:39',9,'2015-11-12 04:32:39'),(189,17,0,9,'2015-11-12 04:33:29',9,'2015-11-12 04:33:29'),(190,20,0,2,'2015-11-16 12:39:53',2,'2015-11-16 12:39:53'),(191,20,0,2,'2015-11-16 12:40:21',2,'2015-11-16 12:40:21'),(192,21,0,2,'2015-11-19 06:13:04',2,'2015-11-19 06:13:04'),(193,21,0,2,'2015-11-19 06:13:12',2,'2015-11-19 06:13:12'),(194,21,0,2,'2015-11-19 06:13:17',2,'2015-11-19 06:13:17'),(195,21,0,2,'2015-11-19 06:13:44',2,'2015-11-19 06:13:44');
/*!40000 ALTER TABLE `asset` ENABLE KEYS */;
UNLOCK TABLES;

--
-- Table structure for table `asset_data`
--

DROP TABLE IF EXISTS `asset_data`;
/*!40101 SET @saved_cs_client     = @@character_set_client */;
/*!40101 SET character_set_client = utf8 */;
CREATE TABLE `asset_data` (
  `id` int(11) NOT NULL AUTO_INCREMENT,
  `data` text,
  `assetTemplateColId` int(11) NOT NULL,
  `assetId` int(11) NOT NULL,
  PRIMARY KEY (`id`),
  KEY `assetTemplateColIdFk_idx` (`assetTemplateColId`),
  KEY `AssetData_Asset_FK_idx` (`assetId`),
  CONSTRAINT `AssetData_Asset_FK` FOREIGN KEY (`assetId`) REFERENCES `asset` (`id`) ON DELETE CASCADE ON UPDATE NO ACTION,
  CONSTRAINT `assetTemplateColIdFk` FOREIGN KEY (`assetTemplateColId`) REFERENCES `asset_template_column` (`id`) ON DELETE CASCADE ON UPDATE NO ACTION
) ENGINE=InnoDB AUTO_INCREMENT=726 DEFAULT CHARSET=latin1;
/*!40101 SET character_set_client = @saved_cs_client */;

--
-- Dumping data for table `asset_data`
--

LOCK TABLES `asset_data` WRITE;
/*!40000 ALTER TABLE `asset_data` DISABLE KEYS */;
INSERT INTO `asset_data` VALUES (1,'',3,1),(2,'2010-08-05',7,1),(3,'Timothy Morrison ',6,1),(4,'Ranjan Mitra',5,1),(5,'Handling after sales data processing',2,1),(6,'After sales',4,1),(7,'Automobile Managem System ',1,1),(8,'Michael Flanke',6,2),(9,'Middleware',4,2),(10,'2010-05-01',7,2),(11,'IA-AG-01',1,2),(12,'Vohn Gutenberg',5,2),(13,'Integration architecture system bus in Germany',2,2),(14,'',3,2),(15,'Bondial',1,3),(16,'Frank Ziedle',6,3),(17,'',3,3),(18,'',7,3),(19,'Automobile policy data warehouse',2,3),(20,'Warranty',4,3),(21,'Frank Ziedle',5,3),(22,'Gerhard Miller',6,4),(23,'',7,4),(24,'',3,4),(25,'Claims processing factory system',2,4),(26,'Warranty',4,4),(27,'Frankhoff Gief',5,4),(28,'FAGA2',1,4),(29,'T-Systems',5,5),(30,'',3,5),(31,'2010-08-01',7,5),(32,'PMD BLI',1,5),(33,'Automobile ordering system',2,5),(34,'Sales',4,5),(35,'Amanda Connors',6,5),(36,'Frank Ziedle',6,6),(37,'Factory',4,6),(38,'SpyderCat',1,6),(39,'T-Systems',5,6),(40,'',3,6),(41,'2010-01-20',7,6),(42,'Factory design system',2,6),(43,'Middleware',4,7),(44,'',3,7),(45,'UK-ESB-01',1,7),(46,'2013-07-07',7,7),(47,'Birlasoft',5,7),(48,'UK Middleware service bus',2,7),(49,'John Miekleham',6,7),(50,'2009-07-07',7,8),(51,'Common Business Partner',1,8),(52,'Phillis Tarry',6,8),(53,'Customer Relations',4,8),(54,'Customer data warehouse',2,8),(55,'',3,8),(56,'Birlasoft',5,8),(57,'T-Systems',5,9),(58,'Roadside Support',4,9),(59,'',3,9),(60,'On The Go',1,9),(61,'Johnathon R',6,9),(62,'Mobility support for customers',2,9),(63,'2015-02-20',7,9),(64,'',13,10),(65,'Realitime',14,10),(66,'CBP Synchronization',12,10),(67,'Automobile Information',12,11),(68,'Realtime',14,11),(69,'',13,11),(70,'Realtime',14,12),(71,'Automobile Owner Service',12,12),(72,'Provides ownership details based on VIN',13,12),(73,'Automobile Information Service UK',12,13),(74,'',13,13),(75,'Realtime',14,13),(76,'PUK32-FAGA2',12,14),(77,'Batch',14,14),(78,'',13,14),(79,'T-Systems',5,15),(80,'Middleware',4,15),(81,'2010-04-01',7,15),(82,'',2,15),(83,'SFTP Germany',1,15),(84,'',3,15),(85,'Gerhard Miller',6,15),(86,'',3,16),(87,'Birlasoft',5,16),(88,'2010-02-04',7,16),(89,'',2,16),(90,'James Brown',6,16),(91,'SFTP UK',1,16),(92,'Middleware',4,16),(93,'Another interface',23,17),(94,'something_493',24,17),(95,'CBP Sync for AMS',23,18),(96,'INTF_001',24,18),(97,'INTF_020',24,19),(98,'CBP Core Sys',23,19),(99,'UK GE Conn 01',23,20),(100,'UK GE Conn 01',24,20),(101,'VVS_INTF_01',24,21),(102,'BLI AMS Inbound',23,21),(103,'BLI AMS Inbound 2',23,22),(104,'VVS_INTF_02',24,22),(105,'bryner.balthasar@mycust.com',26,23),(106,'Vault hide sms',25,23),(107,'2012-01-04',28,23),(108,'Balthasar Bryner',27,23),(109,'APP_VA_SMS',29,23),(110,'2014-06-22',28,24),(111,'BÃ¤ni Buchli',27,24),(112,'APP_JO_RCH',29,24),(113,'Job search',25,24),(114,'buchli.bÃ¤ni@mycust.com',26,24),(115,'derrer.dorina@mycust.com',26,25),(116,'APP_FA_ORK',29,25),(117,'Facebook at work',25,25),(118,'2014-03-22',28,25),(119,'Dorina Derrer',27,25),(120,'Naukri.com',25,26),(121,'Bartholomeus Bueche',27,26),(122,'2014-03-14',28,26),(123,'APP_NA_COM',29,26),(124,'che.bartholomeus@mycust.com',26,26),(125,'Spini',25,27),(126,'APP_SP_INI',29,27),(127,'dettwiler.burki@mycust.com',26,27),(128,'Burki Dettwiler',27,27),(129,'2012-04-04',28,27),(130,'bullinger.barthlime@mycust.com',26,28),(131,'2014-02-28',28,28),(132,'Barthlime Bullinger',27,28),(133,'Indiamart',25,28),(134,'APP_IN_ART',29,28),(135,'Alibaba',25,29),(136,'deubel.falstaff@mycust.com',26,29),(137,'2015-06-07',28,29),(138,'Falstaff Deubel',27,29),(139,'APP_AL_ABA',29,29),(140,'buol.bartli@mycust.com',26,30),(141,'Office suite 8',25,30),(142,'APP_OF_E 8',29,30),(143,'Bartli Buol',27,30),(144,'2013-01-26',28,30),(145,'Lync 2013',25,31),(146,'FestusJoar Dietiker',27,31),(147,'dietiker.festusjoar@mycust.com',26,31),(148,'APP_LY_013',29,31),(149,'2012-02-16',28,31),(150,'Polaris office 8 ',25,32),(151,'burckhalter.basil@mycust.com',26,32),(152,'Basil Burckhalter',27,32),(153,'2012-02-26',28,32),(154,'APP_PO_ 8 ',29,32),(155,'disler.joachim@mycust.com',26,33),(156,'Joachim Disler',27,33),(157,'2015-02-27',28,33),(158,'File explorer',25,33),(159,'APP_FI_RER',29,33),(160,'WPS office',25,34),(161,'2013-07-27',28,34),(162,'Baschi Burgi',27,34),(163,'burgi.baschi@mycust.com',26,34),(164,'APP_WP_ICE',29,34),(165,'doerflinger.joder@mycust.com',26,35),(166,'2012-01-04',28,35),(167,'APP_CA_ARD',29,35),(168,'Joder Doerflinger',27,35),(169,'CamCard',25,35),(170,'burgin.basti@mycust.com',26,36),(171,'Software data center',25,36),(172,'APP_SO_TER',29,36),(173,'2013-10-15',28,36),(174,'Basti Burgin',27,36),(175,'burgy.batt@mycust.com',26,37),(176,'2013-08-15',28,37),(177,'Fast scanner pro',25,37),(178,'APP_FA_PRO',29,37),(179,'Batt Burgy',27,37),(180,'Jodocus Dreher',27,38),(181,'dreher.jodocus@mycust.com',26,38),(182,'2013-03-20',28,38),(183,'CamScanner',25,38),(184,'APP_CA_NER',29,38),(185,'Facebook Page',25,39),(186,'APP_FA_AGE',29,39),(187,'Beat Buri',27,39),(188,'2014-10-18',28,39),(189,'buri.beat@mycust.com',26,39),(190,'PDf Reader',25,40),(191,'droz.joggli@mycust.com',26,40),(192,'Joggli Droz',27,40),(193,'APP_PD_DER',29,40),(194,'2014-03-18',28,40),(195,'APP_MY_DER',29,41),(196,'Beda Burk',27,41),(197,'2013-10-23',28,41),(198,'My Resume builder',25,41),(199,'burk.beda@mycust.com',26,41),(200,'Johannes Durian',27,42),(201,'2013-08-02',28,42),(202,'Logo Maker',25,42),(203,'durian.johannes@mycust.com',26,42),(204,'APP_LO_KER',29,42),(205,'DankmarGalli Burkart',27,43),(206,'2012-07-06',28,43),(207,'burkart.dankmargalli@mycust.com',26,43),(208,'APP_AP_OCK',29,43),(209,'App Lock',25,43),(210,'2014-03-07',28,44),(211,'Automatic call recording',25,44),(212,'Gangolf Burkhalter',27,44),(213,'APP_AU_ING',29,44),(214,'burkhalter.gangolf@mycust.com',26,44),(215,'Johann Jakob Durig',27,45),(216,'APP_CA_KER',29,45),(217,'Call blocker',25,45),(218,'2014-01-20',28,45),(219,'durig.johann jakob@mycust.com',26,45),(220,'2014-05-06',28,46),(221,'burri.gaudenz@mycust.com',26,46),(222,'Gaudenz Burri',27,46),(223,'File commander',25,46),(224,'APP_FI_DER',29,46),(225,'True Caller',25,47),(226,'APP_TR_LER',29,47),(227,'Johann Ru Durrenberger',27,47),(228,'durrenberger.johann ru@mycust.com',26,47),(229,'2014-03-19',28,47),(230,'LinkedIn SlideShare',25,48),(231,'2014-05-29',28,48),(232,'Gayus Burry',27,48),(233,'APP_LI_ARE',29,48),(234,'burry.gayus@mycust.com',26,48),(235,'durtschi.fintan@mycust.com',26,49),(236,'APP_TR_LER',29,49),(237,'True Dialer',25,49),(238,'2014-01-03',28,49),(239,'Fintan Durtschi',27,49),(240,'buser.benedict@mycust.com',26,50),(241,'APP_TA_NDY',29,50),(242,'Talktime Candy',25,50),(243,'Benedict Buser',27,50),(244,'2013-11-15',28,50),(245,'2012-06-22',28,51),(246,'Shine Job Search',25,51),(247,'Bodwin Buss',27,51),(248,'buss.bodwin@mycust.com',26,51),(249,'APP_SH_RCH',29,51),(250,'dury.fortunatus@mycust.com',26,52),(251,'2013-02-03',28,52),(252,'APP_FR_CER',29,52),(253,'Fortunatus Dury',27,52),(254,'Free Lancer',25,52),(255,'Franz Eberle',27,53),(256,'2014-09-09',28,53),(257,'Air Watch Agent',25,53),(258,'eberle.franz@mycust.com',26,53),(259,'APP_AI_ENT',29,53),(260,'APP_MA_CKS',29,54),(261,'Bonaventur Bussinger',27,54),(262,'Magic Bricks',25,54),(263,'bussinger.bonaventur@mycust.com',26,54),(264,'2013-01-04',28,54),(265,'APP_AP_EME',29,55),(266,'bussmann.brandolf@mycust.com',26,55),(267,'2013-03-29',28,55),(268,'Brandolf Bussmann',27,55),(269,'AppLock Theme',25,55),(270,'APP_AD_RUS',29,56),(271,'eberlein.fridli@mycust.com',26,56),(272,'Fridli Eberlein',27,56),(273,'Ad clean and Anti-virus',25,56),(274,'2012-05-19',28,56),(275,'APP_LI_RCH',29,57),(276,'Bruno Caflisch',27,57),(277,'LinkedIn Job Search',25,57),(278,'2014-07-12',28,57),(279,'caflisch.bruno@mycust.com',26,57),(280,'APP_SD_ER ',29,58),(281,'Friedrich Eberly',27,58),(282,'2012-01-25',28,58),(283,'SD Card Recover ',25,58),(284,'eberly.friedrich@mycust.com',26,58),(285,'APP_TA_ILE',29,59),(286,'Tally2 Mobile',25,59),(287,'ebersold.damion@mycust.com',26,59),(288,'Damion Ebersold',27,59),(289,'2014-01-27',28,59),(290,'Daniel Ebey',27,60),(291,'ES Task Manager',25,60),(292,'2014-07-03',28,60),(293,'ebey.daniel@mycust.com',26,60),(294,'APP_ES_GER',29,60),(295,'2014-11-12',28,61),(296,'camenzind.brutus@mycust.com',26,61),(297,'Brutus Camenzind',27,61),(298,'APP_VO_ESA',29,61),(299,'Vodafone m-pesa',25,61),(300,'eblin.gebhard@mycust.com',26,62),(301,'2012-01-12',28,62),(302,'OYO Owner',25,62),(303,'Gebhard Eblin',27,62),(304,'APP_OY_NER',29,62),(305,'Burkhardt Carle',27,63),(306,'APP_OF_ORD',29,63),(307,'Officesuite oxford',25,63),(308,'carle.burkhardt@mycust.com',26,63),(309,'2014-11-17',28,63),(310,'APP_FL_LER',29,64),(311,'Flipkart seller',25,64),(312,'carli.daphne@mycust.com',26,64),(313,'2014-12-12',28,64),(314,'Daphne Carli',27,64),(315,'Georg Effinger',27,65),(316,'Box',25,65),(317,'APP_BO_BOX',29,65),(318,'effinger.georg@mycust.com',26,65),(319,'2015-03-22',28,65),(320,'Google my business',25,66),(321,'Innocentia Caspari',27,66),(322,'2014-12-20',28,66),(323,'APP_GO_ESS',29,66),(324,'caspari.innocentia@mycust.com',26,66),(325,'Germann Eggen',27,67),(326,'eggen.germann@mycust.com',26,67),(327,'DropBox',25,67),(328,'APP_DR_BOX',29,67),(329,'2014-11-07',28,67),(330,'danuser.iphigenia@mycust.com',26,68),(331,'Iphigenia Danuser',27,68),(332,'2012-08-06',28,68),(333,'Basic docx reader',25,68),(334,'APP_BA_DER',29,68),(335,'eggenberger.gilgian@mycust.com',26,69),(336,'Google Drive',25,69),(337,'Gilgian Eggenberger',27,69),(338,'APP_GO_IVE',29,69),(339,'2012-08-06',28,69),(340,'Iren Degen',27,70),(341,'2014-01-12',28,70),(342,'degen.iren@mycust.com',26,70),(343,'Hider pictures and video',25,70),(344,'APP_HI_DEO',29,70),(345,'MSales',25,71),(346,'Darius Egle',27,71),(347,'APP_MS_LES',29,71),(348,'egle.darius@mycust.com',26,71),(349,'2012-09-01',28,71),(350,'Desideria Deiss',27,72),(351,'APP_SN_LER',29,72),(352,'Snapdeal seller',25,72),(353,'2014-04-01',28,72),(354,'deiss.desideria@mycust.com',26,72),(355,'Quick PDF Scan',25,73),(356,'Donatina Denzler',27,73),(357,'2014-12-28',28,73),(358,'denzler.donatina@mycust.com',26,73),(359,'APP_QU_CAN',29,73),(360,'APP_SL_ACK',29,74),(361,'Slack',25,74),(362,'David Egli',27,74),(363,'egli.david@mycust.com',26,74),(364,'2014-01-08',28,74),(365,'AirWatch Inbox',25,75),(366,'2014-09-22',28,75),(367,'APP_AI_BOX',29,75),(368,'eglin.dedeon@mycust.com',26,75),(369,'Dedeon Eglin',27,75),(370,'egloff.desiderius@mycust.com',26,76),(371,'Maruti Care',25,76),(372,'Desiderius Egloff',27,76),(373,'APP_MA_ARE',29,76),(374,'2012-11-22',28,76),(375,'egly.dewess@mycust.com',26,77),(376,'2013-05-09',28,77),(377,'Vestige',25,77),(378,'APP_VE_IGE',29,77),(379,'Dewess Egly',27,77),(380,'',31,78),(381,'Job Naukri live link',30,78),(382,'Naukri data exchange',32,78),(383,'',31,79),(384,'Alibaba data import',30,79),(385,'Importing data from alibaba',32,79),(386,'FB@Work connector Naukri',30,80),(387,'',32,80),(388,'',31,80),(389,'PDF Conversion',32,81),(390,'',31,81),(391,'PDF Conversion',30,81),(392,'',32,82),(393,'WPS Linkup',30,82),(394,'',31,82),(395,'',32,83),(396,'',31,83),(397,'Office API 8',30,83),(398,'',31,84),(399,'',32,84),(400,'PDF Push',30,84),(401,'',32,85),(402,'PDF Push',30,85),(403,'',31,85),(404,'TRUE VAlidation',30,86),(405,'',31,86),(406,'',32,86),(407,'',32,87),(408,'Alibaba quick link',30,87),(409,'',31,87),(410,'File exp link',30,88),(411,'',31,88),(412,'',32,88),(413,'Resume building',30,89),(414,'',32,89),(415,'',31,89),(416,'',32,90),(417,'',31,90),(418,'Data lync 02',30,90),(419,'',32,91),(420,'Outbound Office Lync',30,91),(421,'',31,91),(422,'Google Link office',30,92),(423,'',32,92),(424,'',31,92),(425,'',32,93),(426,'',31,93),(427,'PDF Push',30,93),(428,'Lync Online',30,94),(429,'',32,94),(430,'',31,94),(431,'Box Sync Google',30,95),(432,'',32,95),(433,'',31,95),(434,'',31,96),(435,'Box - DropBox Sync',30,96),(436,'',32,96),(437,'',31,97),(438,'',32,97),(439,'Box - DropBox Sync 2 ',30,97),(440,'True Linc',30,98),(441,'',32,98),(442,'',31,98),(443,'',31,99),(444,'',32,99),(445,'Naukri Lookup',30,99),(446,'',32,100),(447,'Shine Lookup',30,100),(448,'',31,100),(449,'File Lookup',30,101),(450,'',31,101),(451,'',32,101),(452,'',32,102),(453,'REST Out SPINI Live',30,102),(454,'',31,102),(455,'Vault Batch In',30,103),(456,'',32,103),(457,'',31,103),(458,'',31,104),(459,'',32,104),(460,'Alibaba Openings Live',30,104),(461,'Sample Name',34,105),(462,'1983-12-22',35,105),(463,'Sample CRM',33,105),(464,'1984-12-22',35,106),(465,'Sample Name 2',34,106),(466,'Sample ERP',33,106),(467,'1987-12-14',35,107),(468,'Sample Name 3',34,107),(469,'Sample Peoplesoft System',33,107),(470,'PRD',38,108),(471,'',37,108),(472,'APP-VA-SMS.PRD.DEMO',36,108),(473,'APP-JO-RCH.PRD.DEMO',36,109),(474,'PRD',38,109),(475,'',37,109),(476,'',37,110),(477,'PRD',38,110),(478,'APP-NA-COM.PRD.DEMO',36,110),(479,'APP-IN-ART.PRD.DEMO',36,111),(480,'PRD',38,111),(481,'',37,111),(482,'',37,112),(483,'APP-OF-E 8.PRD.DEMO',36,112),(484,'PRD',38,112),(485,'APP-PO- 8 .PRD.DEMO',36,113),(486,'',37,113),(487,'PRD',38,113),(488,'PRD',38,114),(489,'APP-WP-ICE.PRD.DEMO',36,114),(490,'',37,114),(491,'',37,115),(492,'PRD',38,115),(493,'APP-SO-TER.PRD.DEMO',36,115),(494,'PRD',38,116),(495,'',37,116),(496,'APP-FA-PRO.PRD.DEMO',36,116),(497,'PRD',38,117),(498,'',37,117),(499,'APP-FA-AGE.PRD.DEMO',36,117),(500,'',37,118),(501,'PRD',38,118),(502,'APP-MY-DER.PRD.DEMO',36,118),(503,'PRD',38,119),(504,'APP-AP-OCK.PRD.DEMO',36,119),(505,'',37,119),(506,'APP-AU-ING.PRD.DEMO',36,120),(507,'',37,120),(508,'PRD',38,120),(509,'PRD',38,121),(510,'',37,121),(511,'APP-FI-DER.PRD.DEMO',36,121),(512,'',37,122),(513,'PRD',38,122),(514,'APP-LI-ARE.PRD.DEMO',36,122),(515,'APP-LI-ARE.QA.DEMO',36,123),(516,'',37,123),(517,'QA',38,123),(518,'',37,124),(519,'QA',38,124),(520,'APP-FI-DER.QA.DEMO',36,124),(521,'APP-AU-ING.QA.DEMO',36,125),(522,'',37,125),(523,'QA',38,125),(524,'APP-AP-OCK.QA.DEMO',36,126),(525,'QA',38,126),(526,'',37,126),(527,'APP-MY-DER.QA.DEMO',36,127),(528,'',37,127),(529,'QA',38,127),(530,'APP-FA-AGE.QA.DEMO',36,128),(531,'',37,128),(532,'QA',38,128),(533,'APP-FA-PRO.QA.DEMO',36,129),(534,'',37,129),(535,'QA',38,129),(536,'',37,130),(537,'APP-SO-TER.QA.DEMO',36,130),(538,'QA',38,130),(539,'',37,131),(540,'QA',38,131),(541,'APP-WP-ICE.QA.DEMO',36,131),(542,'APP-PO- 8 .QA.DEMO',36,132),(543,'',37,132),(544,'QA',38,132),(545,'QA',38,133),(546,'',37,133),(547,'APP-OF-E 8.QA.DEMO',36,133),(548,'QA',38,134),(549,'',37,134),(550,'APP-IN-ART.QA.DEMO',36,134),(551,'',37,135),(552,'QA',38,135),(553,'APP-NA-COM.QA.DEMO',36,135),(554,'APP-JO-RCH.QA.DEMO',36,136),(555,'',37,136),(556,'QA',38,136),(557,'QA',38,137),(558,'APP-VA-SMS.QA.DEMO',36,137),(559,'',37,137),(560,'',37,138),(561,'APP-VA-SMS.DEV.DEMO',36,138),(562,'DEV',38,138),(563,'',37,139),(564,'APP-JO-RCH.DEV.DEMO',36,139),(565,'DEV',38,139),(566,'APP-NA-COM.DEV.DEMO',36,140),(567,'DEV',38,140),(568,'',37,140),(569,'APP-IN-ART.DEV.DEMO',36,141),(570,'DEV',38,141),(571,'',37,141),(572,'',37,142),(573,'DEV',38,142),(574,'APP-OF-E 8.DEV.DEMO',36,142),(575,'APP-PO- 8 .DEV.DEMO',36,143),(576,'',37,143),(577,'DEV',38,143),(578,'DEV',38,144),(579,'',37,144),(580,'APP-WP-ICE.DEV.DEMO',36,144),(581,'DEV',38,145),(582,'',37,145),(583,'APP-SO-TER.DEV.DEMO',36,145),(584,'DEV',38,146),(585,'APP-FA-PRO.DEV.DEMO',36,146),(586,'',37,146),(587,'APP-FA-AGE.DEV.DEMO',36,147),(588,'DEV',38,147),(589,'',37,147),(590,'APP-MY-DER.DEV.DEMO',36,148),(591,'',37,148),(592,'DEV',38,148),(593,'',37,149),(594,'APP-AP-OCK.DEV.DEMO',36,149),(595,'DEV',38,149),(596,'APP-AU-ING.DEV.DEMO',36,150),(597,'DEV',38,150),(598,'',37,150),(599,'DEV',38,151),(600,'APP-FI-DER.DEV.DEMO',36,151),(601,'',37,151),(602,'DEV',38,152),(603,'APP-LI-ARE.DEV.DEMO',36,152),(604,'',37,152),(605,'PRD Server',30,153),(606,'',31,153),(607,'',32,153),(608,'PRD Server',30,154),(609,'',32,154),(610,'',31,154),(611,'PRD Server',30,155),(612,'',31,155),(613,'',32,155),(614,'PRD Server',30,156),(615,'',32,156),(616,'',31,156),(617,'',32,157),(618,'',31,157),(619,'PRD Server',30,157),(620,'QA Server',30,158),(621,'',31,158),(622,'',32,158),(623,'Server',30,159),(624,'',31,159),(625,'QA',32,159),(626,'Server QA',30,160),(627,'',32,160),(628,'',31,160),(629,'',31,161),(630,'Dev',32,161),(631,'Server',30,161),(632,'',31,162),(633,'',32,162),(634,'PRD Link ',30,162),(635,'PRD Server',30,163),(636,'',32,163),(637,'',31,163),(638,'PRD Server',30,164),(639,'',31,164),(640,'',32,164),(641,'PRD Server',30,165),(642,'',32,165),(643,'',31,165),(644,'PRD Server',30,166),(645,'',31,166),(646,'',32,166),(647,'PRD Server',30,167),(648,'',32,167),(649,'',31,167),(650,'PRD Server',30,168),(651,'',31,168),(652,'',32,168),(653,'PRD Server',30,169),(654,'',32,169),(655,'',31,169),(656,'',32,170),(657,'',31,170),(658,'PRD Server',30,170),(659,'',32,171),(660,'QA Server',30,171),(661,'',31,171),(662,'',31,172),(663,'',32,172),(664,'Dev',30,172),(665,'',32,173),(666,'',31,173),(667,'QA Server',30,173),(668,'Dev',30,174),(669,'',31,174),(670,'',32,174),(671,'',32,175),(672,'QA Server',30,175),(673,'',31,175),(674,'',31,176),(675,'QA Server',30,176),(676,'',32,176),(677,'',31,177),(678,'',32,177),(679,'Dev',30,177),(680,'QA Server',30,178),(681,'',32,178),(682,'',31,178),(683,'',31,179),(684,'Dev',30,179),(685,'',32,179),(686,'',31,180),(687,'QA Server',30,180),(688,'',32,180),(689,'',31,181),(690,'Dev',30,181),(691,'',32,181),(692,'',32,182),(693,'QA Server',30,182),(694,'',31,182),(695,'Dev',30,183),(696,'',31,183),(697,'',32,183),(698,'QA Server',30,184),(699,'',31,184),(700,'',32,184),(701,'',31,185),(702,'',32,185),(703,'Dev',30,185),(704,'',31,186),(705,'QA Server',30,186),(706,'',32,186),(707,'Dev',30,187),(708,'',31,187),(709,'',32,187),(710,'',32,188),(711,'QA Server',30,188),(712,'',31,188),(713,'Dev',30,189),(714,'',31,189),(715,'',32,189),(716,'Test App',39,190),(717,'2015-12-10',41,190),(718,'12',40,190),(719,'2015-11-11',41,191),(720,'50',40,191),(721,'Test col 3',39,191),(722,'2',42,192),(723,'34',42,193),(724,'24',42,194),(725,'67',42,195);
/*!40000 ALTER TABLE `asset_data` ENABLE KEYS */;
UNLOCK TABLES;

--
-- Table structure for table `asset_template`
--

DROP TABLE IF EXISTS `asset_template`;
/*!40101 SET @saved_cs_client     = @@character_set_client */;
/*!40101 SET character_set_client = utf8 */;
CREATE TABLE `asset_template` (
  `id` int(11) NOT NULL AUTO_INCREMENT,
  `assetTemplateName` varchar(45) NOT NULL,
  `assetTypeId` int(11) NOT NULL,
  `deleteStatus` tinyint(1) NOT NULL DEFAULT '0',
  `description` text,
  `workspaceId` int(11) NOT NULL,
  `createdBy` int(11) NOT NULL,
  `createdDate` timestamp NOT NULL DEFAULT CURRENT_TIMESTAMP ON UPDATE CURRENT_TIMESTAMP,
  `updatedBy` int(11) NOT NULL,
  `updatedDate` timestamp NOT NULL DEFAULT CURRENT_TIMESTAMP ON UPDATE CURRENT_TIMESTAMP,
  PRIMARY KEY (`id`),
  UNIQUE KEY `assetTemplateName_createdBy_UNIQUE` (`assetTemplateName`,`createdBy`,`assetTypeId`),
  UNIQUE KEY `UK_a35ol4p1y14cnqk9j9yqcoj13` (`assetTemplateName`,`createdBy`,`assetTypeId`),
  KEY `id_idx` (`assetTypeId`),
  KEY `updatedByFk2_idx` (`updatedBy`),
  KEY `createdBy_UNIQUE` (`createdBy`),
  KEY `FK_ASSETTEMPLATE_WORKSPACEID_idx` (`workspaceId`),
  CONSTRAINT `FK_ASSETTEMPLATE_WORKSPACEID` FOREIGN KEY (`workspaceId`) REFERENCES `workspace` (`id`) ON DELETE CASCADE ON UPDATE NO ACTION,
  CONSTRAINT `assetTypeIdFk` FOREIGN KEY (`assetTypeId`) REFERENCES `asset_type` (`id`) ON DELETE CASCADE ON UPDATE NO ACTION,
  CONSTRAINT `createdByFk2` FOREIGN KEY (`createdBy`) REFERENCES `user` (`id`) ON DELETE CASCADE ON UPDATE NO ACTION,
  CONSTRAINT `updatedByFk2` FOREIGN KEY (`updatedBy`) REFERENCES `user` (`id`) ON DELETE CASCADE ON UPDATE NO ACTION
) ENGINE=InnoDB AUTO_INCREMENT=23 DEFAULT CHARSET=latin1;
/*!40101 SET character_set_client = @saved_cs_client */;

--
-- Dumping data for table `asset_template`
--

LOCK TABLES `asset_template` WRITE;
/*!40000 ALTER TABLE `asset_template` DISABLE KEYS */;
INSERT INTO `asset_template` VALUES (1,'Application Inventory',1,0,'Inventory template for application portfolio',1,2,'2015-08-13 10:52:32',2,'2015-08-13 10:52:32'),(2,'Server Inventory',2,0,'',1,2,'2015-08-13 17:49:12',2,'2015-08-13 17:49:12'),(3,'Integration Services Repository',5,0,'',1,2,'2015-08-13 18:26:36',2,'2015-08-13 18:26:36'),(4,'Demo for DK',6,0,'',1,2,'2015-08-14 04:12:52',2,'2015-08-14 04:12:52'),(5,'template test',1,0,'et',1,2,'2015-08-26 11:46:33',2,'2015-08-26 11:46:33'),(6,'sdaffsdf',4,0,'sdfdffdf',1,2,'2015-08-26 11:47:04',2,'2015-08-26 11:47:04'),(7,'dcfsddsf',1,0,'dffdfgfdfg',1,2,'2015-08-26 11:53:46',2,'2015-08-26 11:53:46'),(8,'template 21',5,0,'test',1,2,'2015-08-26 12:07:57',2,'2015-08-26 12:07:57'),(9,'template test',5,0,'',1,2,'2015-08-26 12:09:27',2,'2015-08-26 12:09:27'),(10,'Test template in WS 123',1,0,'here we go!',4,2,'2015-08-30 09:31:41',2,'2015-08-30 09:31:41'),(11,'One template 123',1,0,'',4,2,'2015-08-30 09:32:25',2,'2015-08-30 09:32:25'),(12,'template in ws 123',2,0,'',4,2,'2015-08-30 09:33:43',2,'2015-08-30 09:33:43'),(13,'Template for application',1,0,'',1,2,'2015-08-31 11:16:05',2,'2015-08-31 11:16:05'),(14,'GG\'s template',3,0,'',4,2,'2015-08-31 11:50:03',2,'2015-08-31 11:50:03'),(15,'Customer Interface Repository',7,0,'',1,2,'2015-09-22 06:12:23',2,'2015-09-22 06:12:23'),(16,'Application Inventory for Customer',1,0,'',5,4,'2015-09-23 09:01:22',4,'2015-09-23 09:01:22'),(17,'Interface Inventory for Customer',7,0,'',5,4,'2015-09-23 09:04:43',4,'2015-09-23 09:04:43'),(18,'Sample Template',1,0,'Sample Template',6,5,'2015-10-15 11:11:25',5,'2015-10-15 11:11:25'),(19,'I - Server Inventory',2,0,'Infrastructure inventory / server inventory',5,9,'2015-11-10 03:13:41',9,'2015-11-10 03:13:41'),(20,'Test Template',1,0,'Test Template Desc',5,2,'2015-11-16 12:37:31',2,'2015-11-16 12:37:31'),(21,'Demo Template',1,0,'',1,2,'2015-11-19 06:11:48',2,'2015-11-19 06:11:48'),(22,'template test2134',1,0,'',5,2,'2015-11-20 05:02:23',2,'2015-11-20 05:02:23');
/*!40000 ALTER TABLE `asset_template` ENABLE KEYS */;
UNLOCK TABLES;

--
-- Table structure for table `asset_template_column`
--

DROP TABLE IF EXISTS `asset_template_column`;
/*!40101 SET @saved_cs_client     = @@character_set_client */;
/*!40101 SET character_set_client = utf8 */;
CREATE TABLE `asset_template_column` (
  `id` int(11) NOT NULL AUTO_INCREMENT,
  `assetTemplateColName` varchar(45) NOT NULL,
  `dataType` varchar(45) NOT NULL,
  `length` int(11) NOT NULL,
  `assetTemplateId` int(11) NOT NULL,
  `deleteStatus` tinyint(1) NOT NULL DEFAULT '0',
  `mandatory` tinyint(1) NOT NULL DEFAULT '0',
  `sequenceNumber` int(11) NOT NULL,
  `createdBy` int(11) NOT NULL,
  `createdDate` timestamp NOT NULL DEFAULT CURRENT_TIMESTAMP ON UPDATE CURRENT_TIMESTAMP,
  `updatedBy` int(11) NOT NULL,
  `updatedDate` timestamp NOT NULL DEFAULT CURRENT_TIMESTAMP,
  PRIMARY KEY (`id`),
  UNIQUE KEY `assetTemplateColName_assetTemplateId_UNIQUE` (`assetTemplateColName`,`assetTemplateId`),
  UNIQUE KEY `UK_i7n89jntp5xq390elbs233689` (`assetTemplateColName`,`assetTemplateId`),
  KEY `createdByFk3_idx` (`createdBy`),
  KEY `updatedByFk3_idx` (`updatedBy`),
  KEY `assettemplateIdFk_idx` (`assetTemplateId`),
  CONSTRAINT `assetTemplateIdFk` FOREIGN KEY (`assetTemplateId`) REFERENCES `asset_template` (`id`) ON DELETE CASCADE ON UPDATE NO ACTION,
  CONSTRAINT `createdByFk3` FOREIGN KEY (`createdBy`) REFERENCES `user` (`id`) ON DELETE CASCADE ON UPDATE NO ACTION,
  CONSTRAINT `updatedByFk3` FOREIGN KEY (`updatedBy`) REFERENCES `user` (`id`) ON DELETE CASCADE ON UPDATE NO ACTION
) ENGINE=InnoDB AUTO_INCREMENT=43 DEFAULT CHARSET=latin1;
/*!40101 SET character_set_client = @saved_cs_client */;

--
-- Dumping data for table `asset_template_column`
--

LOCK TABLES `asset_template_column` WRITE;
/*!40000 ALTER TABLE `asset_template_column` DISABLE KEYS */;
INSERT INTO `asset_template_column` VALUES (1,'Application Name','TEXT',25,1,0,1,1,2,'2015-08-13 10:52:48',2,'2015-08-13 10:52:48'),(2,'Description','TEXT',50,1,0,0,2,2,'2015-08-13 10:53:06',2,'2015-08-13 10:53:06'),(3,'Category 1','TEXT',25,1,0,0,3,2,'2015-08-13 10:53:19',2,'2015-08-13 10:53:56'),(4,'Service Area / Function / Department','TEXT',25,1,0,1,4,2,'2015-08-13 10:53:51',2,'2015-08-13 10:53:51'),(5,'Application Lead','TEXT',50,1,0,1,5,2,'2015-08-13 10:54:15',2,'2015-08-13 10:54:15'),(6,'IT Manager','TEXT',50,1,0,1,6,2,'2015-08-13 10:55:12',2,'2015-08-13 10:55:12'),(7,'Date of Commissioning','DATE',1,1,0,0,7,2,'2015-08-13 10:55:34',2,'2015-08-13 10:55:34'),(8,'Server Name','TEXT',50,2,0,1,1,2,'2015-08-13 17:49:38',2,'2015-08-13 17:49:38'),(9,'FQDN','TEXT',50,2,0,1,2,2,'2015-08-13 17:49:58',2,'2015-08-13 17:49:58'),(10,'Operating System','TEXT',100,2,0,1,3,2,'2015-08-13 17:50:47',2,'2015-08-13 17:50:47'),(11,'Purpose','TEXT',200,2,0,0,4,2,'2015-08-13 17:51:12',2,'2015-08-13 17:51:12'),(12,'Service Name','TEXT',50,3,0,1,1,2,'2015-08-13 18:27:03',2,'2015-08-13 18:27:03'),(13,'Service Description','TEXT',100,3,0,0,2,2,'2015-08-13 18:27:37',2,'2015-08-13 18:27:37'),(14,'Realtime / Batch','TEXT',10,3,0,1,3,2,'2015-08-13 18:28:13',2,'2015-08-13 18:28:13'),(15,'Server Type','TEXT',15,2,0,1,5,2,'2015-08-13 18:29:25',2,'2015-08-13 18:29:25'),(16,'Service name','TEXT',50,4,0,1,1,2,'2015-08-14 04:13:06',2,'2015-08-14 04:13:06'),(17,'column 1','TEXT',50,10,0,1,1,2,'2015-08-30 09:39:16',2,'2015-08-30 09:39:16'),(18,'column 2','TEXT',25,10,0,0,2,2,'2015-08-30 09:39:31',2,'2015-08-30 09:39:31'),(19,'c1','TEXT',4,6,0,1,1,2,'2015-08-30 09:42:34',2,'2015-08-30 09:42:34'),(20,'x2','NUMBER',33,6,0,1,2,2,'2015-08-30 09:42:44',2,'2015-08-30 09:42:44'),(21,'db name','TEXT',25,14,0,1,1,2,'2015-08-31 11:50:17',2,'2015-08-31 11:50:17'),(22,'db platform','TEXT',25,14,0,0,2,2,'2015-08-31 11:50:28',2,'2015-08-31 11:50:28'),(23,'Interface Name','TEXT',50,15,0,1,1,2,'2015-09-22 06:14:14',2,'2015-09-22 06:14:14'),(24,'Interface ID','TEXT',30,15,0,0,2,2,'2015-09-22 06:14:28',2,'2015-09-22 06:14:28'),(25,'Application Name','TEXT',50,16,0,1,1,4,'2015-09-23 09:01:35',4,'2015-09-23 09:01:35'),(26,'Application SPoC email ID','TEXT',50,16,0,0,2,4,'2015-09-23 09:02:01',4,'2015-09-23 09:03:49'),(27,'Application Owner','TEXT',50,16,0,0,3,4,'2015-09-23 09:02:20',4,'2015-09-23 09:03:51'),(28,'Date of Commission','DATE',0,16,0,0,4,4,'2015-09-23 09:02:29',4,'2015-09-23 09:02:29'),(29,'Application ID','TEXT',40,16,0,1,5,4,'2015-09-23 09:03:37',4,'2015-09-23 09:03:37'),(30,'Interface Name','TEXT',50,17,0,1,1,4,'2015-09-23 09:04:55',4,'2015-09-23 09:04:55'),(31,'Interface ID','TEXT',0,17,0,0,2,4,'2015-09-23 09:05:05',4,'2015-09-23 09:05:05'),(32,'Interface Description','TEXT',200,17,0,0,3,4,'2015-09-23 09:05:18',4,'2015-09-23 09:05:18'),(33,'Application Name','TEXT',100,18,0,1,1,5,'2015-10-15 11:24:07',5,'2015-10-15 11:24:07'),(34,'Application Owner Name','TEXT',100,18,0,1,2,5,'2015-10-15 11:24:09',5,'2015-10-15 11:24:09'),(35,'Application Commision Date','DATE',0,18,0,1,3,5,'2015-10-15 11:24:10',5,'2015-10-15 11:24:10'),(36,'Server FQDN','TEXT',60,19,0,1,1,9,'2015-11-10 03:14:11',9,'2015-11-10 03:15:58'),(37,'Description','TEXT',500,19,0,0,2,9,'2015-11-10 03:16:29',9,'2015-11-10 03:16:29'),(38,'Environment','TEXT',10,19,0,1,3,9,'2015-11-10 03:17:03',9,'2015-11-10 03:17:03'),(39,'temp col 1','TEXT',50,20,0,1,1,2,'2015-11-16 12:38:16',2,'2015-11-16 12:38:40'),(40,'col 2','NUMBER',10,20,0,1,2,2,'2015-11-16 12:38:32',2,'2015-11-16 12:38:47'),(41,'temp col 3','DATE',0,20,0,1,3,2,'2015-11-16 12:38:57',2,'2015-11-19 05:53:02'),(42,'demo1','NUMBER',2,21,0,1,1,2,'2015-11-19 06:12:03',2,'2015-11-19 06:12:39');
/*!40000 ALTER TABLE `asset_template_column` ENABLE KEYS */;
UNLOCK TABLES;

--
-- Table structure for table `asset_type`
--

DROP TABLE IF EXISTS `asset_type`;
/*!40101 SET @saved_cs_client     = @@character_set_client */;
/*!40101 SET character_set_client = utf8 */;
CREATE TABLE `asset_type` (
  `id` int(11) NOT NULL AUTO_INCREMENT,
  `assetTypeName` varchar(45) NOT NULL,
  `deleteStatus` tinyint(1) NOT NULL DEFAULT '0',
  `createdBy` int(11) NOT NULL,
  `createdDate` timestamp NOT NULL DEFAULT CURRENT_TIMESTAMP ON UPDATE CURRENT_TIMESTAMP,
  `updatedBy` int(11) NOT NULL,
  `updatedDate` timestamp NOT NULL DEFAULT CURRENT_TIMESTAMP,
  PRIMARY KEY (`id`),
  UNIQUE KEY `assetTypeName_UNIQUE` (`assetTypeName`),
  UNIQUE KEY `UK_q1gprhj5b79ufwicjvkvef4fw` (`assetTypeName`),
  KEY `createdByFk1_idx` (`createdBy`),
  KEY `updatedByFk1_idx` (`updatedBy`),
  CONSTRAINT `createdByFk1` FOREIGN KEY (`createdBy`) REFERENCES `user` (`id`) ON DELETE CASCADE ON UPDATE NO ACTION,
  CONSTRAINT `updatedByFk1` FOREIGN KEY (`updatedBy`) REFERENCES `user` (`id`) ON DELETE NO ACTION ON UPDATE NO ACTION
) ENGINE=InnoDB AUTO_INCREMENT=8 DEFAULT CHARSET=latin1;
/*!40101 SET character_set_client = @saved_cs_client */;

--
-- Dumping data for table `asset_type`
--

LOCK TABLES `asset_type` WRITE;
/*!40000 ALTER TABLE `asset_type` DISABLE KEYS */;
INSERT INTO `asset_type` VALUES (1,'Application',0,1,'2015-08-13 10:51:31',1,'2015-08-13 10:51:31'),(2,'Server',0,1,'2015-08-13 10:51:31',1,'2015-08-13 10:51:31'),(3,'Database',0,1,'2015-08-13 10:51:31',1,'2015-08-13 10:51:31'),(4,'Person',0,1,'2015-08-13 10:51:31',1,'2015-08-13 10:51:31'),(5,'Business Services',0,1,'2015-08-13 10:51:31',1,'2015-08-13 10:51:31'),(6,'IT Services',0,1,'2015-08-13 10:51:31',1,'2015-08-13 10:51:31'),(7,'Interfaces',0,1,'2015-08-13 10:51:31',1,'2015-08-13 10:51:31');
/*!40000 ALTER TABLE `asset_type` ENABLE KEYS */;
UNLOCK TABLES;

--
-- Table structure for table `bcm`
--

DROP TABLE IF EXISTS `bcm`;
/*!40101 SET @saved_cs_client     = @@character_set_client */;
/*!40101 SET character_set_client = utf8 */;
CREATE TABLE `bcm` (
  `id` int(11) NOT NULL AUTO_INCREMENT,
  `bcmId` int(11) DEFAULT NULL,
  `bcmName` varchar(255) NOT NULL,
  `workspaceId` int(11) DEFAULT NULL,
  `createdBy` int(11) NOT NULL,
  `createdDate` timestamp NOT NULL DEFAULT CURRENT_TIMESTAMP,
  `updatedBy` int(11) NOT NULL,
  `updatedDate` timestamp NOT NULL DEFAULT CURRENT_TIMESTAMP,
  PRIMARY KEY (`id`),
  KEY `bcm_workspaceId_idx` (`workspaceId`),
  KEY `bcm_createdBy_idx` (`createdBy`),
  KEY `bcm_updatedBy_idx` (`updatedBy`),
  KEY `bcm_bcmId_idx` (`bcmId`),
  CONSTRAINT `bcm_bcmId` FOREIGN KEY (`bcmId`) REFERENCES `bcm` (`id`) ON DELETE NO ACTION ON UPDATE NO ACTION,
  CONSTRAINT `bcm_createdBy` FOREIGN KEY (`createdBy`) REFERENCES `user` (`id`) ON DELETE NO ACTION ON UPDATE NO ACTION,
  CONSTRAINT `bcm_updatedBy` FOREIGN KEY (`updatedBy`) REFERENCES `user` (`id`) ON DELETE NO ACTION ON UPDATE NO ACTION,
  CONSTRAINT `bcm_workspaceId` FOREIGN KEY (`workspaceId`) REFERENCES `workspace` (`id`) ON DELETE NO ACTION ON UPDATE NO ACTION
) ENGINE=InnoDB AUTO_INCREMENT=9 DEFAULT CHARSET=latin1;
/*!40101 SET character_set_client = @saved_cs_client */;

--
-- Dumping data for table `bcm`
--

LOCK TABLES `bcm` WRITE;
/*!40000 ALTER TABLE `bcm` DISABLE KEYS */;
INSERT INTO `bcm` VALUES (1,NULL,'Test BCM',NULL,2,'2015-11-16 10:38:32',2,'2015-11-16 10:38:32'),(2,1,'Test BCM',5,2,'2015-11-16 10:38:47',2,'2015-11-16 10:38:47'),(3,1,'Test BCM',5,2,'2015-11-16 10:38:47',2,'2015-11-16 10:38:47'),(4,NULL,'Test BCM 1',NULL,2,'2015-11-16 13:20:34',2,'2015-11-16 13:20:34'),(5,NULL,'Hello BCM Template 6',NULL,2,'2015-11-16 13:20:50',2,'2015-11-16 13:20:50'),(6,5,'Hello BCM Template 6',5,2,'2015-11-16 13:20:56',2,'2015-11-16 13:20:56'),(7,4,'Test BCM 1',5,2,'2015-11-16 13:21:00',2,'2015-11-16 13:21:00'),(8,1,'Test BCM',5,2,'2015-11-17 05:08:41',2,'2015-11-17 05:08:41');
/*!40000 ALTER TABLE `bcm` ENABLE KEYS */;
UNLOCK TABLES;

--
-- Table structure for table `bcm_level`
--

DROP TABLE IF EXISTS `bcm_level`;
/*!40101 SET @saved_cs_client     = @@character_set_client */;
/*!40101 SET character_set_client = utf8 */;
CREATE TABLE `bcm_level` (
  `id` int(11) NOT NULL AUTO_INCREMENT,
  `parentBcmLevelId` int(11) DEFAULT NULL,
  `bcmId` int(11) NOT NULL,
  `levelNumber` int(2) NOT NULL,
  `sequenceNumber` int(11) NOT NULL,
  `bcmLevelName` varchar(60) NOT NULL,
  `category` varchar(30) DEFAULT NULL,
  `createdBy` int(11) NOT NULL,
  `createdDate` timestamp NOT NULL DEFAULT CURRENT_TIMESTAMP,
  `updatedBy` int(11) NOT NULL,
  `updatedDate` timestamp NOT NULL DEFAULT CURRENT_TIMESTAMP,
  PRIMARY KEY (`id`),
  KEY `bcm_level_parentBcmLevelId_fk_idx` (`parentBcmLevelId`),
  KEY `bcm_level_bcmId_fk_idx` (`bcmId`),
  KEY `bcm_level_createdBy_fk_idx` (`createdBy`),
  KEY `bcm_level_updatedBy_fk_idx` (`updatedBy`),
  CONSTRAINT `bcm_level_bcmId_fk` FOREIGN KEY (`bcmId`) REFERENCES `bcm` (`id`) ON DELETE NO ACTION ON UPDATE NO ACTION,
  CONSTRAINT `bcm_level_createdBy_fk` FOREIGN KEY (`createdBy`) REFERENCES `user` (`id`) ON DELETE NO ACTION ON UPDATE NO ACTION,
  CONSTRAINT `bcm_level_parentBcmLevelId_fk` FOREIGN KEY (`parentBcmLevelId`) REFERENCES `bcm_level` (`id`) ON DELETE NO ACTION ON UPDATE NO ACTION,
  CONSTRAINT `bcm_level_updatedBy_fk` FOREIGN KEY (`updatedBy`) REFERENCES `user` (`id`) ON DELETE NO ACTION ON UPDATE NO ACTION
) ENGINE=InnoDB AUTO_INCREMENT=15 DEFAULT CHARSET=latin1;
/*!40101 SET character_set_client = @saved_cs_client */;

--
-- Dumping data for table `bcm_level`
--

LOCK TABLES `bcm_level` WRITE;
/*!40000 ALTER TABLE `bcm_level` DISABLE KEYS */;
INSERT INTO `bcm_level` VALUES (1,NULL,2,0,0,'L012345','',2,'2015-11-17 09:05:07',2,'2015-11-17 09:34:48'),(2,1,2,1,0,'L1','Category for L1',2,'2015-11-17 09:07:41',2,'2015-11-17 09:07:41'),(4,1,2,1,0,'Hello Level 211','test 1 category',2,'2015-11-17 09:14:33',2,'2015-11-17 09:35:28'),(5,NULL,2,0,0,'L00',NULL,2,'2015-11-17 09:15:04',2,'2015-11-17 09:15:04'),(6,NULL,2,0,0,'L000',NULL,2,'2015-11-17 09:16:40',2,'2015-11-17 09:16:40'),(7,1,2,1,0,'retr545','fgghg',2,'2015-11-17 09:27:22',2,'2015-11-17 09:27:22'),(8,2,2,1,0,'R3453','dfdfdf',2,'2015-11-17 09:27:38',2,'2015-11-17 09:27:38'),(10,NULL,2,0,0,'L0000',NULL,2,'2015-11-17 09:35:49',2,'2015-11-17 09:35:49'),(12,NULL,2,0,0,'fsrgdfgdfg',NULL,2,'2015-11-17 10:03:43',2,'2015-11-17 10:03:43'),(13,2,2,1,0,'sdfdsfsd','fsdffdfd',2,'2015-11-17 10:04:01',2,'2015-11-17 10:04:01'),(14,7,2,1,0,'3434','3434',2,'2015-11-17 10:04:18',2,'2015-11-17 10:04:33');
/*!40000 ALTER TABLE `bcm_level` ENABLE KEYS */;
UNLOCK TABLES;

--
-- Table structure for table `category`
--

DROP TABLE IF EXISTS `category`;
/*!40101 SET @saved_cs_client     = @@character_set_client */;
/*!40101 SET character_set_client = utf8 */;
CREATE TABLE `category` (
  `id` int(11) NOT NULL AUTO_INCREMENT,
  `name` varchar(45) NOT NULL,
  `description` text,
  `createdBy` int(11) NOT NULL,
  `createdDate` timestamp NOT NULL DEFAULT CURRENT_TIMESTAMP ON UPDATE CURRENT_TIMESTAMP,
  `updatedBy` int(11) NOT NULL,
  `updatedDate` timestamp NOT NULL DEFAULT CURRENT_TIMESTAMP ON UPDATE CURRENT_TIMESTAMP,
  PRIMARY KEY (`id`),
  UNIQUE KEY `name_UNIQUE` (`name`),
  KEY `category_createdBy_fk_idx` (`createdBy`),
  KEY `category_updatedBy_fk_idx` (`updatedBy`),
  CONSTRAINT `category_createdBy_fk` FOREIGN KEY (`createdBy`) REFERENCES `user` (`id`) ON DELETE NO ACTION ON UPDATE NO ACTION,
  CONSTRAINT `category_updatedBy_fk` FOREIGN KEY (`updatedBy`) REFERENCES `user` (`id`) ON DELETE NO ACTION ON UPDATE NO ACTION
) ENGINE=InnoDB AUTO_INCREMENT=11 DEFAULT CHARSET=latin1;
/*!40101 SET character_set_client = @saved_cs_client */;

--
-- Dumping data for table `category`
--

LOCK TABLES `category` WRITE;
/*!40000 ALTER TABLE `category` DISABLE KEYS */;
INSERT INTO `category` VALUES (5,'Functional Assessment',NULL,1,'2015-08-13 10:36:33',1,'2015-08-13 10:36:33'),(6,'Application Evolution',NULL,1,'2015-08-13 10:36:33',1,'2015-08-13 10:36:33'),(7,'Technology Assessment',NULL,1,'2015-08-13 10:36:33',1,'2015-08-13 10:36:33'),(8,'Application Management',NULL,1,'2015-08-13 10:36:33',1,'2015-08-13 10:36:33'),(9,'Interface Assessment',NULL,1,'2015-09-23 08:35:23',1,'2015-09-23 08:35:23'),(10,'Server Assessment',NULL,1,'2015-11-12 04:58:07',1,'2015-11-12 04:58:07');
/*!40000 ALTER TABLE `category` ENABLE KEYS */;
UNLOCK TABLES;

--
-- Table structure for table `dashboard`
--

DROP TABLE IF EXISTS `dashboard`;
/*!40101 SET @saved_cs_client     = @@character_set_client */;
/*!40101 SET character_set_client = utf8 */;
CREATE TABLE `dashboard` (
  `id` int(11) NOT NULL AUTO_INCREMENT,
  `dashboardName` varchar(45) NOT NULL,
  `workspaceId` int(11) DEFAULT NULL,
  PRIMARY KEY (`id`),
  KEY `FK_DASHBOARD_WORKSPACE_idx` (`workspaceId`),
  CONSTRAINT `FK_DASHBOARD_WORKSPACE` FOREIGN KEY (`workspaceId`) REFERENCES `workspace` (`id`) ON DELETE NO ACTION ON UPDATE NO ACTION
) ENGINE=InnoDB AUTO_INCREMENT=10 DEFAULT CHARSET=latin1;
/*!40101 SET character_set_client = @saved_cs_client */;

--
-- Dumping data for table `dashboard`
--

LOCK TABLES `dashboard` WRITE;
/*!40000 ALTER TABLE `dashboard` DISABLE KEYS */;
INSERT INTO `dashboard` VALUES (1,'Trial Dashboards',1),(3,'another one',1),(4,'Demos',1),(5,'Demo for Aditya',1),(6,'Value Discovery GEOs',5),(7,'Value Discovery Business and Apps',5),(8,'Value Discovery TCO',5),(9,'Server Inventory View',5);
/*!40000 ALTER TABLE `dashboard` ENABLE KEYS */;
UNLOCK TABLES;

--
-- Table structure for table `graph`
--

DROP TABLE IF EXISTS `graph`;
/*!40101 SET @saved_cs_client     = @@character_set_client */;
/*!40101 SET character_set_client = utf8 */;
CREATE TABLE `graph` (
  `id` int(11) NOT NULL AUTO_INCREMENT,
  `graphName` varchar(45) NOT NULL,
  `description` text,
  `workspaceId` int(11) NOT NULL,
  `graphType` varchar(45) NOT NULL,
  `deleteStatus` tinyint(1) NOT NULL DEFAULT '0',
  `createdBy` int(11) NOT NULL,
  `createdDate` timestamp NOT NULL DEFAULT CURRENT_TIMESTAMP ON UPDATE CURRENT_TIMESTAMP,
  `updatedBy` int(11) NOT NULL,
  `updatedDate` timestamp NOT NULL DEFAULT CURRENT_TIMESTAMP ON UPDATE CURRENT_TIMESTAMP,
  PRIMARY KEY (`id`),
  UNIQUE KEY `UK_GRAPHNAME_WORKSPACE` (`graphName`,`workspaceId`,`graphType`),
  KEY `Graph_Workspace_FK_idx` (`workspaceId`),
  KEY `Graph_User_FK_idx` (`createdBy`),
  KEY `Graph_Updated_By_FK_idx` (`updatedBy`),
  CONSTRAINT `Graph_Created_By_FK` FOREIGN KEY (`createdBy`) REFERENCES `user` (`id`) ON DELETE CASCADE ON UPDATE NO ACTION,
  CONSTRAINT `Graph_Updated_By_FK` FOREIGN KEY (`updatedBy`) REFERENCES `user` (`id`) ON DELETE CASCADE ON UPDATE NO ACTION,
  CONSTRAINT `Graph_Workspace_FK` FOREIGN KEY (`workspaceId`) REFERENCES `workspace` (`id`) ON DELETE CASCADE ON UPDATE NO ACTION
) ENGINE=InnoDB AUTO_INCREMENT=35 DEFAULT CHARSET=latin1;
/*!40101 SET character_set_client = @saved_cs_client */;

--
-- Dumping data for table `graph`
--

LOCK TABLES `graph` WRITE;
/*!40000 ALTER TABLE `graph` DISABLE KEYS */;
INSERT INTO `graph` VALUES (29,'Application Network view','Relation of the applications in the portfolio',1,'NW',0,2,'2015-08-13 18:13:49',2,'2015-08-13 18:46:32'),(30,'Demo Graph of Assets 2','',1,'NW',0,2,'2015-09-21 06:51:59',2,'2015-09-21 06:52:10'),(31,'Application Dependency Diagram demo 1','',5,'NW',0,2,'2015-09-23 10:47:36',2,'2015-09-23 10:47:36'),(32,'Application Infra DD 01','',5,'NW',0,9,'2015-11-10 03:30:38',9,'2015-11-10 03:30:38'),(33,'Test Graph','Test Graph Desc',5,'NW',0,2,'2015-11-16 12:47:25',2,'2015-11-16 12:47:59'),(34,'Graph Demo','',1,'NW',0,2,'2015-11-19 06:14:28',2,'2015-11-19 06:14:36');
/*!40000 ALTER TABLE `graph` ENABLE KEYS */;
UNLOCK TABLES;

--
-- Table structure for table `graph_asset_template`
--

DROP TABLE IF EXISTS `graph_asset_template`;
/*!40101 SET @saved_cs_client     = @@character_set_client */;
/*!40101 SET character_set_client = utf8 */;
CREATE TABLE `graph_asset_template` (
  `id` int(11) NOT NULL AUTO_INCREMENT,
  `graphId` int(11) NOT NULL,
  `assetTemplateId` int(11) NOT NULL,
  PRIMARY KEY (`id`),
  UNIQUE KEY `UK_GRAPHID_ASSETTEMPLATEID` (`graphId`,`assetTemplateId`),
  KEY `FK_GRAPHID_GRAPHID_idx` (`graphId`),
  KEY `FK_ASSETTEMPLATEID_ASSETTEMPLATEID_idx` (`assetTemplateId`),
  CONSTRAINT `FK_ASSETTEMPLATEID_ASSETTEMPLATEID` FOREIGN KEY (`assetTemplateId`) REFERENCES `asset_template` (`id`) ON DELETE NO ACTION ON UPDATE NO ACTION,
  CONSTRAINT `FK_GRAPHID_GRAPHID` FOREIGN KEY (`graphId`) REFERENCES `graph` (`id`) ON DELETE NO ACTION ON UPDATE NO ACTION
) ENGINE=InnoDB AUTO_INCREMENT=24 DEFAULT CHARSET=latin1;
/*!40101 SET character_set_client = @saved_cs_client */;

--
-- Dumping data for table `graph_asset_template`
--

LOCK TABLES `graph_asset_template` WRITE;
/*!40000 ALTER TABLE `graph_asset_template` DISABLE KEYS */;
INSERT INTO `graph_asset_template` VALUES (1,29,1),(2,29,2),(3,29,3),(4,29,15),(5,31,16),(8,32,16),(6,32,17),(7,32,19),(14,33,16),(12,33,17),(13,33,19),(15,33,20),(20,34,1),(21,34,5),(22,34,13),(23,34,21);
/*!40000 ALTER TABLE `graph_asset_template` ENABLE KEYS */;
UNLOCK TABLES;

--
-- Table structure for table `interface`
--

DROP TABLE IF EXISTS `interface`;
/*!40101 SET @saved_cs_client     = @@character_set_client */;
/*!40101 SET character_set_client = utf8 */;
CREATE TABLE `interface` (
  `id` int(11) NOT NULL AUTO_INCREMENT,
  `interfaceAssetId` int(11) NOT NULL,
  `assetSourceId` int(11) NOT NULL,
  `assetDestId` int(11) NOT NULL,
  `interfaceDirection` varchar(45) NOT NULL,
  `createdBy` int(11) NOT NULL,
  `createdDate` timestamp NOT NULL DEFAULT CURRENT_TIMESTAMP ON UPDATE CURRENT_TIMESTAMP,
  `updatedBy` int(11) NOT NULL,
  `updatedDate` timestamp NOT NULL DEFAULT CURRENT_TIMESTAMP ON UPDATE CURRENT_TIMESTAMP,
  PRIMARY KEY (`id`),
  UNIQUE KEY `UK_INTERFACE_SRC_DEST` (`interfaceAssetId`,`assetSourceId`,`assetDestId`),
  KEY `Interface_Asset_FK_idx` (`assetSourceId`),
  KEY `Interface_Asset_Dest_FK_idx` (`assetDestId`),
  KEY `Interface_Created_By_FK_idx` (`createdBy`),
  KEY `Interface_Updated_By_FK_idx` (`updatedBy`),
  KEY `FK_INTERFACEASSETID_ASSETID_idx` (`interfaceAssetId`),
  CONSTRAINT `FK_INTERFACEASSETID_ASSETID` FOREIGN KEY (`interfaceAssetId`) REFERENCES `asset` (`id`) ON DELETE NO ACTION ON UPDATE NO ACTION,
  CONSTRAINT `Interface_Asset_Dest_FK` FOREIGN KEY (`assetDestId`) REFERENCES `asset` (`id`) ON DELETE CASCADE ON UPDATE NO ACTION,
  CONSTRAINT `Interface_Asset_Source_FK` FOREIGN KEY (`assetSourceId`) REFERENCES `asset` (`id`) ON DELETE CASCADE ON UPDATE NO ACTION,
  CONSTRAINT `Interface_Created_By_FK` FOREIGN KEY (`createdBy`) REFERENCES `user` (`id`) ON DELETE CASCADE ON UPDATE NO ACTION,
  CONSTRAINT `Interface_Updated_By_FK` FOREIGN KEY (`updatedBy`) REFERENCES `user` (`id`) ON DELETE CASCADE ON UPDATE NO ACTION
) ENGINE=InnoDB AUTO_INCREMENT=97 DEFAULT CHARSET=latin1;
/*!40101 SET character_set_client = @saved_cs_client */;

--
-- Dumping data for table `interface`
--

LOCK TABLES `interface` WRITE;
/*!40000 ALTER TABLE `interface` DISABLE KEYS */;
INSERT INTO `interface` VALUES (28,17,2,8,'UNI',2,'2015-09-22 07:53:00',2,'2015-09-22 07:53:00'),(29,18,1,10,'BIDI',2,'2015-09-22 09:26:55',2,'2015-09-22 09:26:55'),(30,19,8,10,'UNI',2,'2015-09-22 09:27:36',2,'2015-09-22 09:27:36'),(31,20,7,2,'UNI',2,'2015-09-22 09:30:09',2,'2015-09-22 09:30:09'),(32,21,5,1,'UNI',2,'2015-09-23 05:17:58',2,'2015-09-23 05:17:58'),(33,22,5,1,'UNI',2,'2015-09-23 05:18:31',2,'2015-09-23 05:18:31'),(34,78,24,26,'BIDI',2,'2015-09-23 11:30:14',2,'2015-09-23 11:30:14'),(35,79,28,29,'UNI',2,'2015-09-23 11:32:50',2,'2015-09-23 11:32:50'),(36,80,26,25,'UNI',2,'2015-09-23 11:33:24',2,'2015-09-23 11:33:24'),(37,81,40,30,'UNI',2,'2015-09-23 11:34:00',2,'2015-09-23 11:34:00'),(38,82,34,32,'UNI',2,'2015-09-23 11:36:03',2,'2015-09-23 11:36:03'),(39,83,30,68,'UNI',2,'2015-09-23 11:36:47',2,'2015-09-23 11:36:47'),(40,84,37,40,'UNI',2,'2015-09-23 11:38:21',2,'2015-09-23 11:38:21'),(41,85,38,40,'UNI',2,'2015-09-23 11:38:32',2,'2015-09-23 11:38:32'),(42,86,44,47,'BIDI',2,'2015-09-23 11:38:59',2,'2015-09-23 11:38:59'),(43,87,29,30,'UNI',2,'2015-09-23 11:44:54',2,'2015-09-23 11:44:54'),(44,88,33,36,'UNI',2,'2015-09-23 11:45:23',2,'2015-09-23 11:45:23'),(45,89,41,32,'BIDI',2,'2015-09-23 11:45:44',2,'2015-09-23 11:45:44'),(46,90,32,29,'UNI',2,'2015-09-23 11:46:18',2,'2015-09-23 11:46:18'),(47,91,29,32,'UNI',2,'2015-09-23 11:46:47',2,'2015-09-23 11:46:47'),(48,92,30,66,'UNI',2,'2015-09-23 11:47:47',2,'2015-09-23 11:47:47'),(49,93,52,40,'UNI',2,'2015-09-23 11:59:39',2,'2015-09-23 11:59:39'),(50,94,91,31,'UNI',2,'2015-09-23 11:59:56',2,'2015-09-23 11:59:56'),(51,95,65,66,'UNI',2,'2015-09-23 12:00:48',2,'2015-09-23 12:00:48'),(52,96,65,67,'UNI',2,'2015-09-23 12:01:07',2,'2015-09-23 12:01:07'),(53,97,65,67,'UNI',2,'2015-09-23 12:01:33',2,'2015-09-23 12:01:33'),(54,98,23,49,'UNI',2,'2015-09-23 12:06:53',2,'2015-09-23 12:06:53'),(55,99,57,26,'UNI',2,'2015-09-23 12:22:55',2,'2015-09-23 12:22:55'),(56,100,57,51,'BIDI',2,'2015-09-23 12:23:22',2,'2015-09-23 12:23:22'),(57,101,58,33,'UNI',2,'2015-09-23 12:23:52',2,'2015-09-23 12:23:52'),(58,102,26,27,'UNI',4,'2015-09-28 12:19:02',4,'2015-09-28 12:19:02'),(59,103,23,26,'UNI',4,'2015-09-28 12:19:32',4,'2015-09-28 12:19:32'),(60,104,29,26,'UNI',4,'2015-09-28 12:20:06',4,'2015-09-28 12:20:06'),(61,153,23,108,'BIDI',9,'2015-11-10 03:30:12',9,'2015-11-10 03:30:12'),(62,154,24,109,'BIDI',9,'2015-11-10 03:31:25',9,'2015-11-10 03:31:25'),(63,155,26,110,'BIDI',9,'2015-11-10 03:31:49',9,'2015-11-10 03:31:49'),(64,156,28,111,'BIDI',9,'2015-11-10 03:32:25',9,'2015-11-10 03:32:25'),(65,157,28,111,'BIDI',9,'2015-11-10 03:33:06',9,'2015-11-10 03:33:06'),(66,158,23,137,'BIDI',9,'2015-11-10 03:36:46',9,'2015-11-10 03:36:46'),(67,159,23,138,'BIDI',9,'2015-11-10 03:38:23',9,'2015-11-10 03:38:23'),(68,160,24,136,'BIDI',9,'2015-11-10 03:39:52',9,'2015-11-10 03:39:52'),(69,161,24,139,'BIDI',9,'2015-11-10 03:40:45',9,'2015-11-10 03:40:45'),(70,162,110,108,'BIDI',9,'2015-11-10 03:48:08',9,'2015-11-10 03:48:08'),(71,163,30,112,'BIDI',9,'2015-11-10 03:49:52',9,'2015-11-10 03:49:52'),(72,164,32,113,'BIDI',9,'2015-11-10 03:50:19',9,'2015-11-10 03:50:19'),(73,165,34,114,'BIDI',9,'2015-11-10 03:50:43',9,'2015-11-10 03:50:43'),(74,166,36,115,'BIDI',9,'2015-11-10 03:51:10',9,'2015-11-10 03:51:10'),(75,167,37,116,'BIDI',9,'2015-11-10 03:51:34',9,'2015-11-10 03:51:34'),(76,168,39,117,'BIDI',9,'2015-11-10 03:51:51',9,'2015-11-10 03:51:51'),(77,170,41,118,'BIDI',9,'2015-11-10 03:53:02',9,'2015-11-10 03:53:02'),(78,171,41,127,'BIDI',9,'2015-11-10 03:54:09',9,'2015-11-10 03:54:09'),(79,172,41,148,'BIDI',9,'2015-11-10 03:55:16',9,'2015-11-10 03:55:16'),(80,173,39,128,'BIDI',9,'2015-11-10 03:55:53',9,'2015-11-10 03:55:53'),(81,174,39,147,'BIDI',9,'2015-11-10 03:56:19',9,'2015-11-10 03:56:19'),(82,175,39,128,'BIDI',9,'2015-11-10 03:57:56',9,'2015-11-10 03:57:56'),(83,176,26,135,'BIDI',9,'2015-11-12 04:21:22',9,'2015-11-12 04:21:22'),(84,177,26,140,'BIDI',9,'2015-11-12 04:22:22',9,'2015-11-12 04:22:22'),(85,178,28,134,'BIDI',9,'2015-11-12 04:23:20',9,'2015-11-12 04:23:20'),(86,179,28,141,'BIDI',9,'2015-11-12 04:24:00',9,'2015-11-12 04:24:00'),(87,180,30,133,'BIDI',9,'2015-11-12 04:25:03',9,'2015-11-12 04:25:03'),(88,181,30,142,'BIDI',9,'2015-11-12 04:25:55',9,'2015-11-12 04:25:55'),(89,182,32,132,'BIDI',9,'2015-11-12 04:26:40',9,'2015-11-12 04:26:40'),(90,183,32,143,'BIDI',9,'2015-11-12 04:27:42',9,'2015-11-12 04:27:42'),(91,184,34,131,'BIDI',9,'2015-11-12 04:28:58',9,'2015-11-12 04:28:58'),(92,185,32,143,'BIDI',9,'2015-11-12 04:29:34',9,'2015-11-12 04:29:34'),(93,186,36,130,'BIDI',9,'2015-11-12 04:30:58',9,'2015-11-12 04:30:58'),(94,187,36,145,'BIDI',9,'2015-11-12 04:32:00',9,'2015-11-12 04:32:00'),(95,188,37,129,'BIDI',9,'2015-11-12 04:32:39',9,'2015-11-12 04:32:39'),(96,189,37,146,'BIDI',9,'2015-11-12 04:33:29',9,'2015-11-12 04:33:29');
/*!40000 ALTER TABLE `interface` ENABLE KEYS */;
UNLOCK TABLES;

--
-- Table structure for table `parameter`
--

DROP TABLE IF EXISTS `parameter`;
/*!40101 SET @saved_cs_client     = @@character_set_client */;
/*!40101 SET character_set_client = utf8 */;
CREATE TABLE `parameter` (
  `id` int(11) NOT NULL AUTO_INCREMENT,
  `name` varchar(45) NOT NULL,
  `description` text,
  `type` varchar(4) NOT NULL,
  `workspaceId` int(11) DEFAULT NULL,
  `questionnaireId` int(11) DEFAULT NULL,
  `templateFlag` tinyint(4) NOT NULL DEFAULT '0',
  `parentTemplateId` int(11) DEFAULT NULL,
  `createdBy` int(11) NOT NULL,
  `createdDate` timestamp NOT NULL DEFAULT CURRENT_TIMESTAMP ON UPDATE CURRENT_TIMESTAMP,
  `updatedBy` int(11) NOT NULL,
  `updatedDate` timestamp NOT NULL DEFAULT CURRENT_TIMESTAMP ON UPDATE CURRENT_TIMESTAMP,
  PRIMARY KEY (`id`),
  UNIQUE KEY `name_UNIQUE` (`name`,`questionnaireId`),
  KEY `parameter_workspaceId_fk_idx` (`workspaceId`),
  KEY `parameter_parentTemplateId_fk_idx` (`parentTemplateId`),
  KEY `parameter_createdBy_fk_idx` (`createdBy`),
  KEY `parameter_updatedBy_fk_idx` (`updatedBy`),
  KEY `parameter_questionnairId_fk_idx` (`questionnaireId`),
  CONSTRAINT `parameter_createdBy_fk` FOREIGN KEY (`createdBy`) REFERENCES `user` (`id`) ON DELETE NO ACTION ON UPDATE NO ACTION,
  CONSTRAINT `parameter_parentTemplateId_fk` FOREIGN KEY (`parentTemplateId`) REFERENCES `parameter` (`id`) ON DELETE NO ACTION ON UPDATE NO ACTION,
  CONSTRAINT `parameter_questionnairId_fk` FOREIGN KEY (`questionnaireId`) REFERENCES `questionnaire` (`id`) ON DELETE NO ACTION ON UPDATE NO ACTION,
  CONSTRAINT `parameter_updatedBy_fk` FOREIGN KEY (`updatedBy`) REFERENCES `user` (`id`) ON DELETE NO ACTION ON UPDATE NO ACTION,
  CONSTRAINT `parameter_workspaceId_fk` FOREIGN KEY (`workspaceId`) REFERENCES `workspace` (`id`) ON DELETE NO ACTION ON UPDATE NO ACTION
) ENGINE=InnoDB AUTO_INCREMENT=107 DEFAULT CHARSET=latin1;
/*!40101 SET character_set_client = @saved_cs_client */;

--
-- Dumping data for table `parameter`
--

LOCK TABLES `parameter` WRITE;
/*!40000 ALTER TABLE `parameter` DISABLE KEYS */;
INSERT INTO `parameter` VALUES (80,'Functional Quotient','','LP',1,23,0,NULL,2,'2015-08-14 03:39:19',2,'2015-08-14 03:39:19'),(81,'Technical Quotient','','LP',1,23,0,NULL,2,'2015-08-14 03:39:32',2,'2015-08-14 03:39:32'),(82,'Management Quotient','','LP',1,23,0,NULL,2,'2015-08-14 03:39:54',2,'2015-08-14 03:39:54'),(83,'FQ 1','','AP',1,24,0,NULL,2,'2015-08-14 04:20:22',2,'2015-08-14 04:20:22'),(84,'TQ1','','AP',1,24,0,NULL,2,'2015-08-14 04:20:29',2,'2015-08-14 04:20:29'),(85,'FQ1.1','','LP',1,24,0,NULL,2,'2015-08-14 04:21:03',2,'2015-08-14 04:21:03'),(86,'P1','','LP',1,25,0,NULL,2,'2015-08-20 11:30:09',2,'2015-08-20 11:30:09'),(87,'Fq 1','','LP',1,27,0,NULL,2,'2015-08-31 11:24:19',2,'2015-08-31 11:24:19'),(88,'FQ2','','LP',1,27,0,NULL,2,'2015-08-31 11:24:24',2,'2015-08-31 11:24:24'),(89,'cp 1','','LP',1,24,0,NULL,2,'2015-09-01 05:40:50',2,'2015-09-01 05:40:50'),(90,'cp2','','LP',1,24,0,NULL,2,'2015-09-01 05:40:55',2,'2015-09-01 05:40:55'),(91,'Demo for ajit','','LP',1,28,0,NULL,2,'2015-09-16 03:57:59',2,'2015-09-16 03:57:59'),(92,'TCO','Capture the total cost of ownership covering the support and infra costs','LP',5,29,0,NULL,2,'2015-09-23 10:52:47',2,'2015-09-23 10:52:47'),(93,'FQ','Functional Quotient','LP',5,29,0,NULL,2,'2015-09-23 10:55:27',2,'2015-09-23 10:55:27'),(94,'TQ','Capture the health of technology','LP',5,29,0,NULL,2,'2015-09-23 10:58:57',2,'2015-09-23 10:58:57'),(95,'MQ','Management Quotient','LP',5,29,0,NULL,2,'2015-09-23 11:00:18',2,'2015-09-23 11:00:18'),(96,'Misc - Not for calc','','LP',5,29,0,NULL,2,'2015-09-23 11:01:50',2,'2015-09-23 11:01:50'),(97,'Function quotient','','LP',1,30,0,NULL,2,'2015-09-24 05:01:22',2,'2015-09-24 05:01:22'),(98,'TCO','','LP',1,31,0,NULL,2,'2015-10-13 10:09:49',2,'2015-10-13 10:09:49'),(99,'TQ','','AP',1,31,0,NULL,2,'2015-10-13 10:10:56',2,'2015-10-13 10:10:56'),(100,'Tech stack','','LP',1,31,0,NULL,2,'2015-10-13 10:11:11',2,'2015-10-13 10:11:11'),(101,'Sample Parameter','Sample Parameter','LP',6,32,0,NULL,5,'2015-10-15 11:27:29',5,'2015-10-15 11:27:29'),(102,'FQ','Business criticality of infra based on applications supported','LP',5,33,0,NULL,9,'2015-11-12 05:22:01',9,'2015-11-12 05:22:01'),(103,'TQ','Based on the OS, Cores Memory, HDD and Virtualized','LP',5,33,0,NULL,9,'2015-11-12 05:22:53',9,'2015-11-12 05:22:53'),(104,'Misc (not for Calc)','','LP',5,33,0,NULL,9,'2015-11-12 05:23:03',9,'2015-11-12 05:23:03'),(105,'Test P1','Test P1 desc','AP',5,34,0,NULL,2,'2015-11-16 13:07:43',2,'2015-11-16 13:07:43'),(106,'Test LP','Test LP Desc','LP',5,34,0,NULL,2,'2015-11-16 13:08:22',2,'2015-11-16 13:08:22');
/*!40000 ALTER TABLE `parameter` ENABLE KEYS */;
UNLOCK TABLES;

--
-- Table structure for table `parameter_function`
--

DROP TABLE IF EXISTS `parameter_function`;
/*!40101 SET @saved_cs_client     = @@character_set_client */;
/*!40101 SET character_set_client = utf8 */;
CREATE TABLE `parameter_function` (
  `id` int(11) NOT NULL AUTO_INCREMENT,
  `parentParameterId` int(11) NOT NULL,
  `weight` decimal(10,3) NOT NULL,
  `constant` int(11) NOT NULL,
  `questionId` int(11) DEFAULT NULL,
  `mandatoryQuestion` tinyint(1) NOT NULL DEFAULT '0',
  `childparameterId` int(11) DEFAULT NULL,
  PRIMARY KEY (`id`),
  KEY `parameter_function_parentParameterId_fk_idx` (`parentParameterId`),
  KEY `parameter_function_childParameterId_fk_idx` (`childparameterId`),
  KEY `parameter_function_questionId_fk_idx` (`questionId`),
  CONSTRAINT `parameter_function_childParameterId_fk` FOREIGN KEY (`childparameterId`) REFERENCES `parameter` (`id`) ON DELETE NO ACTION ON UPDATE NO ACTION,
  CONSTRAINT `parameter_function_parentParameterId_fk` FOREIGN KEY (`parentParameterId`) REFERENCES `parameter` (`id`) ON DELETE NO ACTION ON UPDATE NO ACTION,
  CONSTRAINT `parameter_function_questionId_fk` FOREIGN KEY (`questionId`) REFERENCES `question` (`id`) ON DELETE NO ACTION ON UPDATE NO ACTION
) ENGINE=InnoDB AUTO_INCREMENT=148 DEFAULT CHARSET=latin1;
/*!40101 SET character_set_client = @saved_cs_client */;

--
-- Dumping data for table `parameter_function`
--

LOCK TABLES `parameter_function` WRITE;
/*!40000 ALTER TABLE `parameter_function` DISABLE KEYS */;
INSERT INTO `parameter_function` VALUES (77,80,1.500,1,86,0,NULL),(78,80,1.000,1,88,0,NULL),(79,80,1.000,1,90,0,NULL),(80,81,1.000,1,94,0,NULL),(81,81,1.300,1,95,0,NULL),(82,81,0.900,1,96,0,NULL),(83,82,1.000,1,106,0,NULL),(84,82,1.000,1,109,0,NULL),(85,82,1.000,1,110,0,NULL),(86,84,1.000,1,NULL,0,85),(87,85,1.000,1,87,0,NULL),(88,85,1.000,1,88,0,NULL),(89,85,1.000,1,89,0,NULL),(90,80,1.000,1,102,0,NULL),(91,80,1.000,1,104,0,NULL),(92,80,1.000,1,93,0,NULL),(93,87,3.000,1,86,0,NULL),(94,87,1.000,1,87,0,NULL),(95,87,1.000,1,88,0,NULL),(96,83,1.000,1,NULL,0,89),(97,83,1.000,1,NULL,0,90),(98,89,2.000,1,86,0,NULL),(99,89,1.000,1,87,0,NULL),(100,91,1.000,1,86,0,NULL),(101,91,1.000,1,87,0,NULL),(102,91,1.000,1,88,0,NULL),(103,92,1.000,1,123,1,NULL),(104,92,1.000,1,128,1,NULL),(105,93,2.000,1,112,0,NULL),(106,93,3.000,1,115,0,NULL),(107,93,0.500,1,116,0,NULL),(108,94,1.000,1,117,0,NULL),(109,94,1.500,1,118,0,NULL),(110,94,0.500,1,120,0,NULL),(111,95,2.000,1,107,0,NULL),(112,95,1.000,1,110,0,NULL),(113,96,1.000,1,113,1,NULL),(114,96,1.000,1,118,0,NULL),(115,96,1.000,1,121,1,NULL),(116,96,1.000,1,122,1,NULL),(117,96,1.000,1,124,1,NULL),(118,96,1.000,1,114,0,NULL),(119,97,1.000,1,86,0,NULL),(120,97,1.000,1,87,0,NULL),(121,97,1.000,1,88,0,NULL),(122,97,1.000,1,89,0,NULL),(123,98,1.000,1,86,0,NULL),(124,98,1.000,1,87,0,NULL),(125,98,1.000,1,88,0,NULL),(126,99,1.000,1,NULL,0,100),(127,100,1.000,1,94,0,NULL),(128,100,1.000,1,95,0,NULL),(129,100,1.000,1,96,0,NULL),(130,101,1.000,1,129,1,NULL),(131,102,1.000,1,135,0,NULL),(132,103,1.000,1,131,0,NULL),(133,103,1.000,1,132,0,NULL),(134,103,1.000,1,133,0,NULL),(135,103,1.000,1,134,0,NULL),(136,103,1.000,1,136,0,NULL),(138,104,1.000,1,130,0,NULL),(139,105,2.000,1,NULL,0,106),(140,106,1.000,1,86,0,NULL),(141,106,1.000,1,87,1,NULL),(142,106,1.000,1,93,1,NULL),(143,106,1.000,1,104,1,NULL),(144,106,1.000,1,105,1,NULL),(145,106,1.000,1,88,1,NULL),(146,106,1.000,1,136,1,NULL),(147,106,1.000,1,137,0,NULL);
/*!40000 ALTER TABLE `parameter_function` ENABLE KEYS */;
UNLOCK TABLES;

--
-- Table structure for table `question`
--

DROP TABLE IF EXISTS `question`;
/*!40101 SET @saved_cs_client     = @@character_set_client */;
/*!40101 SET character_set_client = utf8 */;
CREATE TABLE `question` (
  `id` int(11) NOT NULL AUTO_INCREMENT,
  `title` text NOT NULL,
  `helpText` text,
  `workspaceId` int(11) DEFAULT NULL,
  `questionType` varchar(10) NOT NULL,
  `queTypeText` text,
  `level` smallint(6) NOT NULL,
  `questionCategoryId` int(11) DEFAULT NULL,
  `createdBy` int(11) NOT NULL,
  `createdDate` timestamp NOT NULL DEFAULT CURRENT_TIMESTAMP ON UPDATE CURRENT_TIMESTAMP,
  `updatedBy` int(11) NOT NULL,
  `updatedDate` timestamp NOT NULL DEFAULT CURRENT_TIMESTAMP ON UPDATE CURRENT_TIMESTAMP,
  PRIMARY KEY (`id`),
  KEY `QUESTIONNAIRE_WORKSPACE_ID_FK_idx` (`workspaceId`),
  KEY `QUESTIONNAIRE_CREATED_BY_FK_idx` (`createdBy`),
  KEY `QUESTIONNAIRE_UPDATED_BY_FK_idx` (`updatedBy`),
  KEY `question_questioncategoryid_categoryid_idx` (`questionCategoryId`),
  CONSTRAINT `QUESTIONNAIRE_CREATED_BY_FK` FOREIGN KEY (`createdBy`) REFERENCES `user` (`id`) ON DELETE NO ACTION ON UPDATE NO ACTION,
  CONSTRAINT `QUESTIONNAIRE_UPDATED_BY_FK` FOREIGN KEY (`updatedBy`) REFERENCES `user` (`id`) ON DELETE NO ACTION ON UPDATE NO ACTION,
  CONSTRAINT `QUESTIONNAIRE_WORKSPACE_ID_FK` FOREIGN KEY (`workspaceId`) REFERENCES `workspace` (`id`) ON DELETE NO ACTION ON UPDATE NO ACTION,
  CONSTRAINT `question_questioncategoryid_categoryid` FOREIGN KEY (`questionCategoryId`) REFERENCES `category` (`id`) ON DELETE NO ACTION ON UPDATE NO ACTION
) ENGINE=InnoDB AUTO_INCREMENT=138 DEFAULT CHARSET=latin1;
/*!40101 SET character_set_client = @saved_cs_client */;

--
-- Dumping data for table `question`
--

LOCK TABLES `question` WRITE;
/*!40000 ALTER TABLE `question` DISABLE KEYS */;
INSERT INTO `question` VALUES (86,'Please list the number of functions or business processes supported by the application? ','',NULL,'MULTCHOICE','{\"options\":[{\"sequenceNumber\":1,\"quantifier\":1.0,\"text\":\"0 - Only Supports peripherals\"},{\"sequenceNumber\":2,\"quantifier\":3.0,\"text\":\"1-2\"},{\"sequenceNumber\":3,\"quantifier\":5.0,\"text\":\"3-5\"},{\"sequenceNumber\":4,\"quantifier\":7.0,\"text\":\"6-10\"}]}',1,5,2,'2015-08-13 13:26:43',2,'2015-08-13 13:26:59'),(87,'What is the type of application?','',NULL,'MULTCHOICE','{\"options\":[{\"sequenceNumber\":1,\"quantifier\":3.0,\"text\":\"In house developed application\"},{\"sequenceNumber\":2,\"quantifier\":2.0,\"text\":\"Packaged application\"},{\"sequenceNumber\":3,\"quantifier\":1.0,\"text\":\"Third party developed application\"},{\"sequenceNumber\":4,\"quantifier\":1.5,\"text\":\"Others\"}],\"otherOption\":false}',1,7,2,'2015-08-13 13:29:16',4,'2015-09-23 08:36:15'),(88,'What is the actual functional coverage vis-Ã -vis the planned coverage? ','Please state whether any more business functions/ processes were intended to be covered by this application as part of its implementation scope?',NULL,'MULTCHOICE','{\"options\":[{\"sequenceNumber\":1,\"quantifier\":5.0,\"text\":\"All envisaged functionality covered\"},{\"sequenceNumber\":2,\"quantifier\":3.0,\"text\":\"Core functionality implemented\"},{\"sequenceNumber\":3,\"quantifier\":1.0,\"text\":\"Peripheral functionality implemented\"}]}',1,5,2,'2015-08-13 13:39:16',2,'2015-08-13 13:39:16'),(89,'Are the business functions/ processes supported by this application also supported any other application implemented in this company?  ','',NULL,'MULTCHOICE','{\"options\":[{\"sequenceNumber\":1,\"quantifier\":1.0,\"text\":\"Yes\"},{\"sequenceNumber\":2,\"quantifier\":3.0,\"text\":\"No\"}]}',1,5,2,'2015-08-13 13:40:17',2,'2015-08-13 13:40:17'),(90,'Are there any functionality redundancies / overlap of functionality with other applications? ','',NULL,'MULTCHOICE','{\"options\":[{\"sequenceNumber\":1,\"quantifier\":1.0,\"text\":\"Significant overlap in functionality\"},{\"sequenceNumber\":2,\"quantifier\":3.0,\"text\":\"Minor functionality overlap\"},{\"sequenceNumber\":3,\"quantifier\":5.0,\"text\":\"No functionality overlap\"}]}',1,5,2,'2015-08-13 13:42:15',2,'2015-08-13 13:42:15'),(91,'How would you rate the ability of the application to support ad-hoc reporting requirements?','',NULL,'MULTCHOICE','{\"options\":[{\"sequenceNumber\":1,\"quantifier\":5.0,\"text\":\"The application is flexible and is easy to obtain ad-hoc reports\"},{\"sequenceNumber\":2,\"quantifier\":3.0,\"text\":\"The application is not very flexible and support from IT is required for ad-hoc reporting\"},{\"sequenceNumber\":3,\"quantifier\":1.0,\"text\":\"Code level changes are required to support ad-hoc reporting requirements\"}]}',1,5,2,'2015-08-13 13:44:57',2,'2015-08-13 13:44:57'),(92,'How would you rate the ability of the application to meet the overall current needs of users?','',NULL,'MULTCHOICE','{\"options\":[{\"sequenceNumber\":1,\"quantifier\":1.0,\"text\":\"New application required\"},{\"sequenceNumber\":2,\"quantifier\":2.0,\"text\":\"Major enhancement required\"},{\"sequenceNumber\":3,\"quantifier\":3.0,\"text\":\"Significant modifications required\"},{\"sequenceNumber\":4,\"quantifier\":4.0,\"text\":\"Minor Modifications required\"},{\"sequenceNumber\":5,\"quantifier\":5.0,\"text\":\"Acceptable as it is\"}]}',1,5,2,'2015-08-13 13:48:16',2,'2015-08-13 13:48:16'),(93,'What are the names of the modules / sub systems within the application?','',NULL,'PARATEXT',NULL,1,7,2,'2015-08-13 14:19:41',2,'2015-08-13 14:19:41'),(94,'What is the level of integration with other applications? ','',NULL,'MULTCHOICE','{\"options\":[{\"sequenceNumber\":1,\"quantifier\":3.0,\"text\":\"Yes\"},{\"sequenceNumber\":2,\"quantifier\":1.0,\"text\":\"No\"}]}',1,7,2,'2015-08-13 14:20:47',2,'2015-08-13 14:20:47'),(95,'Does the application import or export data to other applications? ','',NULL,'MULTCHOICE','{\"options\":[{\"sequenceNumber\":1,\"quantifier\":3.0,\"text\":\"Yes\"},{\"sequenceNumber\":2,\"quantifier\":1.0,\"text\":\"No\"}]}',1,7,2,'2015-08-13 14:21:50',2,'2015-08-13 14:21:50'),(96,'Is the application centrally deployed or is it distributed?','',NULL,'MULTCHOICE','{\"options\":[{\"sequenceNumber\":1,\"quantifier\":3.0,\"text\":\"Centrally\"},{\"sequenceNumber\":2,\"quantifier\":1.0,\"text\":\"Distributed\"},{\"sequenceNumber\":3,\"quantifier\":2.0,\"text\":\"Others\"}]}',1,7,2,'2015-08-13 14:22:50',2,'2015-08-13 14:22:50'),(97,'If distributed how is data synchronized across multiple locations?','',NULL,'MULTCHOICE','{\"options\":[{\"sequenceNumber\":1,\"quantifier\":5.0,\"text\":\"Real time synchronization\"},{\"sequenceNumber\":2,\"quantifier\":3.0,\"text\":\"Day end batch synchronization\"},{\"sequenceNumber\":3,\"quantifier\":-3.0,\"text\":\"No data synchronization\"},{\"sequenceNumber\":4,\"quantifier\":0.0,\"text\":\"Others\"}]}',1,7,2,'2015-08-13 14:24:37',2,'2015-08-13 14:24:37'),(98,'What are the response times of the application during the day / week? ','',NULL,'MULTCHOICE','{\"options\":[{\"sequenceNumber\":1,\"quantifier\":5.0,\"text\":\"< 1 sec\"},{\"sequenceNumber\":2,\"quantifier\":3.0,\"text\":\"2 - 4\"},{\"sequenceNumber\":3,\"quantifier\":0.0,\"text\":\">5 sec\"}]}',1,7,2,'2015-08-13 14:28:03',2,'2015-08-13 14:28:03'),(99,'What is the usage of system resources by the application?','',NULL,'MULTCHOICE','{\"options\":[{\"sequenceNumber\":1,\"quantifier\":1.0,\"text\":\"The application is very resource intensive and significant changes are required to make the application more efficient\"},{\"sequenceNumber\":2,\"quantifier\":3.0,\"text\":\"The application is resource intensive but minor changes are required to make the application more efficient\"},{\"sequenceNumber\":3,\"quantifier\":5.0,\"text\":\"The application uses resources optimally and does not load other IT resources\"}]}',1,7,2,'2015-08-13 14:30:13',2,'2015-08-13 14:30:13'),(100,'Has the application design considered good practices like following open architectures and standards etc.? Please provide a list of good practices followed.','',NULL,'MULTCHOICE','{\"options\":[{\"sequenceNumber\":1,\"quantifier\":3.0,\"text\":\"Yes\"},{\"sequenceNumber\":2,\"quantifier\":1.0,\"text\":\"No\"}]}',1,7,2,'2015-08-13 14:32:47',2,'2015-08-13 14:32:47'),(101,'How easily can the application be ported from the current environment to a new environment?','',NULL,'MULTCHOICE','{\"options\":[{\"sequenceNumber\":1,\"quantifier\":1.0,\"text\":\"The application would need to be designed and developed once again\"},{\"sequenceNumber\":2,\"quantifier\":3.0,\"text\":\"Major modifications would be required to port the application to another platform\"},{\"sequenceNumber\":3,\"quantifier\":5.0,\"text\":\"Minor modifications would be required to port the application\"}]}',1,7,2,'2015-08-13 14:34:12',2,'2015-08-13 14:34:12'),(102,'What are the modelling tools used for designing the system?','',NULL,'CHECKBOXES','{\"options\":[{\"sequenceNumber\":1,\"quantifier\":2.0,\"text\":\"Rational Rose\"},{\"sequenceNumber\":2,\"quantifier\":2.0,\"text\":\"Erwin\"},{\"sequenceNumber\":3,\"quantifier\":1.0,\"text\":\"Designer 2000\"},{\"sequenceNumber\":4,\"quantifier\":3.0,\"text\":\"System Architect\"},{\"sequenceNumber\":5,\"quantifier\":1.5,\"text\":\"Others\"}]}',1,7,2,'2015-08-13 14:36:24',2,'2015-08-13 14:36:24'),(103,'Please state the level of vendor support for the tools deployed?','',NULL,'MULTCHOICE','{\"options\":[{\"sequenceNumber\":1,\"quantifier\":4.0,\"text\":\"On site 24X7 support\"},{\"sequenceNumber\":2,\"quantifier\":3.0,\"text\":\"On site only during office hours\"},{\"sequenceNumber\":3,\"quantifier\":5.0,\"text\":\"On call\"},{\"sequenceNumber\":4,\"quantifier\":2.0,\"text\":\"Off shore monitoring & onsite remedial\"},{\"sequenceNumber\":5,\"quantifier\":1.0,\"text\":\"No support\"}]}',1,7,2,'2015-08-13 14:38:26',2,'2015-08-13 14:38:26'),(104,'What is the type of production support? ','',NULL,'CHECKBOXES','{\"options\":[{\"sequenceNumber\":1,\"quantifier\":2.0,\"text\":\"Helpdesk\"},{\"sequenceNumber\":2,\"quantifier\":3.0,\"text\":\"Hands-on support to some of the production activities like generating MIS reports\"},{\"sequenceNumber\":3,\"quantifier\":2.0,\"text\":\"batch execution\"},{\"sequenceNumber\":4,\"quantifier\":1.0,\"text\":\"System maintenance support to maintain application\"}]}',1,7,2,'2015-08-13 14:41:17',2,'2015-08-13 14:41:17'),(105,'Does the application have IPR issues that may be a hindrance for outsourcing?','',NULL,'MULTCHOICE','{\"options\":[{\"sequenceNumber\":1,\"quantifier\":1.0,\"text\":\"Yes\"},{\"sequenceNumber\":2,\"quantifier\":3.0,\"text\":\"No\"}]}',1,8,2,'2015-08-13 14:46:40',2,'2015-08-13 14:48:21'),(106,'Does the application have any licensing issues that could be a hindrance in migrating offshore? If yes, please provide details.','',NULL,'MULTCHOICE','{\"options\":[{\"sequenceNumber\":1,\"quantifier\":1.0,\"text\":\"Yes\"},{\"sequenceNumber\":2,\"quantifier\":3.0,\"text\":\"No\"}]}',1,8,2,'2015-08-13 14:53:17',2,'2015-08-13 14:53:17'),(107,'For the change control  process also ascertain whether the: ','',NULL,'MULTCHOICE','{\"options\":[{\"sequenceNumber\":1,\"quantifier\":5.0,\"text\":\"Process defined\"},{\"sequenceNumber\":2,\"quantifier\":4.0,\"text\":\"documented and followed consistently\"},{\"sequenceNumber\":3,\"quantifier\":3.0,\"text\":\"Process defined\"},{\"sequenceNumber\":4,\"quantifier\":1.0,\"text\":\"documented but not followed consistently\"}]}',1,8,2,'2015-08-13 14:58:19',2,'2015-08-13 14:58:19'),(108,'Are change request registers maintained and updated regularly? ','',NULL,'MULTCHOICE','{\"options\":[{\"sequenceNumber\":1,\"quantifier\":5.0,\"text\":\"Change request registers are maintained and updated with all change requests\"},{\"sequenceNumber\":2,\"quantifier\":3.0,\"text\":\"Change request registers are maintained but only some change requests are logged\"},{\"sequenceNumber\":3,\"quantifier\":1.0,\"text\":\"Change request registers are not maintained\"}]}',3,8,2,'2015-08-13 14:59:18',2,'2015-08-13 14:59:18'),(109,'What % of application budget is allocated for third party service providers?','',NULL,'MULTCHOICE','{\"options\":[{\"sequenceNumber\":1,\"quantifier\":1.0,\"text\":\"< 5%\"},{\"sequenceNumber\":2,\"quantifier\":3.0,\"text\":\"5 - 15%\"},{\"sequenceNumber\":3,\"quantifier\":5.0,\"text\":\"15 - 30%\"},{\"sequenceNumber\":4,\"quantifier\":6.0,\"text\":\"> 30%\"}]}',3,8,2,'2015-08-13 15:01:46',2,'2015-08-13 15:01:46'),(110,'Are documentation standards clearly defined?  Are these standards diligently followed while making enhancements/ changes?','',NULL,'MULTCHOICE','{\"options\":[{\"sequenceNumber\":1,\"quantifier\":5.0,\"text\":\"Documentation standards defined and followed\"},{\"sequenceNumber\":2,\"quantifier\":3.0,\"text\":\"Documentation standards defined but not followed\"},{\"sequenceNumber\":3,\"quantifier\":1.0,\"text\":\"Documentation standards not defined\"}]}',3,8,2,'2015-08-13 15:03:56',2,'2015-08-13 15:03:56'),(111,'what is your next week looking like','',NULL,'MULTCHOICE','{\"options\":[{\"sequenceNumber\":1,\"quantifier\":2.0,\"text\":\"Option 1\"},{\"sequenceNumber\":2,\"quantifier\":5.0,\"text\":\"Option 2\"},{\"sequenceNumber\":3,\"quantifier\":6.0,\"text\":\"Option 3\"},{\"sequenceNumber\":4,\"quantifier\":8.0,\"text\":\"Option 4\"}],\"otherOption\":false}',1,NULL,2,'2015-08-14 04:18:41',2,'2015-11-19 05:53:19'),(112,'Please select the application type','',5,'MULTCHOICE','{\"options\":[{\"sequenceNumber\":1,\"quantifier\":10.0,\"text\":\"Core to Business Process\"},{\"sequenceNumber\":2,\"quantifier\":5.0,\"text\":\"Non-Core to Business Process\"},{\"sequenceNumber\":3,\"quantifier\":3.0,\"text\":\"Tool / Utility\"},{\"sequenceNumber\":4,\"quantifier\":2.0,\"text\":\"Add - on\"},{\"sequenceNumber\":5,\"quantifier\":1.0,\"text\":\"Data Extract\"},{\"sequenceNumber\":6,\"quantifier\":6.0,\"text\":\"Business Intelligence\"}],\"otherOption\":false}',1,5,4,'2015-09-23 08:22:41',4,'2015-09-23 08:22:41'),(113,'Specify the domain to which this application is aligned:','If it not aligned to any domain, please select \"Other\" and provide details on what functional area is addressed by the application',5,'MULTCHOICE','{\"options\":[{\"sequenceNumber\":1,\"quantifier\":2.0,\"text\":\"BI\"},{\"sequenceNumber\":2,\"quantifier\":2.0,\"text\":\"Compliance\"},{\"sequenceNumber\":3,\"quantifier\":2.0,\"text\":\"EHS\"},{\"sequenceNumber\":4,\"quantifier\":2.0,\"text\":\"Engineering Ops\"},{\"sequenceNumber\":5,\"quantifier\":2.0,\"text\":\"Finance\"},{\"sequenceNumber\":6,\"quantifier\":2.0,\"text\":\"Logistics\"},{\"sequenceNumber\":7,\"quantifier\":2.0,\"text\":\"People HR\"},{\"sequenceNumber\":8,\"quantifier\":2.0,\"text\":\"Quality Ops\"},{\"sequenceNumber\":9,\"quantifier\":2.0,\"text\":\"Supply Chain\"},{\"sequenceNumber\":10,\"quantifier\":2.0,\"text\":\"Portfolio Management\"}],\"otherOption\":true}',3,5,4,'2015-09-23 08:27:08',4,'2015-09-23 08:28:28'),(114,'Provide a brief description of the process/functionality automated by the application','',5,'PARATEXT',NULL,1,5,4,'2015-09-23 08:28:50',4,'2015-09-23 08:28:50'),(115,'Impact of Downtime to Business ',' Indicate the impact on business if the application fails ',5,'MULTCHOICE','{\"options\":[{\"sequenceNumber\":1,\"quantifier\":10.0,\"text\":\"Severe Impact on Revenue & Business Performance\"},{\"sequenceNumber\":2,\"quantifier\":8.0,\"text\":\"Severe Impact on Revenue\"},{\"sequenceNumber\":3,\"quantifier\":7.0,\"text\":\"Severe Impact on Business Performance\"},{\"sequenceNumber\":4,\"quantifier\":6.0,\"text\":\"Significant Impact on Revenue\"},{\"sequenceNumber\":5,\"quantifier\":5.0,\"text\":\"Significant Impact on Business Performance\"},{\"sequenceNumber\":6,\"quantifier\":4.0,\"text\":\"Minor Impact\"},{\"sequenceNumber\":7,\"quantifier\":1.0,\"text\":\"No Impact\"}],\"otherOption\":false}',1,5,4,'2015-09-23 08:31:29',4,'2015-09-23 08:31:29'),(116,'What is the current Lifecycle Status ','',5,'MULTCHOICE','{\"options\":[{\"sequenceNumber\":1,\"quantifier\":10.0,\"text\":\"Invest\"},{\"sequenceNumber\":2,\"quantifier\":8.0,\"text\":\"Retain\"},{\"sequenceNumber\":3,\"quantifier\":6.0,\"text\":\"Migrate\"},{\"sequenceNumber\":4,\"quantifier\":4.0,\"text\":\"Retire\"},{\"sequenceNumber\":5,\"quantifier\":1.0,\"text\":\"Retired\"}],\"otherOption\":false}',1,5,4,'2015-09-23 08:34:07',4,'2015-09-23 08:34:07'),(117,'Application Category','Indicate the type of application ',5,'MULTCHOICE','{\"options\":[{\"sequenceNumber\":1,\"quantifier\":10.0,\"text\":\"COTS\"},{\"sequenceNumber\":2,\"quantifier\":6.0,\"text\":\"Custom\"},{\"sequenceNumber\":3,\"quantifier\":8.0,\"text\":\"Customized COTS\"},{\"sequenceNumber\":4,\"quantifier\":8.0,\"text\":\"Managed Service\"}],\"otherOption\":false}',1,7,4,'2015-09-23 08:38:03',4,'2015-09-23 08:38:03'),(118,'If the application is Packaged Software / COTS/Customized COTS, please specify the vendor name ','',5,'TEXT',NULL,1,7,4,'2015-09-23 08:39:02',4,'2015-09-23 08:39:02'),(119,'If the application is Packaged Software / COTS/Customized COTS, please specify the level of customization ','',5,'MULTCHOICE','{\"options\":[{\"sequenceNumber\":1,\"quantifier\":2.0,\"text\":\"Very High\"},{\"sequenceNumber\":2,\"quantifier\":4.0,\"text\":\"High\"},{\"sequenceNumber\":3,\"quantifier\":6.0,\"text\":\"Medium\"},{\"sequenceNumber\":4,\"quantifier\":8.0,\"text\":\"Low\"},{\"sequenceNumber\":5,\"quantifier\":10.0,\"text\":\"None\"},{\"sequenceNumber\":6,\"quantifier\":0.0,\"text\":\"N/A\"}],\"otherOption\":false}',1,7,4,'2015-09-23 08:40:33',4,'2015-09-23 08:40:33'),(120,'For Homegrown and Customized COTS applications, please list all programming languages used ','',5,'CHECKBOXES','{\"options\":[{\"sequenceNumber\":1,\"quantifier\":5.0,\"text\":\"Java / J2EE\"},{\"sequenceNumber\":2,\"quantifier\":5.0,\"text\":\".Net / Visual Studio\"},{\"sequenceNumber\":3,\"quantifier\":5.0,\"text\":\"Maximo\"},{\"sequenceNumber\":4,\"quantifier\":5.0,\"text\":\"SFDC / Siebel\"},{\"sequenceNumber\":5,\"quantifier\":5.0,\"text\":\"PHP\"},{\"sequenceNumber\":6,\"quantifier\":5.0,\"text\":\"Android\"},{\"sequenceNumber\":7,\"quantifier\":5.0,\"text\":\"iOS\"},{\"sequenceNumber\":8,\"quantifier\":5.0,\"text\":\"HTML 5\"},{\"sequenceNumber\":9,\"quantifier\":5.0,\"text\":\"JavaScript / jQuery / Angular\"},{\"sequenceNumber\":10,\"quantifier\":5.0,\"text\":\"Ruby On Rails\"},{\"sequenceNumber\":11,\"quantifier\":5.0,\"text\":\"Python\"},{\"sequenceNumber\":12,\"quantifier\":5.0,\"text\":\"Scala\"}]}',2,7,4,'2015-09-23 08:46:17',2,'2015-11-16 13:05:23'),(121,'What is the GEO Supported by the Application','',5,'MULTCHOICE','{\"options\":[{\"sequenceNumber\":1,\"quantifier\":1.0,\"text\":\"APAC\"},{\"sequenceNumber\":2,\"quantifier\":1.0,\"text\":\"EMENA\"},{\"sequenceNumber\":3,\"quantifier\":1.0,\"text\":\"Africas\"},{\"sequenceNumber\":4,\"quantifier\":1.0,\"text\":\"Americas\"},{\"sequenceNumber\":5,\"quantifier\":1.0,\"text\":\"Global\"}],\"otherOption\":false}',2,8,4,'2015-09-23 08:49:25',4,'2015-09-23 08:49:25'),(122,'Which Business line does the application support','',5,'MULTCHOICE','{\"options\":[{\"sequenceNumber\":1,\"quantifier\":1.0,\"text\":\"Manufacturing Execution\"},{\"sequenceNumber\":2,\"quantifier\":1.0,\"text\":\"Manufacturing Intelligence\"},{\"sequenceNumber\":3,\"quantifier\":1.0,\"text\":\"Engineering Services\"},{\"sequenceNumber\":4,\"quantifier\":1.0,\"text\":\"Distribution and Logistics\"},{\"sequenceNumber\":5,\"quantifier\":1.0,\"text\":\"Lab Operations\"},{\"sequenceNumber\":6,\"quantifier\":1.0,\"text\":\"Global Safety & Environment\"},{\"sequenceNumber\":7,\"quantifier\":1.0,\"text\":\"Quality and Regulatory\"},{\"sequenceNumber\":8,\"quantifier\":1.0,\"text\":\"Supply Chain Management\"}],\"otherOption\":true}',2,5,4,'2015-09-23 08:53:59',4,'2015-09-23 08:53:59'),(123,'What is the TCO to support the application ','Please enter in terms of $/year',5,'NUMBER','{\"min\":0,\"max\":null,\"limitTo\":true}',1,8,4,'2015-09-23 08:55:46',4,'2015-09-23 08:55:46'),(124,'What are the business functions supported by this application','',5,'CHECKBOXES','{\"options\":[{\"sequenceNumber\":1,\"quantifier\":2.0,\"text\":\"Warehouse Management\"},{\"sequenceNumber\":2,\"quantifier\":2.0,\"text\":\"Warehouse Design\"},{\"sequenceNumber\":3,\"quantifier\":2.0,\"text\":\"Inventory Planning\"},{\"sequenceNumber\":4,\"quantifier\":2.0,\"text\":\"Inventory Management\"},{\"sequenceNumber\":5,\"quantifier\":2.0,\"text\":\"Outbound Distribution\"},{\"sequenceNumber\":6,\"quantifier\":2.0,\"text\":\"Transportation Management\"},{\"sequenceNumber\":7,\"quantifier\":2.0,\"text\":\"HR\"},{\"sequenceNumber\":8,\"quantifier\":2.0,\"text\":\"Financials\"},{\"sequenceNumber\":9,\"quantifier\":1.0,\"text\":\"Order Management\"},{\"sequenceNumber\":10,\"quantifier\":0.0,\"text\":\"Vendor Management\"}]}',2,5,4,'2015-09-23 09:00:13',4,'2015-09-23 09:00:13'),(125,'Message Protocols','',5,'MULTCHOICE','{\"options\":[{\"sequenceNumber\":1,\"quantifier\":6.0,\"text\":\"SOAP / REST / XML RPC\"},{\"sequenceNumber\":2,\"quantifier\":3.0,\"text\":\"SMTP\"},{\"sequenceNumber\":3,\"quantifier\":4.0,\"text\":\"Action Message Format\"},{\"sequenceNumber\":4,\"quantifier\":5.0,\"text\":\"HTTP\"},{\"sequenceNumber\":5,\"quantifier\":5.0,\"text\":\"JMS\"},{\"sequenceNumber\":6,\"quantifier\":5.0,\"text\":\"MFT\"}],\"otherOption\":false}',1,9,4,'2015-09-23 09:09:05',4,'2015-09-23 09:09:05'),(126,'Message Formats','',5,'MULTCHOICE','{\"options\":[{\"sequenceNumber\":1,\"quantifier\":4.0,\"text\":\"XML\"},{\"sequenceNumber\":2,\"quantifier\":4.0,\"text\":\"Flat File\"},{\"sequenceNumber\":3,\"quantifier\":4.0,\"text\":\"CSV\"},{\"sequenceNumber\":4,\"quantifier\":4.0,\"text\":\"EDI\"}],\"otherOption\":false}',1,9,4,'2015-09-23 09:09:48',4,'2015-09-23 09:09:48'),(127,'Frequency of data interchange','',5,'MULTCHOICE','{\"options\":[{\"sequenceNumber\":1,\"quantifier\":5.0,\"text\":\"Synchronous\"},{\"sequenceNumber\":2,\"quantifier\":3.0,\"text\":\"Asynchronous - Hourly\"},{\"sequenceNumber\":3,\"quantifier\":3.0,\"text\":\"Asynchronous - Daily\"},{\"sequenceNumber\":4,\"quantifier\":2.0,\"text\":\"Asynchronous - Others\"}],\"otherOption\":false}',2,9,4,'2015-09-23 09:10:57',4,'2015-09-23 09:10:57'),(128,'What is the Infrastructure Cost','please specify in $/year',5,'NUMBER','{\"min\":0,\"max\":null,\"limitTo\":true}',2,8,4,'2015-09-23 09:23:16',4,'2015-09-23 09:23:16'),(129,'What is the criticality of application?','None',6,'MULTCHOICE','{\"options\":[{\"sequenceNumber\":1,\"quantifier\":4.0,\"text\":\"High\"},{\"sequenceNumber\":2,\"quantifier\":3.0,\"text\":\"Medium\"},{\"sequenceNumber\":3,\"quantifier\":2.0,\"text\":\"Low\"},{\"sequenceNumber\":4,\"quantifier\":1.0,\"text\":\"Not Applicable\"}],\"otherOption\":false}',1,8,5,'2015-10-15 11:15:47',5,'2015-10-15 11:15:47'),(130,'Who is the Hardware Vendor for the Server','',5,'MULTCHOICE','{\"options\":[{\"sequenceNumber\":1,\"quantifier\":2.0,\"text\":\"Dell\"},{\"sequenceNumber\":2,\"quantifier\":2.0,\"text\":\"HP\"},{\"sequenceNumber\":3,\"quantifier\":2.0,\"text\":\"IBM\"},{\"sequenceNumber\":4,\"quantifier\":2.0,\"text\":\"Cisco\"}],\"otherOption\":true}',1,10,9,'2015-11-12 05:02:40',9,'2015-11-12 05:02:40'),(131,'What is the Operating System','',5,'MULTCHOICE','{\"options\":[{\"sequenceNumber\":1,\"quantifier\":2.0,\"text\":\"RHEL 5\"},{\"sequenceNumber\":2,\"quantifier\":4.0,\"text\":\"RHEL 7\"},{\"sequenceNumber\":3,\"quantifier\":3.0,\"text\":\"Oracle Solaris OS\"},{\"sequenceNumber\":4,\"quantifier\":3.0,\"text\":\"Windows Server 2008 R2\"},{\"sequenceNumber\":5,\"quantifier\":3.0,\"text\":\"Windows Server 2012\"}],\"otherOption\":false}',1,10,9,'2015-11-12 05:07:21',9,'2015-11-12 05:07:21'),(132,'# of Cores','',5,'MULTCHOICE','{\"options\":[{\"sequenceNumber\":1,\"quantifier\":2.0,\"text\":\"2\"},{\"sequenceNumber\":2,\"quantifier\":4.0,\"text\":\"4\"},{\"sequenceNumber\":3,\"quantifier\":6.0,\"text\":\"6\"},{\"sequenceNumber\":4,\"quantifier\":8.0,\"text\":\"8\"}],\"otherOption\":false}',1,10,9,'2015-11-12 05:09:25',9,'2015-11-12 05:09:25'),(133,'Memory (GB)','',5,'MULTCHOICE','{\"options\":[{\"sequenceNumber\":1,\"quantifier\":2.0,\"text\":\"4\"},{\"sequenceNumber\":2,\"quantifier\":4.0,\"text\":\"8\"},{\"sequenceNumber\":3,\"quantifier\":6.0,\"text\":\"16\"},{\"sequenceNumber\":4,\"quantifier\":8.0,\"text\":\"32\"},{\"sequenceNumber\":5,\"quantifier\":9.0,\"text\":\"64\"}],\"otherOption\":false}',1,10,9,'2015-11-12 05:11:31',9,'2015-11-12 05:11:31'),(134,'Hard Drive Configuration','',5,'MULTCHOICE','{\"options\":[{\"sequenceNumber\":1,\"quantifier\":3.0,\"text\":\"Raid 0\"},{\"sequenceNumber\":2,\"quantifier\":5.0,\"text\":\"Raid 1\"},{\"sequenceNumber\":3,\"quantifier\":7.0,\"text\":\"Raid 3\"},{\"sequenceNumber\":4,\"quantifier\":9.0,\"text\":\"Raid 5\"}],\"otherOption\":false}',1,10,9,'2015-11-12 05:13:03',9,'2015-11-12 05:13:03'),(135,'Environment','Which Application environment is being supported',5,'MULTCHOICE','{\"options\":[{\"sequenceNumber\":1,\"quantifier\":10.0,\"text\":\"Production\"},{\"sequenceNumber\":2,\"quantifier\":6.0,\"text\":\"QA\"},{\"sequenceNumber\":3,\"quantifier\":4.0,\"text\":\"Development\"},{\"sequenceNumber\":4,\"quantifier\":5.0,\"text\":\"DR\"}],\"otherOption\":false}',2,10,9,'2015-11-12 05:15:02',9,'2015-11-12 05:15:02'),(136,'Virtualized Environment','',5,'MULTCHOICE','{\"options\":[{\"sequenceNumber\":1,\"quantifier\":6.0,\"text\":\"Yes\"},{\"sequenceNumber\":2,\"quantifier\":3.0,\"text\":\"No\"}],\"otherOption\":false}',4,10,9,'2015-11-12 05:16:37',9,'2015-11-12 05:16:37'),(137,'Test Question','Help',5,'MULTCHOICE','{\"options\":[{\"sequenceNumber\":1,\"quantifier\":1.0,\"text\":\"Test 1\"},{\"sequenceNumber\":2,\"quantifier\":2.0,\"text\":\"Test 2\"},{\"sequenceNumber\":3,\"quantifier\":3.0,\"text\":\"Test 3\"},{\"sequenceNumber\":4,\"quantifier\":4.0,\"text\":\"Test 4\"}],\"otherOption\":true}',1,6,2,'2015-11-16 13:00:49',2,'2015-11-16 13:01:45');
/*!40000 ALTER TABLE `question` ENABLE KEYS */;
UNLOCK TABLES;

--
-- Table structure for table `questionnaire`
--

DROP TABLE IF EXISTS `questionnaire`;
/*!40101 SET @saved_cs_client     = @@character_set_client */;
/*!40101 SET character_set_client = utf8 */;
CREATE TABLE `questionnaire` (
  `id` int(11) NOT NULL AUTO_INCREMENT,
  `name` varchar(45) NOT NULL,
  `description` text,
  `workspaceId` int(11) NOT NULL,
  `status` tinyint(4) NOT NULL DEFAULT '0',
  `createdBy` int(11) NOT NULL,
  `createdDate` timestamp NOT NULL DEFAULT CURRENT_TIMESTAMP ON UPDATE CURRENT_TIMESTAMP,
  `updatedBy` int(11) NOT NULL,
  `updatedDate` timestamp NOT NULL DEFAULT CURRENT_TIMESTAMP ON UPDATE CURRENT_TIMESTAMP,
  PRIMARY KEY (`id`),
  UNIQUE KEY `questionnaire_name_workspace_unique` (`name`,`workspaceId`),
  KEY `questionnaire_workspaceId_fk_idx` (`workspaceId`),
  KEY `questionnaire_createdBy_fk_idx` (`createdBy`),
  KEY `questionnaire_updatedBy_fk_idx` (`updatedBy`),
  CONSTRAINT `questionnaire_createdBy_fk` FOREIGN KEY (`createdBy`) REFERENCES `user` (`id`) ON DELETE NO ACTION ON UPDATE NO ACTION,
  CONSTRAINT `questionnaire_updatedBy_fk` FOREIGN KEY (`updatedBy`) REFERENCES `user` (`id`) ON DELETE NO ACTION ON UPDATE NO ACTION,
  CONSTRAINT `questionnaire_workspaceId_fk` FOREIGN KEY (`workspaceId`) REFERENCES `workspace` (`id`) ON DELETE NO ACTION ON UPDATE NO ACTION
) ENGINE=InnoDB AUTO_INCREMENT=35 DEFAULT CHARSET=latin1;
/*!40101 SET character_set_client = @saved_cs_client */;

--
-- Dumping data for table `questionnaire`
--

LOCK TABLES `questionnaire` WRITE;
/*!40000 ALTER TABLE `questionnaire` DISABLE KEYS */;
INSERT INTO `questionnaire` VALUES (23,'IT Portfolio Survey - 1','',1,1,2,'2015-08-14 03:38:18',2,'2015-11-19 13:14:06'),(24,'Questionnaire for Aditya\'s first day1 :)','',1,1,2,'2015-08-14 04:19:55',2,'2015-09-23 05:51:50'),(25,'This is for test.','',1,0,2,'2015-08-19 11:46:38',2,'2015-08-24 06:12:57'),(26,'First for 123','testing',4,0,2,'2015-08-30 10:03:47',2,'2015-11-02 05:37:42'),(27,'Demo for ajit','',1,0,2,'2015-08-31 11:23:54',2,'2015-09-03 05:52:09'),(28,'Assessment for SITA','',1,1,2,'2015-09-16 03:57:09',2,'2015-09-16 03:57:09'),(29,'Application Assessment 01','Assessment for the applications available in the portfolio to capture basic functional, technical and cost details.',5,1,2,'2015-09-23 10:51:08',2,'2015-09-23 10:51:08'),(30,'Create an assessment','',1,0,2,'2015-09-24 05:00:46',2,'2015-09-24 05:00:46'),(31,'Demo for Mukul','',1,0,2,'2015-10-13 10:09:30',2,'2015-10-13 10:09:30'),(32,'Sample Questionnaire for Applications','Sample Questionaire',6,1,5,'2015-10-15 11:26:25',5,'2015-10-15 11:28:23'),(33,'Infra Server Assesment','',5,1,9,'2015-11-12 05:19:36',9,'2015-11-12 05:54:32'),(34,'Test Questionnaire','Test Questionnaire desc',5,1,2,'2015-11-16 13:06:32',2,'2015-11-20 05:48:43');
/*!40000 ALTER TABLE `questionnaire` ENABLE KEYS */;
UNLOCK TABLES;

--
-- Table structure for table `questionnaire_asset`
--

DROP TABLE IF EXISTS `questionnaire_asset`;
/*!40101 SET @saved_cs_client     = @@character_set_client */;
/*!40101 SET character_set_client = utf8 */;
CREATE TABLE `questionnaire_asset` (
  `id` int(11) NOT NULL AUTO_INCREMENT,
  `questionnaireId` int(11) NOT NULL,
  `assetId` int(11) NOT NULL,
  PRIMARY KEY (`id`),
  UNIQUE KEY `questionnaire_asset_questionnaireAssetId_uq` (`questionnaireId`,`assetId`),
  KEY `questionnaire_asset_questionnaireId_fk_idx` (`questionnaireId`),
  KEY `questionnaire_asset_assetId_fk_idx` (`assetId`),
  CONSTRAINT `questionnaire_asset_assetId_fk` FOREIGN KEY (`assetId`) REFERENCES `asset` (`id`) ON DELETE NO ACTION ON UPDATE NO ACTION,
  CONSTRAINT `questionnaire_asset_questionnaireId_fk` FOREIGN KEY (`questionnaireId`) REFERENCES `questionnaire` (`id`) ON DELETE NO ACTION ON UPDATE NO ACTION
) ENGINE=InnoDB AUTO_INCREMENT=448 DEFAULT CHARSET=latin1;
/*!40101 SET character_set_client = @saved_cs_client */;

--
-- Dumping data for table `questionnaire_asset`
--

LOCK TABLES `questionnaire_asset` WRITE;
/*!40000 ALTER TABLE `questionnaire_asset` DISABLE KEYS */;
INSERT INTO `questionnaire_asset` VALUES (419,23,1),(420,23,2),(421,23,3),(422,23,4),(423,23,5),(424,23,6),(425,23,7),(426,23,8),(427,23,9),(414,23,10),(415,23,11),(416,23,12),(417,23,13),(418,23,14),(428,23,15),(429,23,16),(157,24,2),(158,24,3),(159,24,4),(160,24,5),(161,24,7),(162,24,8),(163,24,9),(152,24,10),(153,24,11),(154,24,12),(155,24,13),(156,24,14),(150,24,17),(151,24,18),(88,25,1),(89,25,2),(87,25,14),(139,27,10),(140,27,11),(141,27,12),(142,27,13),(143,27,14),(144,28,1),(145,28,2),(146,28,3),(147,28,4),(148,28,5),(149,28,6),(164,29,23),(165,29,24),(166,29,25),(167,29,26),(168,29,27),(169,29,28),(170,29,29),(171,29,30),(172,29,31),(173,29,32),(174,29,33),(175,29,34),(176,29,35),(177,29,36),(178,29,37),(179,29,38),(180,29,39),(181,29,40),(182,29,41),(183,29,42),(184,29,43),(185,29,44),(186,29,45),(187,29,46),(188,29,47),(189,29,48),(190,29,49),(191,29,50),(192,29,51),(193,29,52),(194,29,53),(195,29,54),(196,29,55),(197,29,56),(198,29,57),(199,29,58),(200,29,59),(201,29,60),(202,29,61),(203,29,62),(204,29,63),(205,29,64),(206,29,65),(207,29,66),(208,29,67),(209,29,68),(210,29,69),(211,29,70),(212,29,71),(213,29,72),(214,29,73),(215,29,74),(216,29,75),(217,29,76),(218,29,77),(224,30,1),(225,30,2),(226,30,3),(227,30,4),(228,30,5),(219,30,10),(220,30,11),(221,30,12),(222,30,13),(223,30,14),(229,31,1),(230,31,2),(231,31,3),(232,31,4),(233,32,105),(234,32,106),(235,32,107),(297,33,108),(298,33,109),(299,33,110),(300,33,111),(301,33,112),(302,33,113),(303,33,114),(304,33,115),(305,33,116),(306,33,117),(307,33,118),(308,33,119),(309,33,120),(310,33,121),(311,33,122),(312,33,123),(313,33,124),(314,33,125),(315,33,126),(316,33,127),(317,33,128),(318,33,129),(319,33,130),(320,33,131),(321,33,132),(322,33,133),(323,33,134),(324,33,135),(325,33,136),(326,33,137),(327,33,138),(328,33,139),(329,33,140),(330,33,141),(331,33,142),(332,33,143),(333,33,144),(334,33,145),(335,33,146),(336,33,147),(337,33,148),(338,33,149),(339,33,150),(340,33,151),(341,33,152),(446,34,76),(447,34,77),(442,34,95),(443,34,96),(444,34,151),(445,34,152);
/*!40000 ALTER TABLE `questionnaire_asset` ENABLE KEYS */;
UNLOCK TABLES;

--
-- Table structure for table `questionnaire_question`
--

DROP TABLE IF EXISTS `questionnaire_question`;
/*!40101 SET @saved_cs_client     = @@character_set_client */;
/*!40101 SET character_set_client = utf8 */;
CREATE TABLE `questionnaire_question` (
  `id` int(11) NOT NULL AUTO_INCREMENT,
  `questionnaireId` int(11) DEFAULT NULL,
  `questionId` int(11) NOT NULL,
  `questionnaireAssetId` int(11) DEFAULT NULL,
  `parameterId` int(11) NOT NULL,
  `sequenceNumber` int(11) DEFAULT NULL,
  PRIMARY KEY (`id`),
  UNIQUE KEY `questionnaire_question_questionnaireId_questionId_parameterId` (`questionnaireId`,`parameterId`,`questionId`,`questionnaireAssetId`),
  KEY `questionnaire_question_questionnaireId_fk_idx` (`questionnaireId`),
  KEY `questionnaire_question_questionId_fk_idx` (`questionId`),
  KEY `questionnaire_question_assetId_fk_idx` (`questionnaireAssetId`),
  KEY `questionnaire_question_parameterId_fk_idx` (`parameterId`),
  CONSTRAINT `questionnaire_question_parameterId_fk` FOREIGN KEY (`parameterId`) REFERENCES `parameter` (`id`) ON DELETE NO ACTION ON UPDATE NO ACTION,
  CONSTRAINT `questionnaire_question_questionId_fk` FOREIGN KEY (`questionId`) REFERENCES `question` (`id`) ON DELETE NO ACTION ON UPDATE NO ACTION,
  CONSTRAINT `questionnaire_question_questionnaireAssetId_fk` FOREIGN KEY (`questionnaireAssetId`) REFERENCES `questionnaire_asset` (`id`) ON DELETE NO ACTION ON UPDATE NO ACTION,
  CONSTRAINT `questionnaire_question_questionnaireId_fk` FOREIGN KEY (`questionnaireId`) REFERENCES `questionnaire` (`id`) ON DELETE NO ACTION ON UPDATE NO ACTION
) ENGINE=InnoDB AUTO_INCREMENT=3721 DEFAULT CHARSET=latin1;
/*!40101 SET character_set_client = @saved_cs_client */;

--
-- Dumping data for table `questionnaire_question`
--

LOCK TABLES `questionnaire_question` WRITE;
/*!40000 ALTER TABLE `questionnaire_question` DISABLE KEYS */;
INSERT INTO `questionnaire_question` VALUES (1310,28,88,145,91,1),(1311,28,87,145,91,2),(1312,28,86,145,91,3),(1313,28,88,149,91,4),(1314,28,87,149,91,5),(1315,28,86,149,91,6),(1316,28,88,146,91,7),(1317,28,87,146,91,8),(1318,28,86,146,91,9),(1319,28,88,148,91,10),(1320,28,87,148,91,11),(1321,28,86,148,91,12),(1322,28,88,144,91,13),(1323,28,87,144,91,14),(1324,28,86,144,91,15),(1325,28,88,147,91,16),(1326,28,87,147,91,17),(1327,28,86,147,91,18),(1328,29,122,177,96,1),(1329,29,114,177,96,2),(1330,29,118,177,96,3),(1331,29,113,177,96,4),(1332,29,124,177,96,5),(1333,29,121,177,96,6),(1334,29,128,177,92,7),(1335,29,123,177,92,8),(1336,29,112,177,93,9),(1337,29,116,177,93,10),(1338,29,115,177,93,11),(1339,29,117,177,94,12),(1340,29,118,177,94,13),(1341,29,120,177,94,14),(1342,29,107,177,95,15),(1343,29,110,177,95,16),(1344,29,122,188,96,17),(1345,29,114,188,96,18),(1346,29,118,188,96,19),(1347,29,113,188,96,20),(1348,29,124,188,96,21),(1349,29,121,188,96,22),(1350,29,128,188,92,23),(1351,29,123,188,92,24),(1352,29,112,188,93,25),(1353,29,116,188,93,26),(1354,29,115,188,93,27),(1355,29,117,188,94,28),(1356,29,118,188,94,29),(1357,29,120,188,94,30),(1358,29,107,188,95,31),(1359,29,110,188,95,32),(1360,29,122,170,96,33),(1361,29,114,170,96,34),(1362,29,118,170,96,35),(1363,29,113,170,96,36),(1364,29,124,170,96,37),(1365,29,121,170,96,38),(1366,29,128,170,92,39),(1367,29,123,170,92,40),(1368,29,112,170,93,41),(1369,29,116,170,93,42),(1370,29,115,170,93,43),(1371,29,117,170,94,44),(1372,29,118,170,94,45),(1373,29,120,170,94,46),(1374,29,107,170,95,47),(1375,29,110,170,95,48),(1376,29,122,167,96,49),(1377,29,114,167,96,50),(1378,29,118,167,96,51),(1379,29,113,167,96,52),(1380,29,124,167,96,53),(1381,29,121,167,96,54),(1382,29,128,167,92,55),(1383,29,123,167,92,56),(1384,29,112,167,93,57),(1385,29,116,167,93,58),(1386,29,115,167,93,59),(1387,29,117,167,94,60),(1388,29,118,167,94,61),(1389,29,120,167,94,62),(1390,29,107,167,95,63),(1391,29,110,167,95,64),(1392,29,122,191,96,65),(1393,29,114,191,96,66),(1394,29,118,191,96,67),(1395,29,113,191,96,68),(1396,29,124,191,96,69),(1397,29,121,191,96,70),(1398,29,128,191,92,71),(1399,29,123,191,92,72),(1400,29,112,191,93,73),(1401,29,116,191,93,74),(1402,29,115,191,93,75),(1403,29,117,191,94,76),(1404,29,118,191,94,77),(1405,29,120,191,94,78),(1406,29,107,191,95,79),(1407,29,110,191,95,80),(1408,29,122,168,96,81),(1409,29,114,168,96,82),(1410,29,118,168,96,83),(1411,29,113,168,96,84),(1412,29,124,168,96,85),(1413,29,121,168,96,86),(1414,29,128,168,92,87),(1415,29,123,168,92,88),(1416,29,112,168,93,89),(1417,29,116,168,93,90),(1418,29,115,168,93,91),(1419,29,117,168,94,92),(1420,29,118,168,94,93),(1421,29,120,168,94,94),(1422,29,107,168,95,95),(1423,29,110,168,95,96),(1424,29,122,204,96,97),(1425,29,114,204,96,98),(1426,29,118,204,96,99),(1427,29,113,204,96,100),(1428,29,124,204,96,101),(1429,29,121,204,96,102),(1430,29,128,204,92,103),(1431,29,123,204,92,104),(1432,29,112,204,93,105),(1433,29,116,204,93,106),(1434,29,115,204,93,107),(1435,29,117,204,94,108),(1436,29,118,204,94,109),(1437,29,120,204,94,110),(1438,29,107,204,95,111),(1439,29,110,204,95,112),(1440,29,122,166,96,113),(1441,29,114,166,96,114),(1442,29,118,166,96,115),(1443,29,113,166,96,116),(1444,29,124,166,96,117),(1445,29,121,166,96,118),(1446,29,128,166,92,119),(1447,29,123,166,92,120),(1448,29,112,166,93,121),(1449,29,116,166,93,122),(1450,29,115,166,93,123),(1451,29,117,166,94,124),(1452,29,118,166,94,125),(1453,29,120,166,94,126),(1454,29,107,166,95,127),(1455,29,110,166,95,128),(1456,29,122,164,96,129),(1457,29,114,164,96,130),(1458,29,118,164,96,131),(1459,29,113,164,96,132),(1460,29,124,164,96,133),(1461,29,121,164,96,134),(1462,29,128,164,92,135),(1463,29,123,164,92,136),(1464,29,112,164,93,137),(1465,29,116,164,93,138),(1466,29,115,164,93,139),(1467,29,117,164,94,140),(1468,29,118,164,94,141),(1469,29,120,164,94,142),(1470,29,107,164,95,143),(1471,29,110,164,95,144),(1472,29,122,196,96,145),(1473,29,114,196,96,146),(1474,29,118,196,96,147),(1475,29,113,196,96,148),(1476,29,124,196,96,149),(1477,29,121,196,96,150),(1478,29,128,196,92,151),(1479,29,123,196,92,152),(1480,29,112,196,93,153),(1481,29,116,196,93,154),(1482,29,115,196,93,155),(1483,29,117,196,94,156),(1484,29,118,196,94,157),(1485,29,120,196,94,158),(1486,29,107,196,95,159),(1487,29,110,196,95,160),(1488,29,122,209,96,161),(1489,29,114,209,96,162),(1490,29,118,209,96,163),(1491,29,113,209,96,164),(1492,29,124,209,96,165),(1493,29,121,209,96,166),(1494,29,128,209,92,167),(1495,29,123,209,92,168),(1496,29,112,209,93,169),(1497,29,116,209,93,170),(1498,29,115,209,93,171),(1499,29,117,209,94,172),(1500,29,118,209,94,173),(1501,29,120,209,94,174),(1502,29,107,209,95,175),(1503,29,110,209,95,176),(1504,29,122,182,96,177),(1505,29,114,182,96,178),(1506,29,118,182,96,179),(1507,29,113,182,96,180),(1508,29,124,182,96,181),(1509,29,121,182,96,182),(1510,29,128,182,92,183),(1511,29,123,182,92,184),(1512,29,112,182,93,185),(1513,29,116,182,93,186),(1514,29,115,182,93,187),(1515,29,117,182,94,188),(1516,29,118,182,94,189),(1517,29,120,182,94,190),(1518,29,107,182,95,191),(1519,29,110,182,95,192),(1520,29,122,218,96,193),(1521,29,114,218,96,194),(1522,29,118,218,96,195),(1523,29,113,218,96,196),(1524,29,124,218,96,197),(1525,29,121,218,96,198),(1526,29,128,218,92,199),(1527,29,123,218,92,200),(1528,29,112,218,93,201),(1529,29,116,218,93,202),(1530,29,115,218,93,203),(1531,29,117,218,94,204),(1532,29,118,218,94,205),(1533,29,120,218,94,206),(1534,29,107,218,95,207),(1535,29,110,218,95,208),(1536,29,122,193,96,209),(1537,29,114,193,96,210),(1538,29,118,193,96,211),(1539,29,113,193,96,212),(1540,29,124,193,96,213),(1541,29,121,193,96,214),(1542,29,128,193,92,215),(1543,29,123,193,92,216),(1544,29,112,193,93,217),(1545,29,116,193,93,218),(1546,29,115,193,93,219),(1547,29,117,193,94,220),(1548,29,118,193,94,221),(1549,29,120,193,94,222),(1550,29,107,193,95,223),(1551,29,110,193,95,224),(1552,29,122,187,96,225),(1553,29,114,187,96,226),(1554,29,118,187,96,227),(1555,29,113,187,96,228),(1556,29,124,187,96,229),(1557,29,121,187,96,230),(1558,29,128,187,92,231),(1559,29,123,187,92,232),(1560,29,112,187,93,233),(1561,29,116,187,93,234),(1562,29,115,187,93,235),(1563,29,117,187,94,236),(1564,29,118,187,94,237),(1565,29,120,187,94,238),(1566,29,107,187,95,239),(1567,29,110,187,95,240),(1568,29,122,213,96,241),(1569,29,114,213,96,242),(1570,29,118,213,96,243),(1571,29,113,213,96,244),(1572,29,124,213,96,245),(1573,29,121,213,96,246),(1574,29,128,213,92,247),(1575,29,123,213,92,248),(1576,29,112,213,93,249),(1577,29,116,213,93,250),(1578,29,115,213,93,251),(1579,29,117,213,94,252),(1580,29,118,213,94,253),(1581,29,120,213,94,254),(1582,29,107,213,95,255),(1583,29,110,213,95,256),(1584,29,122,206,96,257),(1585,29,114,206,96,258),(1586,29,118,206,96,259),(1587,29,113,206,96,260),(1588,29,124,206,96,261),(1589,29,121,206,96,262),(1590,29,128,206,92,263),(1591,29,123,206,92,264),(1592,29,112,206,93,265),(1593,29,116,206,93,266),(1594,29,115,206,93,267),(1595,29,117,206,94,268),(1596,29,118,206,94,269),(1597,29,120,206,94,270),(1598,29,107,206,95,271),(1599,29,110,206,95,272),(1600,29,122,208,96,273),(1601,29,114,208,96,274),(1602,29,118,208,96,275),(1603,29,113,208,96,276),(1604,29,124,208,96,277),(1605,29,121,208,96,278),(1606,29,128,208,92,279),(1607,29,123,208,92,280),(1608,29,112,208,93,281),(1609,29,116,208,93,282),(1610,29,115,208,93,283),(1611,29,117,208,94,284),(1612,29,118,208,94,285),(1613,29,120,208,94,286),(1614,29,107,208,95,287),(1615,29,110,208,95,288),(1616,29,122,214,96,289),(1617,29,114,214,96,290),(1618,29,118,214,96,291),(1619,29,113,214,96,292),(1620,29,124,214,96,293),(1621,29,121,214,96,294),(1622,29,128,214,92,295),(1623,29,123,214,92,296),(1624,29,112,214,93,297),(1625,29,116,214,93,298),(1626,29,115,214,93,299),(1627,29,117,214,94,300),(1628,29,118,214,94,301),(1629,29,120,214,94,302),(1630,29,107,214,95,303),(1631,29,110,214,95,304),(1632,29,122,171,96,305),(1633,29,114,171,96,306),(1634,29,118,171,96,307),(1635,29,113,171,96,308),(1636,29,124,171,96,309),(1637,29,121,171,96,310),(1638,29,128,171,92,311),(1639,29,123,171,92,312),(1640,29,112,171,93,313),(1641,29,116,171,93,314),(1642,29,115,171,93,315),(1643,29,117,171,94,316),(1644,29,118,171,94,317),(1645,29,120,171,94,318),(1646,29,107,171,95,319),(1647,29,110,171,95,320),(1648,29,122,199,96,321),(1649,29,114,199,96,322),(1650,29,118,199,96,323),(1651,29,113,199,96,324),(1652,29,124,199,96,325),(1653,29,121,199,96,326),(1654,29,128,199,92,327),(1655,29,123,199,92,328),(1656,29,112,199,93,329),(1657,29,116,199,93,330),(1658,29,115,199,93,331),(1659,29,117,199,94,332),(1660,29,118,199,94,333),(1661,29,120,199,94,334),(1662,29,107,199,95,335),(1663,29,110,199,95,336),(1664,29,122,185,96,337),(1665,29,114,185,96,338),(1666,29,118,185,96,339),(1667,29,113,185,96,340),(1668,29,124,185,96,341),(1669,29,121,185,96,342),(1670,29,128,185,92,343),(1671,29,123,185,92,344),(1672,29,112,185,93,345),(1673,29,116,185,93,346),(1674,29,115,185,93,347),(1675,29,117,185,94,348),(1676,29,118,185,94,349),(1677,29,120,185,94,350),(1678,29,107,185,95,351),(1679,29,110,185,95,352),(1680,29,122,178,96,353),(1681,29,114,178,96,354),(1682,29,118,178,96,355),(1683,29,113,178,96,356),(1684,29,124,178,96,357),(1685,29,121,178,96,358),(1686,29,128,178,92,359),(1687,29,123,178,92,360),(1688,29,112,178,93,361),(1689,29,116,178,93,362),(1690,29,115,178,93,363),(1691,29,117,178,94,364),(1692,29,118,178,94,365),(1693,29,120,178,94,366),(1694,29,107,178,95,367),(1695,29,110,178,95,368),(1696,29,122,180,96,369),(1697,29,114,180,96,370),(1698,29,118,180,96,371),(1699,29,113,180,96,372),(1700,29,124,180,96,373),(1701,29,121,180,96,374),(1702,29,128,180,92,375),(1703,29,123,180,92,376),(1704,29,112,180,93,377),(1705,29,116,180,93,378),(1706,29,115,180,93,379),(1707,29,117,180,94,380),(1708,29,118,180,94,381),(1709,29,120,180,94,382),(1710,29,107,180,95,383),(1711,29,110,180,95,384),(1712,29,122,186,96,385),(1713,29,114,186,96,386),(1714,29,118,186,96,387),(1715,29,113,186,96,388),(1716,29,124,186,96,389),(1717,29,121,186,96,390),(1718,29,128,186,92,391),(1719,29,123,186,92,392),(1720,29,112,186,93,393),(1721,29,116,186,93,394),(1722,29,115,186,93,395),(1723,29,117,186,94,396),(1724,29,118,186,94,397),(1725,29,120,186,94,398),(1726,29,107,186,95,399),(1727,29,110,186,95,400),(1728,29,122,190,96,401),(1729,29,114,190,96,402),(1730,29,118,190,96,403),(1731,29,113,190,96,404),(1732,29,124,190,96,405),(1733,29,121,190,96,406),(1734,29,128,190,92,407),(1735,29,123,190,92,408),(1736,29,112,190,93,409),(1737,29,116,190,93,410),(1738,29,115,190,93,411),(1739,29,117,190,94,412),(1740,29,118,190,94,413),(1741,29,120,190,94,414),(1742,29,107,190,95,415),(1743,29,110,190,95,416),(1744,29,122,197,96,417),(1745,29,114,197,96,418),(1746,29,118,197,96,419),(1747,29,113,197,96,420),(1748,29,124,197,96,421),(1749,29,121,197,96,422),(1750,29,128,197,92,423),(1751,29,123,197,92,424),(1752,29,112,197,93,425),(1753,29,116,197,93,426),(1754,29,115,197,93,427),(1755,29,117,197,94,428),(1756,29,118,197,94,429),(1757,29,120,197,94,430),(1758,29,107,197,95,431),(1759,29,110,197,95,432),(1760,29,122,192,96,433),(1761,29,114,192,96,434),(1762,29,118,192,96,435),(1763,29,113,192,96,436),(1764,29,124,192,96,437),(1765,29,121,192,96,438),(1766,29,128,192,92,439),(1767,29,123,192,92,440),(1768,29,112,192,93,441),(1769,29,116,192,93,442),(1770,29,115,192,93,443),(1771,29,117,192,94,444),(1772,29,118,192,94,445),(1773,29,120,192,94,446),(1774,29,107,192,95,447),(1775,29,110,192,95,448),(1776,29,122,195,96,449),(1777,29,114,195,96,450),(1778,29,118,195,96,451),(1779,29,113,195,96,452),(1780,29,124,195,96,453),(1781,29,121,195,96,454),(1782,29,128,195,92,455),(1783,29,123,195,92,456),(1784,29,112,195,93,457),(1785,29,116,195,93,458),(1786,29,115,195,93,459),(1787,29,117,195,94,460),(1788,29,118,195,94,461),(1789,29,120,195,94,462),(1790,29,107,195,95,463),(1791,29,110,195,95,464),(1792,29,122,183,96,465),(1793,29,114,183,96,466),(1794,29,118,183,96,467),(1795,29,113,183,96,468),(1796,29,124,183,96,469),(1797,29,121,183,96,470),(1798,29,128,183,92,471),(1799,29,123,183,92,472),(1800,29,112,183,93,473),(1801,29,116,183,93,474),(1802,29,115,183,93,475),(1803,29,117,183,94,476),(1804,29,118,183,94,477),(1805,29,120,183,94,478),(1806,29,107,183,95,479),(1807,29,110,183,95,480),(1808,29,122,215,96,481),(1809,29,114,215,96,482),(1810,29,118,215,96,483),(1811,29,113,215,96,484),(1812,29,124,215,96,485),(1813,29,121,215,96,486),(1814,29,128,215,92,487),(1815,29,123,215,92,488),(1816,29,112,215,93,489),(1817,29,116,215,93,490),(1818,29,115,215,93,491),(1819,29,117,215,94,492),(1820,29,118,215,94,493),(1821,29,120,215,94,494),(1822,29,107,215,95,495),(1823,29,110,215,95,496),(1824,29,122,210,96,497),(1825,29,114,210,96,498),(1826,29,118,210,96,499),(1827,29,113,210,96,500),(1828,29,124,210,96,501),(1829,29,121,210,96,502),(1830,29,128,210,92,503),(1831,29,123,210,92,504),(1832,29,112,210,93,505),(1833,29,116,210,93,506),(1834,29,115,210,93,507),(1835,29,117,210,94,508),(1836,29,118,210,94,509),(1837,29,120,210,94,510),(1838,29,107,210,95,511),(1839,29,110,210,95,512),(1840,29,122,202,96,513),(1841,29,114,202,96,514),(1842,29,118,202,96,515),(1843,29,113,202,96,516),(1844,29,124,202,96,517),(1845,29,121,202,96,518),(1846,29,128,202,92,519),(1847,29,123,202,92,520),(1848,29,112,202,93,521),(1849,29,116,202,93,522),(1850,29,115,202,93,523),(1851,29,117,202,94,524),(1852,29,118,202,94,525),(1853,29,120,202,94,526),(1854,29,107,202,95,527),(1855,29,110,202,95,528),(1856,29,122,198,96,529),(1857,29,114,198,96,530),(1858,29,118,198,96,531),(1859,29,113,198,96,532),(1860,29,124,198,96,533),(1861,29,121,198,96,534),(1862,29,128,198,92,535),(1863,29,123,198,92,536),(1864,29,112,198,93,537),(1865,29,116,198,93,538),(1866,29,115,198,93,539),(1867,29,117,198,94,540),(1868,29,118,198,94,541),(1869,29,120,198,94,542),(1870,29,107,198,95,543),(1871,29,110,198,95,544),(1872,29,122,211,96,545),(1873,29,114,211,96,546),(1874,29,118,211,96,547),(1875,29,113,211,96,548),(1876,29,124,211,96,549),(1877,29,121,211,96,550),(1878,29,128,211,92,551),(1879,29,123,211,92,552),(1880,29,112,211,93,553),(1881,29,116,211,93,554),(1882,29,115,211,93,555),(1883,29,117,211,94,556),(1884,29,118,211,94,557),(1885,29,120,211,94,558),(1886,29,107,211,95,559),(1887,29,110,211,95,560),(1888,29,122,175,96,561),(1889,29,114,175,96,562),(1890,29,118,175,96,563),(1891,29,113,175,96,564),(1892,29,124,175,96,565),(1893,29,121,175,96,566),(1894,29,128,175,92,567),(1895,29,123,175,92,568),(1896,29,112,175,93,569),(1897,29,116,175,93,570),(1898,29,115,175,93,571),(1899,29,117,175,94,572),(1900,29,118,175,94,573),(1901,29,120,175,94,574),(1902,29,107,175,95,575),(1903,29,110,175,95,576),(1904,29,122,169,96,577),(1905,29,114,169,96,578),(1906,29,118,169,96,579),(1907,29,113,169,96,580),(1908,29,124,169,96,581),(1909,29,121,169,96,582),(1910,29,128,169,92,583),(1911,29,123,169,92,584),(1912,29,112,169,93,585),(1913,29,116,169,93,586),(1914,29,115,169,93,587),(1915,29,117,169,94,588),(1916,29,118,169,94,589),(1917,29,120,169,94,590),(1918,29,107,169,95,591),(1919,29,110,169,95,592),(1920,29,122,173,96,593),(1921,29,114,173,96,594),(1922,29,118,173,96,595),(1923,29,113,173,96,596),(1924,29,124,173,96,597),(1925,29,121,173,96,598),(1926,29,128,173,92,599),(1927,29,123,173,92,600),(1928,29,112,173,93,601),(1929,29,116,173,93,602),(1930,29,115,173,93,603),(1931,29,117,173,94,604),(1932,29,118,173,94,605),(1933,29,120,173,94,606),(1934,29,107,173,95,607),(1935,29,110,173,95,608),(1936,29,122,176,96,609),(1937,29,114,176,96,610),(1938,29,118,176,96,611),(1939,29,113,176,96,612),(1940,29,124,176,96,613),(1941,29,121,176,96,614),(1942,29,128,176,92,615),(1943,29,123,176,92,616),(1944,29,112,176,93,617),(1945,29,116,176,93,618),(1946,29,115,176,93,619),(1947,29,117,176,94,620),(1948,29,118,176,94,621),(1949,29,120,176,94,622),(1950,29,107,176,95,623),(1951,29,110,176,95,624),(1952,29,122,217,96,625),(1953,29,114,217,96,626),(1954,29,118,217,96,627),(1955,29,113,217,96,628),(1956,29,124,217,96,629),(1957,29,121,217,96,630),(1958,29,128,217,92,631),(1959,29,123,217,92,632),(1960,29,112,217,93,633),(1961,29,116,217,93,634),(1962,29,115,217,93,635),(1963,29,117,217,94,636),(1964,29,118,217,94,637),(1965,29,120,217,94,638),(1966,29,107,217,95,639),(1967,29,110,217,95,640),(1968,29,122,179,96,641),(1969,29,114,179,96,642),(1970,29,118,179,96,643),(1971,29,113,179,96,644),(1972,29,124,179,96,645),(1973,29,121,179,96,646),(1974,29,128,179,92,647),(1975,29,123,179,92,648),(1976,29,112,179,93,649),(1977,29,116,179,93,650),(1978,29,115,179,93,651),(1979,29,117,179,94,652),(1980,29,118,179,94,653),(1981,29,120,179,94,654),(1982,29,107,179,95,655),(1983,29,110,179,95,656),(1984,29,122,207,96,657),(1985,29,114,207,96,658),(1986,29,118,207,96,659),(1987,29,113,207,96,660),(1988,29,124,207,96,661),(1989,29,121,207,96,662),(1990,29,128,207,92,663),(1991,29,123,207,92,664),(1992,29,112,207,93,665),(1993,29,116,207,93,666),(1994,29,115,207,93,667),(1995,29,117,207,94,668),(1996,29,118,207,94,669),(1997,29,120,207,94,670),(1998,29,107,207,95,671),(1999,29,110,207,95,672),(2000,29,122,181,96,673),(2001,29,114,181,96,674),(2002,29,118,181,96,675),(2003,29,113,181,96,676),(2004,29,124,181,96,677),(2005,29,121,181,96,678),(2006,29,128,181,92,679),(2007,29,123,181,92,680),(2008,29,112,181,93,681),(2009,29,116,181,93,682),(2010,29,115,181,93,683),(2011,29,117,181,94,684),(2012,29,118,181,94,685),(2013,29,120,181,94,686),(2014,29,107,181,95,687),(2015,29,110,181,95,688),(2016,29,122,184,96,689),(2017,29,114,184,96,690),(2018,29,118,184,96,691),(2019,29,113,184,96,692),(2020,29,124,184,96,693),(2021,29,121,184,96,694),(2022,29,128,184,92,695),(2023,29,123,184,92,696),(2024,29,112,184,93,697),(2025,29,116,184,93,698),(2026,29,115,184,93,699),(2027,29,117,184,94,700),(2028,29,118,184,94,701),(2029,29,120,184,94,702),(2030,29,107,184,95,703),(2031,29,110,184,95,704),(2032,29,122,165,96,705),(2033,29,114,165,96,706),(2034,29,118,165,96,707),(2035,29,113,165,96,708),(2036,29,124,165,96,709),(2037,29,121,165,96,710),(2038,29,128,165,92,711),(2039,29,123,165,92,712),(2040,29,112,165,93,713),(2041,29,116,165,93,714),(2042,29,115,165,93,715),(2043,29,117,165,94,716),(2044,29,118,165,94,717),(2045,29,120,165,94,718),(2046,29,107,165,95,719),(2047,29,110,165,95,720),(2048,29,122,172,96,721),(2049,29,114,172,96,722),(2050,29,118,172,96,723),(2051,29,113,172,96,724),(2052,29,124,172,96,725),(2053,29,121,172,96,726),(2054,29,128,172,92,727),(2055,29,123,172,92,728),(2056,29,112,172,93,729),(2057,29,116,172,93,730),(2058,29,115,172,93,731),(2059,29,117,172,94,732),(2060,29,118,172,94,733),(2061,29,120,172,94,734),(2062,29,107,172,95,735),(2063,29,110,172,95,736),(2064,29,122,203,96,737),(2065,29,114,203,96,738),(2066,29,118,203,96,739),(2067,29,113,203,96,740),(2068,29,124,203,96,741),(2069,29,121,203,96,742),(2070,29,128,203,92,743),(2071,29,123,203,92,744),(2072,29,112,203,93,745),(2073,29,116,203,93,746),(2074,29,115,203,93,747),(2075,29,117,203,94,748),(2076,29,118,203,94,749),(2077,29,120,203,94,750),(2078,29,107,203,95,751),(2079,29,110,203,95,752),(2080,29,122,212,96,753),(2081,29,114,212,96,754),(2082,29,118,212,96,755),(2083,29,113,212,96,756),(2084,29,124,212,96,757),(2085,29,121,212,96,758),(2086,29,128,212,92,759),(2087,29,123,212,92,760),(2088,29,112,212,93,761),(2089,29,116,212,93,762),(2090,29,115,212,93,763),(2091,29,117,212,94,764),(2092,29,118,212,94,765),(2093,29,120,212,94,766),(2094,29,107,212,95,767),(2095,29,110,212,95,768),(2096,29,122,194,96,769),(2097,29,114,194,96,770),(2098,29,118,194,96,771),(2099,29,113,194,96,772),(2100,29,124,194,96,773),(2101,29,121,194,96,774),(2102,29,128,194,92,775),(2103,29,123,194,92,776),(2104,29,112,194,93,777),(2105,29,116,194,93,778),(2106,29,115,194,93,779),(2107,29,117,194,94,780),(2108,29,118,194,94,781),(2109,29,120,194,94,782),(2110,29,107,194,95,783),(2111,29,110,194,95,784),(2112,29,122,174,96,785),(2113,29,114,174,96,786),(2114,29,118,174,96,787),(2115,29,113,174,96,788),(2116,29,124,174,96,789),(2117,29,121,174,96,790),(2118,29,128,174,92,791),(2119,29,123,174,92,792),(2120,29,112,174,93,793),(2121,29,116,174,93,794),(2122,29,115,174,93,795),(2123,29,117,174,94,796),(2124,29,118,174,94,797),(2125,29,120,174,94,798),(2126,29,107,174,95,799),(2127,29,110,174,95,800),(2128,29,122,200,96,801),(2129,29,114,200,96,802),(2130,29,118,200,96,803),(2131,29,113,200,96,804),(2132,29,124,200,96,805),(2133,29,121,200,96,806),(2134,29,128,200,92,807),(2135,29,123,200,92,808),(2136,29,112,200,93,809),(2137,29,116,200,93,810),(2138,29,115,200,93,811),(2139,29,117,200,94,812),(2140,29,118,200,94,813),(2141,29,120,200,94,814),(2142,29,107,200,95,815),(2143,29,110,200,95,816),(2144,29,122,189,96,817),(2145,29,114,189,96,818),(2146,29,118,189,96,819),(2147,29,113,189,96,820),(2148,29,124,189,96,821),(2149,29,121,189,96,822),(2150,29,128,189,92,823),(2151,29,123,189,92,824),(2152,29,112,189,93,825),(2153,29,116,189,93,826),(2154,29,115,189,93,827),(2155,29,117,189,94,828),(2156,29,118,189,94,829),(2157,29,120,189,94,830),(2158,29,107,189,95,831),(2159,29,110,189,95,832),(2160,29,122,216,96,833),(2161,29,114,216,96,834),(2162,29,118,216,96,835),(2163,29,113,216,96,836),(2164,29,124,216,96,837),(2165,29,121,216,96,838),(2166,29,128,216,92,839),(2167,29,123,216,92,840),(2168,29,112,216,93,841),(2169,29,116,216,93,842),(2170,29,115,216,93,843),(2171,29,117,216,94,844),(2172,29,118,216,94,845),(2173,29,120,216,94,846),(2174,29,107,216,95,847),(2175,29,110,216,95,848),(2176,29,122,201,96,849),(2177,29,114,201,96,850),(2178,29,118,201,96,851),(2179,29,113,201,96,852),(2180,29,124,201,96,853),(2181,29,121,201,96,854),(2182,29,128,201,92,855),(2183,29,123,201,92,856),(2184,29,112,201,93,857),(2185,29,116,201,93,858),(2186,29,115,201,93,859),(2187,29,117,201,94,860),(2188,29,118,201,94,861),(2189,29,120,201,94,862),(2190,29,107,201,95,863),(2191,29,110,201,95,864),(2192,29,122,205,96,865),(2193,29,114,205,96,866),(2194,29,118,205,96,867),(2195,29,113,205,96,868),(2196,29,124,205,96,869),(2197,29,121,205,96,870),(2198,29,128,205,92,871),(2199,29,123,205,92,872),(2200,29,112,205,93,873),(2201,29,116,205,93,874),(2202,29,115,205,93,875),(2203,29,117,205,94,876),(2204,29,118,205,94,877),(2205,29,120,205,94,878),(2206,29,107,205,95,879),(2207,29,110,205,95,880),(2208,30,89,226,97,1),(2209,30,86,226,97,2),(2210,30,88,226,97,3),(2211,30,87,226,97,4),(2212,30,89,222,97,5),(2213,30,86,222,97,6),(2214,30,88,222,97,7),(2215,30,87,222,97,8),(2216,30,89,228,97,9),(2217,30,86,228,97,10),(2218,30,88,228,97,11),(2219,30,87,228,97,12),(2220,30,89,221,97,13),(2221,30,86,221,97,14),(2222,30,88,221,97,15),(2223,30,87,221,97,16),(2224,30,89,220,97,17),(2225,30,86,220,97,18),(2226,30,88,220,97,19),(2227,30,87,220,97,20),(2228,30,89,227,97,21),(2229,30,86,227,97,22),(2230,30,88,227,97,23),(2231,30,87,227,97,24),(2232,30,89,219,97,25),(2233,30,86,219,97,26),(2234,30,88,219,97,27),(2235,30,87,219,97,28),(2236,30,89,225,97,29),(2237,30,86,225,97,30),(2238,30,88,225,97,31),(2239,30,87,225,97,32),(2240,30,89,224,97,33),(2241,30,86,224,97,34),(2242,30,88,224,97,35),(2243,30,87,224,97,36),(2244,30,89,223,97,37),(2245,30,86,223,97,38),(2246,30,88,223,97,39),(2247,30,87,223,97,40),(2248,31,88,231,98,1),(2249,31,86,231,98,2),(2250,31,87,231,98,3),(2251,31,96,231,100,4),(2252,31,94,231,100,5),(2253,31,95,231,100,6),(2254,31,88,232,98,7),(2255,31,86,232,98,8),(2256,31,87,232,98,9),(2257,31,96,232,100,10),(2258,31,94,232,100,11),(2259,31,95,232,100,12),(2260,31,88,230,98,13),(2261,31,86,230,98,14),(2262,31,87,230,98,15),(2263,31,96,230,100,16),(2264,31,94,230,100,17),(2265,31,95,230,100,18),(2266,31,88,229,98,19),(2267,31,86,229,98,20),(2268,31,87,229,98,21),(2269,31,96,229,100,22),(2270,31,94,229,100,23),(2271,31,95,229,100,24),(2272,32,129,235,101,1),(2273,32,129,234,101,2),(2274,32,129,233,101,3),(2590,33,135,318,102,1),(2591,33,134,318,103,2),(2592,33,133,318,103,3),(2593,33,136,318,103,4),(2594,33,132,318,103,5),(2595,33,131,318,103,6),(2596,33,130,318,104,7),(2597,33,135,319,102,8),(2598,33,134,319,103,9),(2599,33,133,319,103,10),(2600,33,136,319,103,11),(2601,33,132,319,103,12),(2602,33,131,319,103,13),(2603,33,130,319,104,14),(2604,33,135,335,102,15),(2605,33,134,335,103,16),(2606,33,133,335,103,17),(2607,33,136,335,103,18),(2608,33,132,335,103,19),(2609,33,131,335,103,20),(2610,33,130,335,104,21),(2611,33,135,304,102,22),(2612,33,134,304,103,23),(2613,33,133,304,103,24),(2614,33,136,304,103,25),(2615,33,132,304,103,26),(2616,33,131,304,103,27),(2617,33,130,304,104,28),(2618,33,135,333,102,29),(2619,33,134,333,103,30),(2620,33,133,333,103,31),(2621,33,136,333,103,32),(2622,33,132,333,103,33),(2623,33,131,333,103,34),(2624,33,130,333,104,35),(2625,33,135,314,102,36),(2626,33,134,314,103,37),(2627,33,133,314,103,38),(2628,33,136,314,103,39),(2629,33,132,314,103,40),(2630,33,131,314,103,41),(2631,33,130,314,104,42),(2632,33,135,330,102,43),(2633,33,134,330,103,44),(2634,33,133,330,103,45),(2635,33,136,330,103,46),(2636,33,132,330,103,47),(2637,33,131,330,103,48),(2638,33,130,330,104,49),(2639,33,135,301,102,50),(2640,33,134,301,103,51),(2641,33,133,301,103,52),(2642,33,136,301,103,53),(2643,33,132,301,103,54),(2644,33,131,301,103,55),(2645,33,130,301,104,56),(2646,33,135,310,102,57),(2647,33,134,310,103,58),(2648,33,133,310,103,59),(2649,33,136,310,103,60),(2650,33,132,310,103,61),(2651,33,131,310,103,62),(2652,33,130,310,104,63),(2653,33,135,322,102,64),(2654,33,134,322,103,65),(2655,33,133,322,103,66),(2656,33,136,322,103,67),(2657,33,132,322,103,68),(2658,33,131,322,103,69),(2659,33,130,322,104,70),(2660,33,135,332,102,71),(2661,33,134,332,103,72),(2662,33,133,332,103,73),(2663,33,136,332,103,74),(2664,33,132,332,103,75),(2665,33,131,332,103,76),(2666,33,130,332,104,77),(2667,33,135,311,102,78),(2668,33,134,311,103,79),(2669,33,133,311,103,80),(2670,33,136,311,103,81),(2671,33,132,311,103,82),(2672,33,131,311,103,83),(2673,33,130,311,104,84),(2674,33,135,317,102,85),(2675,33,134,317,103,86),(2676,33,133,317,103,87),(2677,33,136,317,103,88),(2678,33,132,317,103,89),(2679,33,131,317,103,90),(2680,33,130,317,104,91),(2681,33,135,326,102,92),(2682,33,134,326,103,93),(2683,33,133,326,103,94),(2684,33,136,326,103,95),(2685,33,132,326,103,96),(2686,33,131,326,103,97),(2687,33,130,326,104,98),(2688,33,135,307,102,99),(2689,33,134,307,103,100),(2690,33,133,307,103,101),(2691,33,136,307,103,102),(2692,33,132,307,103,103),(2693,33,131,307,103,104),(2694,33,130,307,104,105),(2695,33,135,328,102,106),(2696,33,134,328,103,107),(2697,33,133,328,103,108),(2698,33,136,328,103,109),(2699,33,132,328,103,110),(2700,33,131,328,103,111),(2701,33,130,328,104,112),(2702,33,135,329,102,113),(2703,33,134,329,103,114),(2704,33,133,329,103,115),(2705,33,136,329,103,116),(2706,33,132,329,103,117),(2707,33,131,329,103,118),(2708,33,130,329,104,119),(2709,33,135,334,102,120),(2710,33,134,334,103,121),(2711,33,133,334,103,122),(2712,33,136,334,103,123),(2713,33,132,334,103,124),(2714,33,131,334,103,125),(2715,33,130,334,104,126),(2716,33,135,306,102,127),(2717,33,134,306,103,128),(2718,33,133,306,103,129),(2719,33,136,306,103,130),(2720,33,132,306,103,131),(2721,33,131,306,103,132),(2722,33,130,306,104,133),(2723,33,135,338,102,134),(2724,33,134,338,103,135),(2725,33,133,338,103,136),(2726,33,136,338,103,137),(2727,33,132,338,103,138),(2728,33,131,338,103,139),(2729,33,130,338,104,140),(2730,33,135,299,102,141),(2731,33,134,299,103,142),(2732,33,133,299,103,143),(2733,33,136,299,103,144),(2734,33,132,299,103,145),(2735,33,131,299,103,146),(2736,33,130,299,104,147),(2737,33,135,321,102,148),(2738,33,134,321,103,149),(2739,33,133,321,103,150),(2740,33,136,321,103,151),(2741,33,132,321,103,152),(2742,33,131,321,103,153),(2743,33,130,321,104,154),(2744,33,135,298,102,155),(2745,33,134,298,103,156),(2746,33,133,298,103,157),(2747,33,136,298,103,158),(2748,33,132,298,103,159),(2749,33,131,298,103,160),(2750,33,130,298,104,161),(2751,33,135,302,102,162),(2752,33,134,302,103,163),(2753,33,133,302,103,164),(2754,33,136,302,103,165),(2755,33,132,302,103,166),(2756,33,131,302,103,167),(2757,33,130,302,104,168),(2758,33,135,305,102,169),(2759,33,134,305,103,170),(2760,33,133,305,103,171),(2761,33,136,305,103,172),(2762,33,132,305,103,173),(2763,33,131,305,103,174),(2764,33,130,305,104,175),(2765,33,135,315,102,176),(2766,33,134,315,103,177),(2767,33,133,315,103,178),(2768,33,136,315,103,179),(2769,33,132,315,103,180),(2770,33,131,315,103,181),(2771,33,130,315,104,182),(2772,33,135,320,102,183),(2773,33,134,320,103,184),(2774,33,133,320,103,185),(2775,33,136,320,103,186),(2776,33,132,320,103,187),(2777,33,131,320,103,188),(2778,33,130,320,104,189),(2779,33,135,324,102,190),(2780,33,134,324,103,191),(2781,33,133,324,103,192),(2782,33,136,324,103,193),(2783,33,132,324,103,194),(2784,33,131,324,103,195),(2785,33,130,324,104,196),(2786,33,135,337,102,197),(2787,33,134,337,103,198),(2788,33,133,337,103,199),(2789,33,136,337,103,200),(2790,33,132,337,103,201),(2791,33,131,337,103,202),(2792,33,130,337,104,203),(2793,33,135,340,102,204),(2794,33,134,340,103,205),(2795,33,133,340,103,206),(2796,33,136,340,103,207),(2797,33,132,340,103,208),(2798,33,131,340,103,209),(2799,33,130,340,104,210),(2800,33,135,341,102,211),(2801,33,134,341,103,212),(2802,33,133,341,103,213),(2803,33,136,341,103,214),(2804,33,132,341,103,215),(2805,33,131,341,103,216),(2806,33,130,341,104,217),(2807,33,135,303,102,218),(2808,33,134,303,103,219),(2809,33,133,303,103,220),(2810,33,136,303,103,221),(2811,33,132,303,103,222),(2812,33,131,303,103,223),(2813,33,130,303,104,224),(2814,33,135,339,102,225),(2815,33,134,339,103,226),(2816,33,133,339,103,227),(2817,33,136,339,103,228),(2818,33,132,339,103,229),(2819,33,131,339,103,230),(2820,33,130,339,104,231),(2821,33,135,316,102,232),(2822,33,134,316,103,233),(2823,33,133,316,103,234),(2824,33,136,316,103,235),(2825,33,132,316,103,236),(2826,33,131,316,103,237),(2827,33,130,316,104,238),(2828,33,135,308,102,239),(2829,33,134,308,103,240),(2830,33,133,308,103,241),(2831,33,136,308,103,242),(2832,33,132,308,103,243),(2833,33,131,308,103,244),(2834,33,130,308,104,245),(2835,33,135,309,102,246),(2836,33,134,309,103,247),(2837,33,133,309,103,248),(2838,33,136,309,103,249),(2839,33,132,309,103,250),(2840,33,131,309,103,251),(2841,33,130,309,104,252),(2842,33,135,331,102,253),(2843,33,134,331,103,254),(2844,33,133,331,103,255),(2845,33,136,331,103,256),(2846,33,132,331,103,257),(2847,33,131,331,103,258),(2848,33,130,331,104,259),(2849,33,135,312,102,260),(2850,33,134,312,103,261),(2851,33,133,312,103,262),(2852,33,136,312,103,263),(2853,33,132,312,103,264),(2854,33,131,312,103,265),(2855,33,130,312,104,266),(2856,33,135,300,102,267),(2857,33,134,300,103,268),(2858,33,133,300,103,269),(2859,33,136,300,103,270),(2860,33,132,300,103,271),(2861,33,131,300,103,272),(2862,33,130,300,104,273),(2863,33,135,313,102,274),(2864,33,134,313,103,275),(2865,33,133,313,103,276),(2866,33,136,313,103,277),(2867,33,132,313,103,278),(2868,33,131,313,103,279),(2869,33,130,313,104,280),(2870,33,135,327,102,281),(2871,33,134,327,103,282),(2872,33,133,327,103,283),(2873,33,136,327,103,284),(2874,33,132,327,103,285),(2875,33,131,327,103,286),(2876,33,130,327,104,287),(2877,33,135,323,102,288),(2878,33,134,323,103,289),(2879,33,133,323,103,290),(2880,33,136,323,103,291),(2881,33,132,323,103,292),(2882,33,131,323,103,293),(2883,33,130,323,104,294),(2884,33,135,297,102,295),(2885,33,134,297,103,296),(2886,33,133,297,103,297),(2887,33,136,297,103,298),(2888,33,132,297,103,299),(2889,33,131,297,103,300),(2890,33,130,297,104,301),(2891,33,135,325,102,302),(2892,33,134,325,103,303),(2893,33,133,325,103,304),(2894,33,136,325,103,305),(2895,33,132,325,103,306),(2896,33,131,325,103,307),(2897,33,130,325,104,308),(2898,33,135,336,102,309),(2899,33,134,336,103,310),(2900,33,133,336,103,311),(2901,33,136,336,103,312),(2902,33,132,336,103,313),(2903,33,131,336,103,314),(2904,33,130,336,104,315),(3481,23,104,428,80,1),(3482,23,102,428,80,2),(3483,23,86,428,80,3),(3484,23,90,428,80,4),(3485,23,88,428,80,5),(3486,23,93,428,80,6),(3487,23,94,428,81,7),(3488,23,95,428,81,8),(3489,23,96,428,81,9),(3490,23,106,428,82,10),(3491,23,109,428,82,11),(3492,23,110,428,82,12),(3493,23,104,424,80,13),(3494,23,102,424,80,14),(3495,23,86,424,80,15),(3496,23,90,424,80,16),(3497,23,88,424,80,17),(3498,23,93,424,80,18),(3499,23,94,424,81,19),(3500,23,95,424,81,20),(3501,23,96,424,81,21),(3502,23,106,424,82,22),(3503,23,109,424,82,23),(3504,23,110,424,82,24),(3505,23,104,414,80,25),(3506,23,102,414,80,26),(3507,23,86,414,80,27),(3508,23,90,414,80,28),(3509,23,88,414,80,29),(3510,23,93,414,80,30),(3511,23,94,414,81,31),(3512,23,95,414,81,32),(3513,23,96,414,81,33),(3514,23,106,414,82,34),(3515,23,109,414,82,35),(3516,23,110,414,82,36),(3517,23,104,420,80,37),(3518,23,102,420,80,38),(3519,23,86,420,80,39),(3520,23,90,420,80,40),(3521,23,88,420,80,41),(3522,23,93,420,80,42),(3523,23,94,420,81,43),(3524,23,95,420,81,44),(3525,23,96,420,81,45),(3526,23,106,420,82,46),(3527,23,109,420,82,47),(3528,23,110,420,82,48),(3529,23,104,427,80,49),(3530,23,102,427,80,50),(3531,23,86,427,80,51),(3532,23,90,427,80,52),(3533,23,88,427,80,53),(3534,23,93,427,80,54),(3535,23,94,427,81,55),(3536,23,95,427,81,56),(3537,23,96,427,81,57),(3538,23,106,427,82,58),(3539,23,109,427,82,59),(3540,23,110,427,82,60),(3541,23,104,415,80,61),(3542,23,102,415,80,62),(3543,23,86,415,80,63),(3544,23,90,415,80,64),(3545,23,88,415,80,65),(3546,23,93,415,80,66),(3547,23,94,415,81,67),(3548,23,95,415,81,68),(3549,23,96,415,81,69),(3550,23,106,415,82,70),(3551,23,109,415,82,71),(3552,23,110,415,82,72),(3553,23,104,419,80,73),(3554,23,102,419,80,74),(3555,23,86,419,80,75),(3556,23,90,419,80,76),(3557,23,88,419,80,77),(3558,23,93,419,80,78),(3559,23,94,419,81,79),(3560,23,95,419,81,80),(3561,23,96,419,81,81),(3562,23,106,419,82,82),(3563,23,109,419,82,83),(3564,23,110,419,82,84),(3565,23,104,423,80,85),(3566,23,102,423,80,86),(3567,23,86,423,80,87),(3568,23,90,423,80,88),(3569,23,88,423,80,89),(3570,23,93,423,80,90),(3571,23,94,423,81,91),(3572,23,95,423,81,92),(3573,23,96,423,81,93),(3574,23,106,423,82,94),(3575,23,109,423,82,95),(3576,23,110,423,82,96),(3577,23,104,426,80,97),(3578,23,102,426,80,98),(3579,23,86,426,80,99),(3580,23,90,426,80,100),(3581,23,88,426,80,101),(3582,23,93,426,80,102),(3583,23,94,426,81,103),(3584,23,95,426,81,104),(3585,23,96,426,81,105),(3586,23,106,426,82,106),(3587,23,109,426,82,107),(3588,23,110,426,82,108),(3589,23,104,418,80,109),(3590,23,102,418,80,110),(3591,23,86,418,80,111),(3592,23,90,418,80,112),(3593,23,88,418,80,113),(3594,23,93,418,80,114),(3595,23,94,418,81,115),(3596,23,95,418,81,116),(3597,23,96,418,81,117),(3598,23,106,418,82,118),(3599,23,109,418,82,119),(3600,23,110,418,82,120),(3601,23,104,422,80,121),(3602,23,102,422,80,122),(3603,23,86,422,80,123),(3604,23,90,422,80,124),(3605,23,88,422,80,125),(3606,23,93,422,80,126),(3607,23,94,422,81,127),(3608,23,95,422,81,128),(3609,23,96,422,81,129),(3610,23,106,422,82,130),(3611,23,109,422,82,131),(3612,23,110,422,82,132),(3613,23,104,429,80,133),(3614,23,102,429,80,134),(3615,23,86,429,80,135),(3616,23,90,429,80,136),(3617,23,88,429,80,137),(3618,23,93,429,80,138),(3619,23,94,429,81,139),(3620,23,95,429,81,140),(3621,23,96,429,81,141),(3622,23,106,429,82,142),(3623,23,109,429,82,143),(3624,23,110,429,82,144),(3625,23,104,416,80,145),(3626,23,102,416,80,146),(3627,23,86,416,80,147),(3628,23,90,416,80,148),(3629,23,88,416,80,149),(3630,23,93,416,80,150),(3631,23,94,416,81,151),(3632,23,95,416,81,152),(3633,23,96,416,81,153),(3634,23,106,416,82,154),(3635,23,109,416,82,155),(3636,23,110,416,82,156),(3637,23,104,425,80,157),(3638,23,102,425,80,158),(3639,23,86,425,80,159),(3640,23,90,425,80,160),(3641,23,88,425,80,161),(3642,23,93,425,80,162),(3643,23,94,425,81,163),(3644,23,95,425,81,164),(3645,23,96,425,81,165),(3646,23,106,425,82,166),(3647,23,109,425,82,167),(3648,23,110,425,82,168),(3649,23,104,421,80,169),(3650,23,102,421,80,170),(3651,23,86,421,80,171),(3652,23,90,421,80,172),(3653,23,88,421,80,173),(3654,23,93,421,80,174),(3655,23,94,421,81,175),(3656,23,95,421,81,176),(3657,23,96,421,81,177),(3658,23,106,421,82,178),(3659,23,109,421,82,179),(3660,23,110,421,82,180),(3661,23,104,417,80,181),(3662,23,102,417,80,182),(3663,23,86,417,80,183),(3664,23,90,417,80,184),(3665,23,88,417,80,185),(3666,23,93,417,80,186),(3667,23,94,417,81,187),(3668,23,95,417,81,188),(3669,23,96,417,81,189),(3670,23,106,417,82,190),(3671,23,109,417,82,191),(3672,23,110,417,82,192),(3673,34,93,443,106,1),(3674,34,105,443,106,2),(3675,34,104,443,106,3),(3676,34,87,443,106,4),(3677,34,88,443,106,5),(3678,34,137,443,106,6),(3679,34,86,443,106,7),(3680,34,136,443,106,8),(3681,34,93,445,106,9),(3682,34,105,445,106,10),(3683,34,104,445,106,11),(3684,34,87,445,106,12),(3685,34,88,445,106,13),(3686,34,137,445,106,14),(3687,34,86,445,106,15),(3688,34,136,445,106,16),(3689,34,93,446,106,17),(3690,34,105,446,106,18),(3691,34,104,446,106,19),(3692,34,87,446,106,20),(3693,34,88,446,106,21),(3694,34,137,446,106,22),(3695,34,86,446,106,23),(3696,34,136,446,106,24),(3697,34,93,444,106,25),(3698,34,105,444,106,26),(3699,34,104,444,106,27),(3700,34,87,444,106,28),(3701,34,88,444,106,29),(3702,34,137,444,106,30),(3703,34,86,444,106,31),(3704,34,136,444,106,32),(3705,34,93,447,106,33),(3706,34,105,447,106,34),(3707,34,104,447,106,35),(3708,34,87,447,106,36),(3709,34,88,447,106,37),(3710,34,137,447,106,38),(3711,34,86,447,106,39),(3712,34,136,447,106,40),(3713,34,93,442,106,41),(3714,34,105,442,106,42),(3715,34,104,442,106,43),(3716,34,87,442,106,44),(3717,34,88,442,106,45),(3718,34,137,442,106,46),(3719,34,86,442,106,47),(3720,34,136,442,106,48);
/*!40000 ALTER TABLE `questionnaire_question` ENABLE KEYS */;
UNLOCK TABLES;

--
-- Table structure for table `response`
--

DROP TABLE IF EXISTS `response`;
/*!40101 SET @saved_cs_client     = @@character_set_client */;
/*!40101 SET character_set_client = utf8 */;
CREATE TABLE `response` (
  `id` int(11) NOT NULL AUTO_INCREMENT,
  `questionnaireId` int(11) NOT NULL,
  `createdBy` int(11) NOT NULL,
  `createdDate` timestamp NOT NULL DEFAULT CURRENT_TIMESTAMP ON UPDATE CURRENT_TIMESTAMP,
  `updatedBy` int(11) NOT NULL,
  `updatedDate` timestamp NOT NULL DEFAULT CURRENT_TIMESTAMP ON UPDATE CURRENT_TIMESTAMP,
  PRIMARY KEY (`id`),
  KEY `response_questionnaireId_fk_idx` (`questionnaireId`),
  KEY `response_createdBy_fk_idx` (`createdBy`),
  KEY `response_updatedBy_fk_idx` (`updatedBy`),
  CONSTRAINT `response_createdBy_fk` FOREIGN KEY (`createdBy`) REFERENCES `user` (`id`) ON DELETE NO ACTION ON UPDATE NO ACTION,
  CONSTRAINT `response_questionnaireId_fk` FOREIGN KEY (`questionnaireId`) REFERENCES `questionnaire` (`id`) ON DELETE NO ACTION ON UPDATE NO ACTION,
  CONSTRAINT `response_updatedBy_fk` FOREIGN KEY (`updatedBy`) REFERENCES `user` (`id`) ON DELETE NO ACTION ON UPDATE NO ACTION
) ENGINE=InnoDB AUTO_INCREMENT=10 DEFAULT CHARSET=latin1;
/*!40101 SET character_set_client = @saved_cs_client */;

--
-- Dumping data for table `response`
--

LOCK TABLES `response` WRITE;
/*!40000 ALTER TABLE `response` DISABLE KEYS */;
INSERT INTO `response` VALUES (4,23,2,'2015-08-14 03:43:11',2,'2015-09-23 04:02:18'),(5,25,2,'2015-08-24 06:13:14',2,'2015-08-24 06:13:14'),(6,29,2,'2015-09-23 11:06:10',2,'2015-10-26 11:52:26'),(7,32,5,'2015-10-15 11:28:37',5,'2015-10-15 11:28:55'),(8,33,9,'2015-11-12 05:26:16',9,'2015-11-12 06:54:59'),(9,34,2,'2015-11-18 13:00:24',2,'2015-11-20 09:10:41');
/*!40000 ALTER TABLE `response` ENABLE KEYS */;
UNLOCK TABLES;

--
-- Table structure for table `response_data`
--

DROP TABLE IF EXISTS `response_data`;
/*!40101 SET @saved_cs_client     = @@character_set_client */;
/*!40101 SET character_set_client = utf8 */;
CREATE TABLE `response_data` (
  `id` int(11) NOT NULL AUTO_INCREMENT,
  `questionnaireQuestionId` int(11) NOT NULL,
  `responseId` int(11) NOT NULL,
  `responseData` text,
  PRIMARY KEY (`id`),
  UNIQUE KEY `UQ_response_data_questionnaireQuestionId_responseId` (`questionnaireQuestionId`,`responseId`),
  KEY `response_data_questionnaireId_fk_idx` (`questionnaireQuestionId`),
  KEY `response_data_responseId_fk_idx` (`responseId`),
  CONSTRAINT `response_data_questionnaireQuestionId_fk` FOREIGN KEY (`questionnaireQuestionId`) REFERENCES `questionnaire_question` (`id`) ON DELETE NO ACTION ON UPDATE NO ACTION,
  CONSTRAINT `response_data_responseId_fk` FOREIGN KEY (`responseId`) REFERENCES `response` (`id`) ON DELETE NO ACTION ON UPDATE NO ACTION
) ENGINE=InnoDB AUTO_INCREMENT=1381 DEFAULT CHARSET=latin1 COMMENT='	';
/*!40101 SET character_set_client = @saved_cs_client */;

--
-- Dumping data for table `response_data`
--

LOCK TABLES `response_data` WRITE;
/*!40000 ALTER TABLE `response_data` DISABLE KEYS */;
INSERT INTO `response_data` VALUES (168,1334,6,'{\"quantifier\":50000.0,\"responseNumber\":50000.0}'),(169,1328,6,'{\"options\":[{\"sequenceNumber\":3,\"quantifier\":1.0,\"text\":\"Engineering Services\"}],\"otherOptionResponseText\":null,\"score\":null}'),(170,1768,6,'{\"options\":[{\"sequenceNumber\":5,\"quantifier\":1.0,\"text\":\"Data Extract\"}],\"otherOptionResponseText\":null,\"score\":null}'),(171,1329,6,'{\"responseParaText\":\"The software data center  where all infrastructure is virtualized and delivered as a service. Control of the data center is fully automated by software\",\"score\":null}'),(172,1769,6,'{\"options\":[{\"sequenceNumber\":5,\"quantifier\":1.0,\"text\":\"Retired\"}],\"otherOptionResponseText\":null,\"score\":null}'),(173,1770,6,'{\"options\":[{\"sequenceNumber\":7,\"quantifier\":1.0,\"text\":\"No Impact\"}],\"otherOptionResponseText\":null,\"score\":null}'),(174,1771,6,'{\"options\":[{\"sequenceNumber\":2,\"quantifier\":6.0,\"text\":\"Custom\"}],\"otherOptionResponseText\":null,\"score\":null}'),(175,1772,6,'{\"responseText\":\"IBM\",\"score\":null}'),(176,1773,6,'{\"options\":[{\"sequenceNumber\":1,\"quantifier\":5.0,\"text\":\"Java / J2EE\"},{\"sequenceNumber\":6,\"quantifier\":5.0,\"text\":\"Android\"}]}'),(177,1774,6,'{\"options\":[{\"sequenceNumber\":1,\"quantifier\":5.0,\"text\":\"Process defined\"},{\"sequenceNumber\":3,\"quantifier\":3.0,\"text\":\"Process defined\"}],\"otherOptionResponseText\":null,\"score\":null}'),(178,1775,6,'{\"options\":[{\"sequenceNumber\":2,\"quantifier\":3.0,\"text\":\"Documentation standards defined but not followed\"}],\"otherOptionResponseText\":null,\"score\":null}'),(179,1330,6,'{\"responseText\":\"Packaged software is designed to appeal to a large audience of users\",\"score\":null}'),(180,1776,6,'{\"options\":[{\"sequenceNumber\":3,\"quantifier\":1.0,\"text\":\"Engineering Services\"}],\"otherOptionResponseText\":null,\"score\":null}'),(181,1777,6,'{\"responseParaText\":\"This application provides apartment, flats, rental property.\",\"score\":null}'),(182,1331,6,'{\"options\":[{\"sequenceNumber\":4,\"quantifier\":2.0,\"text\":\"Engineering Ops\"}],\"otherOptionResponseText\":null,\"score\":null}'),(183,1332,6,'{\"options\":[{\"sequenceNumber\":1,\"quantifier\":2.0,\"text\":\"Warehouse Management\"},{\"sequenceNumber\":2,\"quantifier\":2.0,\"text\":\"Warehouse Design\"},{\"sequenceNumber\":5,\"quantifier\":2.0,\"text\":\"Outbound Distribution\"},{\"sequenceNumber\":10,\"quantifier\":0.0,\"text\":\"Vendor Management\"}]}'),(184,1333,6,'{\"options\":[{\"sequenceNumber\":5,\"quantifier\":1.0,\"text\":\"Global\"}],\"otherOptionResponseText\":null,\"score\":null}'),(185,1778,6,'{\"responseText\":\"Magic Bricks\",\"score\":null}'),(186,1779,6,'{\"options\":[],\"otherOptionResponseText\":\"Rental apartments, flats booking\",\"score\":null}'),(187,1335,6,'{\"quantifier\":60000.0,\"responseNumber\":60000.0}'),(188,1336,6,'{\"options\":[{\"sequenceNumber\":5,\"quantifier\":1.0,\"text\":\"Data Extract\"}],\"otherOptionResponseText\":null,\"score\":null}'),(189,1337,6,'{\"options\":[{\"sequenceNumber\":3,\"quantifier\":6.0,\"text\":\"Migrate\"}],\"otherOptionResponseText\":null,\"score\":null}'),(190,1780,6,'{\"options\":[{\"sequenceNumber\":3,\"quantifier\":2.0,\"text\":\"Inventory Planning\"},{\"sequenceNumber\":4,\"quantifier\":2.0,\"text\":\"Inventory Management\"}]}'),(191,1338,6,'{\"options\":[{\"sequenceNumber\":1,\"quantifier\":10.0,\"text\":\"Severe Impact on Revenue & Business Performance\"}],\"otherOptionResponseText\":null,\"score\":null}'),(192,1339,6,'{\"options\":[{\"sequenceNumber\":3,\"quantifier\":8.0,\"text\":\"Customized COTS\"}],\"otherOptionResponseText\":null,\"score\":null}'),(193,1781,6,'{\"options\":[{\"sequenceNumber\":5,\"quantifier\":1.0,\"text\":\"Global\"}],\"otherOptionResponseText\":null,\"score\":null}'),(194,1340,6,'{\"responseText\":\"Packaged software is designed to appeal to a large audience of users\",\"score\":null}'),(195,1341,6,'{\"options\":[{\"sequenceNumber\":1,\"quantifier\":5.0,\"text\":\"Java / J2EE\"},{\"sequenceNumber\":2,\"quantifier\":5.0,\"text\":\".Net / Visual Studio\"},{\"sequenceNumber\":4,\"quantifier\":5.0,\"text\":\"SFDC / Siebel\"},{\"sequenceNumber\":6,\"quantifier\":5.0,\"text\":\"Android\"},{\"sequenceNumber\":8,\"quantifier\":5.0,\"text\":\"HTML 5\"},{\"sequenceNumber\":9,\"quantifier\":5.0,\"text\":\"JavaScript / jQuery / Angular\"},{\"sequenceNumber\":10,\"quantifier\":5.0,\"text\":\"Ruby On Rails\"},{\"sequenceNumber\":11,\"quantifier\":5.0,\"text\":\"Python\"}]}'),(196,1782,6,'{\"quantifier\":500000.0,\"responseNumber\":500000.0}'),(197,1783,6,'{\"quantifier\":45000.0,\"responseNumber\":45000.0}'),(198,1342,6,'{\"options\":[{\"sequenceNumber\":2,\"quantifier\":4.0,\"text\":\"documented and followed consistently\"}],\"otherOptionResponseText\":null,\"score\":null}'),(199,1343,6,'{\"options\":[{\"sequenceNumber\":2,\"quantifier\":3.0,\"text\":\"Documentation standards defined but not followed\"}],\"otherOptionResponseText\":null,\"score\":null}'),(200,1344,6,'{\"options\":[{\"sequenceNumber\":4,\"quantifier\":1.0,\"text\":\"Distribution and Logistics\"}],\"otherOptionResponseText\":null,\"score\":null}'),(201,1784,6,'{\"options\":[{\"sequenceNumber\":1,\"quantifier\":10.0,\"text\":\"Core to Business Process\"}],\"otherOptionResponseText\":null,\"score\":null}'),(202,1346,6,'{\"responseText\":\"Packaged software is designed to appeal to a large audience of users\",\"score\":null}'),(203,1785,6,'{\"options\":[{\"sequenceNumber\":3,\"quantifier\":6.0,\"text\":\"Migrate\"}],\"otherOptionResponseText\":null,\"score\":null}'),(204,1345,6,'{\"responseParaText\":\"True caller is a software to check a call where is coming\",\"score\":null}'),(205,1786,6,'{\"options\":[{\"sequenceNumber\":2,\"quantifier\":8.0,\"text\":\"Severe Impact on Revenue\"}],\"otherOptionResponseText\":null,\"score\":null}'),(206,1787,6,'{\"options\":[{\"sequenceNumber\":2,\"quantifier\":6.0,\"text\":\"Custom\"}],\"otherOptionResponseText\":null,\"score\":null}'),(207,1788,6,'{\"responseText\":\"Oracle\",\"score\":null}'),(208,1789,6,'{\"options\":[{\"sequenceNumber\":1,\"quantifier\":5.0,\"text\":\"Java / J2EE\"},{\"sequenceNumber\":6,\"quantifier\":5.0,\"text\":\"Android\"},{\"sequenceNumber\":9,\"quantifier\":5.0,\"text\":\"JavaScript / jQuery / Angular\"}]}'),(209,1790,6,'{\"options\":[{\"sequenceNumber\":1,\"quantifier\":5.0,\"text\":\"Process defined\"},{\"sequenceNumber\":3,\"quantifier\":3.0,\"text\":\"Process defined\"}],\"otherOptionResponseText\":null,\"score\":null}'),(210,1791,6,'{\"options\":[{\"sequenceNumber\":1,\"quantifier\":5.0,\"text\":\"Documentation standards defined and followed\"}],\"otherOptionResponseText\":null,\"score\":null}'),(211,1792,6,'{\"options\":[{\"sequenceNumber\":8,\"quantifier\":1.0,\"text\":\"Supply Chain Management\"}],\"otherOptionResponseText\":null,\"score\":null}'),(212,1347,6,'{\"options\":[{\"sequenceNumber\":3,\"quantifier\":2.0,\"text\":\"EHS\"}],\"otherOptionResponseText\":null,\"score\":null}'),(213,1348,6,'{\"options\":[{\"sequenceNumber\":3,\"quantifier\":2.0,\"text\":\"Inventory Planning\"},{\"sequenceNumber\":4,\"quantifier\":2.0,\"text\":\"Inventory Management\"},{\"sequenceNumber\":9,\"quantifier\":1.0,\"text\":\"Order Management\"},{\"sequenceNumber\":10,\"quantifier\":0.0,\"text\":\"Vendor Management\"}]}'),(214,1349,6,'{\"options\":[{\"sequenceNumber\":1,\"quantifier\":1.0,\"text\":\"APAC\"}],\"otherOptionResponseText\":null,\"score\":null}'),(215,1793,6,'{\"responseParaText\":\"This application makes logo for other applications.\",\"score\":null}'),(216,1350,6,'{\"quantifier\":36000.0,\"responseNumber\":36000.0}'),(217,1351,6,'{\"quantifier\":80000.0,\"responseNumber\":80000.0}'),(218,1794,6,'{\"responseText\":\"TCS\",\"score\":null}'),(219,1352,6,'{\"options\":[{\"sequenceNumber\":4,\"quantifier\":2.0,\"text\":\"Add - on\"}],\"otherOptionResponseText\":null,\"score\":null}'),(220,1353,6,'{\"options\":[{\"sequenceNumber\":2,\"quantifier\":8.0,\"text\":\"Retain\"}],\"otherOptionResponseText\":null,\"score\":null}'),(221,1354,6,'{\"options\":[{\"sequenceNumber\":6,\"quantifier\":4.0,\"text\":\"Minor Impact\"}],\"otherOptionResponseText\":null,\"score\":null}'),(222,1355,6,'{\"options\":[{\"sequenceNumber\":2,\"quantifier\":6.0,\"text\":\"Custom\"}],\"otherOptionResponseText\":null,\"score\":null}'),(223,1356,6,'{\"responseText\":\"Packaged software is designed to appeal to a large audience of users\",\"score\":null}'),(224,1795,6,'{\"options\":[],\"otherOptionResponseText\":\"To make the logo.\",\"score\":null}'),(225,1796,6,'{\"options\":[{\"sequenceNumber\":5,\"quantifier\":2.0,\"text\":\"Outbound Distribution\"},{\"sequenceNumber\":8,\"quantifier\":2.0,\"text\":\"Financials\"}]}'),(226,1357,6,'{\"options\":[{\"sequenceNumber\":1,\"quantifier\":5.0,\"text\":\"Java / J2EE\"},{\"sequenceNumber\":6,\"quantifier\":5.0,\"text\":\"Android\"}]}'),(227,1797,6,'{\"options\":[{\"sequenceNumber\":5,\"quantifier\":1.0,\"text\":\"Global\"}],\"otherOptionResponseText\":null,\"score\":null}'),(228,1358,6,'{\"options\":[{\"sequenceNumber\":1,\"quantifier\":5.0,\"text\":\"Process defined\"},{\"sequenceNumber\":3,\"quantifier\":3.0,\"text\":\"Process defined\"}],\"otherOptionResponseText\":null,\"score\":null}'),(229,1798,6,'{\"quantifier\":200000.0,\"responseNumber\":200000.0}'),(230,1359,6,'{\"options\":[{\"sequenceNumber\":1,\"quantifier\":5.0,\"text\":\"Documentation standards defined and followed\"}],\"otherOptionResponseText\":null,\"score\":null}'),(231,1799,6,'{\"quantifier\":80000.0,\"responseNumber\":80000.0}'),(232,1360,6,'{\"options\":[{\"sequenceNumber\":1,\"quantifier\":1.0,\"text\":\"Manufacturing Execution\"}],\"otherOptionResponseText\":null,\"score\":null}'),(233,1800,6,'{\"options\":[{\"sequenceNumber\":1,\"quantifier\":10.0,\"text\":\"Core to Business Process\"}],\"otherOptionResponseText\":null,\"score\":null}'),(234,1801,6,'{\"options\":[{\"sequenceNumber\":2,\"quantifier\":8.0,\"text\":\"Retain\"}],\"otherOptionResponseText\":null,\"score\":null}'),(235,1802,6,'{\"options\":[{\"sequenceNumber\":6,\"quantifier\":4.0,\"text\":\"Minor Impact\"}],\"otherOptionResponseText\":null,\"score\":null}'),(236,1803,6,'{\"options\":[{\"sequenceNumber\":1,\"quantifier\":10.0,\"text\":\"COTS\"}],\"otherOptionResponseText\":null,\"score\":null}'),(237,1804,6,'{\"responseText\":\"HCL\",\"score\":null}'),(238,1805,6,'{\"options\":[{\"sequenceNumber\":5,\"quantifier\":5.0,\"text\":\"PHP\"},{\"sequenceNumber\":7,\"quantifier\":5.0,\"text\":\"iOS\"},{\"sequenceNumber\":8,\"quantifier\":5.0,\"text\":\"HTML 5\"}]}'),(239,1807,6,'{\"options\":[{\"sequenceNumber\":3,\"quantifier\":1.0,\"text\":\"Documentation standards not defined\"}],\"otherOptionResponseText\":null,\"score\":null}'),(240,1806,6,'{\"options\":[{\"sequenceNumber\":2,\"quantifier\":4.0,\"text\":\"documented and followed consistently\"}],\"otherOptionResponseText\":null,\"score\":null}'),(241,1808,6,'{\"options\":[{\"sequenceNumber\":6,\"quantifier\":1.0,\"text\":\"Global Safety & Environment\"}],\"otherOptionResponseText\":null,\"score\":null}'),(242,1809,6,'{\"responseParaText\":\"This application makes robots.\",\"score\":null}'),(243,1361,6,'{\"responseParaText\":\"Alibaba  provides a online shopping website where purchasing is very easy \",\"score\":null}'),(244,1362,6,'{\"responseText\":\"online shopping \",\"score\":null}'),(245,1363,6,'{\"options\":[{\"sequenceNumber\":3,\"quantifier\":2.0,\"text\":\"EHS\"}],\"otherOptionResponseText\":null,\"score\":null}'),(246,1364,6,'{\"options\":[{\"sequenceNumber\":5,\"quantifier\":2.0,\"text\":\"Outbound Distribution\"},{\"sequenceNumber\":9,\"quantifier\":1.0,\"text\":\"Order Management\"},{\"sequenceNumber\":10,\"quantifier\":0.0,\"text\":\"Vendor Management\"}]}'),(247,1810,6,'{\"responseText\":\"Accenture\",\"score\":null}'),(248,1811,6,'{\"options\":[{\"sequenceNumber\":3,\"quantifier\":2.0,\"text\":\"EHS\"}],\"otherOptionResponseText\":null,\"score\":null}'),(249,1812,6,'{\"options\":[{\"sequenceNumber\":7,\"quantifier\":2.0,\"text\":\"HR\"},{\"sequenceNumber\":8,\"quantifier\":2.0,\"text\":\"Financials\"},{\"sequenceNumber\":9,\"quantifier\":1.0,\"text\":\"Order Management\"}]}'),(250,1813,6,'{\"options\":[{\"sequenceNumber\":4,\"quantifier\":1.0,\"text\":\"Americas\"}],\"otherOptionResponseText\":null,\"score\":null}'),(251,1365,6,'{\"options\":[{\"sequenceNumber\":1,\"quantifier\":1.0,\"text\":\"APAC\"}],\"otherOptionResponseText\":null,\"score\":null}'),(252,1366,6,'{\"quantifier\":50000.0,\"responseNumber\":50000.0}'),(253,1814,6,'{\"quantifier\":700000.0,\"responseNumber\":700000.0}'),(254,1367,6,'{\"quantifier\":60000.0,\"responseNumber\":60000.0}'),(255,1815,6,'{\"quantifier\":500000.0,\"responseNumber\":500000.0}'),(256,1368,6,'{\"options\":[{\"sequenceNumber\":1,\"quantifier\":10.0,\"text\":\"Core to Business Process\"}],\"otherOptionResponseText\":null,\"score\":null}'),(257,1369,6,'{\"options\":[{\"sequenceNumber\":3,\"quantifier\":6.0,\"text\":\"Migrate\"}],\"otherOptionResponseText\":null,\"score\":null}'),(258,1370,6,'{\"options\":[{\"sequenceNumber\":1,\"quantifier\":10.0,\"text\":\"Severe Impact on Revenue & Business Performance\"}],\"otherOptionResponseText\":null,\"score\":null}'),(259,1816,6,'{\"options\":[{\"sequenceNumber\":1,\"quantifier\":10.0,\"text\":\"Core to Business Process\"}],\"otherOptionResponseText\":null,\"score\":null}'),(260,1371,6,'{\"options\":[{\"sequenceNumber\":2,\"quantifier\":6.0,\"text\":\"Custom\"}],\"otherOptionResponseText\":null,\"score\":null}'),(261,1817,6,'{\"options\":[{\"sequenceNumber\":3,\"quantifier\":6.0,\"text\":\"Migrate\"}],\"otherOptionResponseText\":null,\"score\":null}'),(262,1818,6,'{\"options\":[{\"sequenceNumber\":5,\"quantifier\":5.0,\"text\":\"Significant Impact on Business Performance\"}],\"otherOptionResponseText\":null,\"score\":null}'),(263,1819,6,'{\"options\":[{\"sequenceNumber\":2,\"quantifier\":6.0,\"text\":\"Custom\"}],\"otherOptionResponseText\":null,\"score\":null}'),(264,1372,6,'{\"responseText\":\"online shopping \",\"score\":null}'),(265,1820,6,'{\"responseText\":\"Oracle\",\"score\":null}'),(266,1373,6,'{\"options\":[{\"sequenceNumber\":2,\"quantifier\":5.0,\"text\":\".Net / Visual Studio\"},{\"sequenceNumber\":6,\"quantifier\":5.0,\"text\":\"Android\"}]}'),(267,1374,6,'{\"options\":[{\"sequenceNumber\":1,\"quantifier\":5.0,\"text\":\"Process defined\"},{\"sequenceNumber\":3,\"quantifier\":3.0,\"text\":\"Process defined\"}],\"otherOptionResponseText\":null,\"score\":null}'),(268,1375,6,'{\"options\":[{\"sequenceNumber\":2,\"quantifier\":3.0,\"text\":\"Documentation standards defined but not followed\"}],\"otherOptionResponseText\":null,\"score\":null}'),(269,1821,6,'{\"options\":[{\"sequenceNumber\":2,\"quantifier\":5.0,\"text\":\".Net / Visual Studio\"}]}'),(270,1376,6,'{\"options\":[{\"sequenceNumber\":2,\"quantifier\":1.0,\"text\":\"Manufacturing Intelligence\"}],\"otherOptionResponseText\":null,\"score\":null}'),(271,1822,6,'{\"options\":[{\"sequenceNumber\":2,\"quantifier\":4.0,\"text\":\"documented and followed consistently\"}],\"otherOptionResponseText\":null,\"score\":null}'),(272,1823,6,'{\"options\":[{\"sequenceNumber\":3,\"quantifier\":1.0,\"text\":\"Documentation standards not defined\"}],\"otherOptionResponseText\":null,\"score\":null}'),(273,1824,6,'{\"options\":[{\"sequenceNumber\":3,\"quantifier\":1.0,\"text\":\"Engineering Services\"}],\"otherOptionResponseText\":null,\"score\":null}'),(274,1377,6,'{\"responseParaText\":\"Naukri is a good site for online upload a resume and find a good jobs. \",\"score\":null}'),(275,1378,6,'{\"responseText\":\"Naukri\",\"score\":null}'),(276,1379,6,'{\"options\":[{\"sequenceNumber\":9,\"quantifier\":2.0,\"text\":\"Supply Chain\"}],\"otherOptionResponseText\":null,\"score\":null}'),(277,1825,6,'{\"responseParaText\":\"This application keeps the files on line for users who can access anywhere.\",\"score\":null}'),(278,1380,6,'{\"options\":[{\"sequenceNumber\":1,\"quantifier\":2.0,\"text\":\"Warehouse Management\"},{\"sequenceNumber\":5,\"quantifier\":2.0,\"text\":\"Outbound Distribution\"},{\"sequenceNumber\":10,\"quantifier\":0.0,\"text\":\"Vendor Management\"}]}'),(279,1826,6,'{\"responseText\":\"Google\",\"score\":null}'),(280,1827,6,'{\"options\":[{\"sequenceNumber\":1,\"quantifier\":2.0,\"text\":\"BI\"}],\"otherOptionResponseText\":null,\"score\":null}'),(281,1381,6,'{\"options\":[{\"sequenceNumber\":5,\"quantifier\":1.0,\"text\":\"Global\"}],\"otherOptionResponseText\":null,\"score\":null}'),(282,1828,6,'{\"options\":[{\"sequenceNumber\":8,\"quantifier\":2.0,\"text\":\"Financials\"},{\"sequenceNumber\":9,\"quantifier\":1.0,\"text\":\"Order Management\"}]}'),(283,1382,6,'{\"quantifier\":70000.0,\"responseNumber\":70000.0}'),(284,1829,6,'{\"options\":[{\"sequenceNumber\":5,\"quantifier\":1.0,\"text\":\"Global\"}],\"otherOptionResponseText\":null,\"score\":null}'),(285,1383,6,'{\"quantifier\":80000.0,\"responseNumber\":80000.0}'),(286,1384,6,'{\"options\":[{\"sequenceNumber\":1,\"quantifier\":10.0,\"text\":\"Core to Business Process\"}],\"otherOptionResponseText\":null,\"score\":null}'),(287,1385,6,'{\"options\":[{\"sequenceNumber\":3,\"quantifier\":6.0,\"text\":\"Migrate\"}],\"otherOptionResponseText\":null,\"score\":null}'),(288,1830,6,'{\"quantifier\":750000.0,\"responseNumber\":750000.0}'),(289,1386,6,'{\"options\":[{\"sequenceNumber\":1,\"quantifier\":10.0,\"text\":\"Severe Impact on Revenue & Business Performance\"}],\"otherOptionResponseText\":null,\"score\":null}'),(290,1831,6,'{\"quantifier\":100000.0,\"responseNumber\":100000.0}'),(291,1832,6,'{\"options\":[{\"sequenceNumber\":1,\"quantifier\":10.0,\"text\":\"Core to Business Process\"}],\"otherOptionResponseText\":null,\"score\":null}'),(292,1833,6,'{\"options\":[{\"sequenceNumber\":3,\"quantifier\":6.0,\"text\":\"Migrate\"}],\"otherOptionResponseText\":null,\"score\":null}'),(293,1387,6,'{\"options\":[{\"sequenceNumber\":2,\"quantifier\":6.0,\"text\":\"Custom\"}],\"otherOptionResponseText\":null,\"score\":null}'),(294,1834,6,'{\"options\":[{\"sequenceNumber\":2,\"quantifier\":8.0,\"text\":\"Severe Impact on Revenue\"}],\"otherOptionResponseText\":null,\"score\":null}'),(295,1835,6,'{\"options\":[{\"sequenceNumber\":4,\"quantifier\":8.0,\"text\":\"Managed Service\"}],\"otherOptionResponseText\":null,\"score\":null}'),(296,1388,6,'{\"responseText\":\"Naukri\",\"score\":null}'),(297,1836,6,'{\"responseText\":\"Google\",\"score\":null}'),(298,1389,6,'{\"options\":[{\"sequenceNumber\":1,\"quantifier\":5.0,\"text\":\"Java / J2EE\"},{\"sequenceNumber\":6,\"quantifier\":5.0,\"text\":\"Android\"},{\"sequenceNumber\":7,\"quantifier\":5.0,\"text\":\"iOS\"}]}'),(299,1837,6,'{\"options\":[{\"sequenceNumber\":1,\"quantifier\":5.0,\"text\":\"Java / J2EE\"},{\"sequenceNumber\":6,\"quantifier\":5.0,\"text\":\"Android\"},{\"sequenceNumber\":8,\"quantifier\":5.0,\"text\":\"HTML 5\"},{\"sequenceNumber\":9,\"quantifier\":5.0,\"text\":\"JavaScript / jQuery / Angular\"},{\"sequenceNumber\":10,\"quantifier\":5.0,\"text\":\"Ruby On Rails\"}]}'),(300,1390,6,'{\"options\":[{\"sequenceNumber\":2,\"quantifier\":4.0,\"text\":\"documented and followed consistently\"}],\"otherOptionResponseText\":null,\"score\":null}'),(301,1391,6,'{\"options\":[{\"sequenceNumber\":2,\"quantifier\":3.0,\"text\":\"Documentation standards defined but not followed\"}],\"otherOptionResponseText\":null,\"score\":null}'),(302,1392,6,'{\"options\":[{\"sequenceNumber\":4,\"quantifier\":1.0,\"text\":\"Distribution and Logistics\"}],\"otherOptionResponseText\":null,\"score\":null}'),(303,1838,6,'{\"options\":[{\"sequenceNumber\":1,\"quantifier\":5.0,\"text\":\"Process defined\"},{\"sequenceNumber\":3,\"quantifier\":3.0,\"text\":\"Process defined\"}],\"otherOptionResponseText\":null,\"score\":null}'),(304,1839,6,'{\"options\":[{\"sequenceNumber\":2,\"quantifier\":3.0,\"text\":\"Documentation standards defined but not followed\"}],\"otherOptionResponseText\":null,\"score\":null}'),(305,1840,6,'{\"options\":[{\"sequenceNumber\":4,\"quantifier\":1.0,\"text\":\"Distribution and Logistics\"}],\"otherOptionResponseText\":null,\"score\":null}'),(306,1393,6,'{\"responseParaText\":\"TalkTime candy is game apps .\",\"score\":null}'),(307,1841,6,'{\"responseParaText\":\"This apps provides the mobile money wallet.\",\"score\":null}'),(308,1842,6,'{\"responseText\":\"Oracle\",\"score\":null}'),(309,1394,6,'{\"responseText\":\"Game apps\",\"score\":null}'),(310,1843,6,'{\"options\":[{\"sequenceNumber\":4,\"quantifier\":2.0,\"text\":\"Engineering Ops\"}],\"otherOptionResponseText\":null,\"score\":null}'),(311,1395,6,'{\"options\":[{\"sequenceNumber\":9,\"quantifier\":2.0,\"text\":\"Supply Chain\"}],\"otherOptionResponseText\":null,\"score\":null}'),(312,1844,6,'{\"options\":[{\"sequenceNumber\":5,\"quantifier\":2.0,\"text\":\"Outbound Distribution\"},{\"sequenceNumber\":7,\"quantifier\":2.0,\"text\":\"HR\"}]}'),(313,1396,6,'{\"options\":[{\"sequenceNumber\":1,\"quantifier\":2.0,\"text\":\"Warehouse Management\"},{\"sequenceNumber\":5,\"quantifier\":2.0,\"text\":\"Outbound Distribution\"},{\"sequenceNumber\":9,\"quantifier\":1.0,\"text\":\"Order Management\"},{\"sequenceNumber\":10,\"quantifier\":0.0,\"text\":\"Vendor Management\"}]}'),(314,1845,6,'{\"options\":[{\"sequenceNumber\":5,\"quantifier\":1.0,\"text\":\"Global\"}],\"otherOptionResponseText\":null,\"score\":null}'),(315,1397,6,'{\"options\":[{\"sequenceNumber\":5,\"quantifier\":1.0,\"text\":\"Global\"}],\"otherOptionResponseText\":null,\"score\":null}'),(316,1846,6,'{\"quantifier\":500000.0,\"responseNumber\":500000.0}'),(317,1398,6,'{\"quantifier\":30000.0,\"responseNumber\":30000.0}'),(318,1847,6,'{\"quantifier\":25000.0,\"responseNumber\":25000.0}'),(319,1399,6,'{\"quantifier\":40000.0,\"responseNumber\":40000.0}'),(320,1848,6,'{\"options\":[{\"sequenceNumber\":3,\"quantifier\":3.0,\"text\":\"Tool / Utility\"}],\"otherOptionResponseText\":null,\"score\":null}'),(321,1400,6,'{\"options\":[{\"sequenceNumber\":3,\"quantifier\":3.0,\"text\":\"Tool / Utility\"}],\"otherOptionResponseText\":null,\"score\":null}'),(322,1401,6,'{\"options\":[{\"sequenceNumber\":4,\"quantifier\":4.0,\"text\":\"Retire\"}],\"otherOptionResponseText\":null,\"score\":null}'),(323,1849,6,'{\"options\":[{\"sequenceNumber\":1,\"quantifier\":10.0,\"text\":\"Invest\"}],\"otherOptionResponseText\":null,\"score\":null}'),(324,1402,6,'{\"options\":[{\"sequenceNumber\":6,\"quantifier\":4.0,\"text\":\"Minor Impact\"}],\"otherOptionResponseText\":null,\"score\":null}'),(325,1403,6,'{\"options\":[{\"sequenceNumber\":1,\"quantifier\":10.0,\"text\":\"COTS\"}],\"otherOptionResponseText\":null,\"score\":null}'),(326,1850,6,'{\"options\":[{\"sequenceNumber\":3,\"quantifier\":7.0,\"text\":\"Severe Impact on Business Performance\"}],\"otherOptionResponseText\":null,\"score\":null}'),(327,1851,6,'{\"options\":[{\"sequenceNumber\":1,\"quantifier\":10.0,\"text\":\"COTS\"}],\"otherOptionResponseText\":null,\"score\":null}'),(328,1404,6,'{\"responseText\":\"Game apps\",\"score\":null}'),(329,1405,6,'{\"options\":[{\"sequenceNumber\":6,\"quantifier\":5.0,\"text\":\"Android\"},{\"sequenceNumber\":7,\"quantifier\":5.0,\"text\":\"iOS\"}]}'),(330,1852,6,'{\"responseText\":\"Oracle\",\"score\":null}'),(331,1406,6,'{\"options\":[{\"sequenceNumber\":2,\"quantifier\":4.0,\"text\":\"documented and followed consistently\"}],\"otherOptionResponseText\":null,\"score\":null}'),(332,1407,6,'{\"options\":[{\"sequenceNumber\":1,\"quantifier\":5.0,\"text\":\"Documentation standards defined and followed\"}],\"otherOptionResponseText\":null,\"score\":null}'),(333,1408,6,'{\"options\":[{\"sequenceNumber\":1,\"quantifier\":1.0,\"text\":\"Manufacturing Execution\"}],\"otherOptionResponseText\":null,\"score\":null}'),(334,1853,6,'{\"options\":[{\"sequenceNumber\":6,\"quantifier\":5.0,\"text\":\"Android\"},{\"sequenceNumber\":9,\"quantifier\":5.0,\"text\":\"JavaScript / jQuery / Angular\"},{\"sequenceNumber\":10,\"quantifier\":5.0,\"text\":\"Ruby On Rails\"}]}'),(335,1854,6,'{\"options\":[{\"sequenceNumber\":2,\"quantifier\":4.0,\"text\":\"documented and followed consistently\"}],\"otherOptionResponseText\":null,\"score\":null}'),(336,1855,6,'{\"options\":[{\"sequenceNumber\":3,\"quantifier\":1.0,\"text\":\"Documentation standards not defined\"}],\"otherOptionResponseText\":null,\"score\":null}'),(337,1409,6,'{\"responseParaText\":\"Spini is also a mobile apps .\",\"score\":null}'),(338,1856,6,'{\"options\":[],\"otherOptionResponseText\":\"Job searching, connecting the people\",\"score\":null}'),(339,1857,6,'{\"responseParaText\":\"social networking application for connecting people.\",\"score\":null}'),(340,1410,6,'{\"responseText\":\"Mobile apps\",\"score\":null}'),(341,1411,6,'{\"options\":[{\"sequenceNumber\":9,\"quantifier\":2.0,\"text\":\"Supply Chain\"}],\"otherOptionResponseText\":null,\"score\":null}'),(342,1412,6,'{\"options\":[{\"sequenceNumber\":5,\"quantifier\":2.0,\"text\":\"Outbound Distribution\"},{\"sequenceNumber\":9,\"quantifier\":1.0,\"text\":\"Order Management\"},{\"sequenceNumber\":10,\"quantifier\":0.0,\"text\":\"Vendor Management\"}]}'),(343,1858,6,'{\"responseText\":\"HCL\",\"score\":null}'),(344,1413,6,'{\"options\":[{\"sequenceNumber\":5,\"quantifier\":1.0,\"text\":\"Global\"}],\"otherOptionResponseText\":null,\"score\":null}'),(345,1859,6,'{\"options\":[{\"sequenceNumber\":1,\"quantifier\":2.0,\"text\":\"BI\"}],\"otherOptionResponseText\":null,\"score\":null}'),(346,1414,6,'{\"quantifier\":30000.0,\"responseNumber\":30000.0}'),(347,1415,6,'{\"quantifier\":50000.0,\"responseNumber\":50000.0}'),(348,1860,6,'{\"options\":[{\"sequenceNumber\":5,\"quantifier\":2.0,\"text\":\"Outbound Distribution\"}]}'),(349,1861,6,'{\"options\":[{\"sequenceNumber\":5,\"quantifier\":1.0,\"text\":\"Global\"}],\"otherOptionResponseText\":null,\"score\":null}'),(350,1416,6,'{\"options\":[{\"sequenceNumber\":5,\"quantifier\":1.0,\"text\":\"Data Extract\"}],\"otherOptionResponseText\":null,\"score\":null}'),(351,1417,6,'{\"options\":[{\"sequenceNumber\":3,\"quantifier\":6.0,\"text\":\"Migrate\"}],\"otherOptionResponseText\":null,\"score\":null}'),(352,1862,6,'{\"quantifier\":100000.0,\"responseNumber\":100000.0}'),(353,1418,6,'{\"options\":[{\"sequenceNumber\":7,\"quantifier\":1.0,\"text\":\"No Impact\"}],\"otherOptionResponseText\":null,\"score\":null}'),(354,1863,6,'{\"quantifier\":50000.0,\"responseNumber\":50000.0}'),(355,1864,6,'{\"options\":[{\"sequenceNumber\":1,\"quantifier\":10.0,\"text\":\"Core to Business Process\"}],\"otherOptionResponseText\":null,\"score\":null}'),(356,1419,6,'{\"options\":[{\"sequenceNumber\":2,\"quantifier\":6.0,\"text\":\"Custom\"}],\"otherOptionResponseText\":null,\"score\":null}'),(357,1865,6,'{\"options\":[{\"sequenceNumber\":4,\"quantifier\":4.0,\"text\":\"Retire\"}],\"otherOptionResponseText\":null,\"score\":null}'),(358,1866,6,'{\"options\":[{\"sequenceNumber\":3,\"quantifier\":7.0,\"text\":\"Severe Impact on Business Performance\"}],\"otherOptionResponseText\":null,\"score\":null}'),(359,1420,6,'{\"responseText\":\"Mobile apps\",\"score\":null}'),(360,1867,6,'{\"options\":[{\"sequenceNumber\":2,\"quantifier\":6.0,\"text\":\"Custom\"}],\"otherOptionResponseText\":null,\"score\":null}'),(361,1421,6,'{\"options\":[{\"sequenceNumber\":6,\"quantifier\":5.0,\"text\":\"Android\"},{\"sequenceNumber\":7,\"quantifier\":5.0,\"text\":\"iOS\"}]}'),(362,1422,6,'{\"options\":[{\"sequenceNumber\":2,\"quantifier\":4.0,\"text\":\"documented and followed consistently\"}],\"otherOptionResponseText\":null,\"score\":null}'),(363,1423,6,'{\"options\":[{\"sequenceNumber\":1,\"quantifier\":5.0,\"text\":\"Documentation standards defined and followed\"}],\"otherOptionResponseText\":null,\"score\":null}'),(364,1424,6,'{\"options\":[{\"sequenceNumber\":1,\"quantifier\":1.0,\"text\":\"Manufacturing Execution\"}],\"otherOptionResponseText\":null,\"score\":null}'),(365,1868,6,'{\"responseText\":\"Cognizant\",\"score\":null}'),(366,1425,6,'{\"responseParaText\":\" Officesuite oxford is best Dictonary to learn better english.\",\"score\":null}'),(367,1869,6,'{\"options\":[{\"sequenceNumber\":1,\"quantifier\":5.0,\"text\":\"Java / J2EE\"},{\"sequenceNumber\":6,\"quantifier\":5.0,\"text\":\"Android\"},{\"sequenceNumber\":7,\"quantifier\":5.0,\"text\":\"iOS\"}]}'),(368,1870,6,'{\"options\":[{\"sequenceNumber\":2,\"quantifier\":4.0,\"text\":\"documented and followed consistently\"}],\"otherOptionResponseText\":null,\"score\":null}'),(369,1871,6,'{\"options\":[{\"sequenceNumber\":1,\"quantifier\":5.0,\"text\":\"Documentation standards defined and followed\"}],\"otherOptionResponseText\":null,\"score\":null}'),(370,1872,6,'{\"options\":[{\"sequenceNumber\":4,\"quantifier\":1.0,\"text\":\"Distribution and Logistics\"}],\"otherOptionResponseText\":null,\"score\":null}'),(371,1873,6,'{\"responseParaText\":\"This application for hide pictures and video from phone.\",\"score\":null}'),(372,1426,6,'{\"responseText\":\"oxford\",\"score\":null}'),(373,1874,6,'{\"responseText\":\"Congnizant\",\"score\":null}'),(374,1427,6,'{\"options\":[{\"sequenceNumber\":1,\"quantifier\":2.0,\"text\":\"BI\"}],\"otherOptionResponseText\":null,\"score\":null}'),(375,1428,6,'{\"options\":[{\"sequenceNumber\":5,\"quantifier\":2.0,\"text\":\"Outbound Distribution\"},{\"sequenceNumber\":9,\"quantifier\":1.0,\"text\":\"Order Management\"},{\"sequenceNumber\":10,\"quantifier\":0.0,\"text\":\"Vendor Management\"}]}'),(376,1875,6,'{\"options\":[{\"sequenceNumber\":4,\"quantifier\":2.0,\"text\":\"Engineering Ops\"}],\"otherOptionResponseText\":null,\"score\":null}'),(377,1876,6,'{\"options\":[{\"sequenceNumber\":4,\"quantifier\":2.0,\"text\":\"Inventory Management\"},{\"sequenceNumber\":5,\"quantifier\":2.0,\"text\":\"Outbound Distribution\"}]}'),(378,1429,6,'{\"options\":[{\"sequenceNumber\":2,\"quantifier\":1.0,\"text\":\"EMENA\"}],\"otherOptionResponseText\":null,\"score\":null}'),(379,1877,6,'{\"options\":[{\"sequenceNumber\":5,\"quantifier\":1.0,\"text\":\"Global\"}],\"otherOptionResponseText\":null,\"score\":null}'),(380,1430,6,'{\"quantifier\":90000.0,\"responseNumber\":90000.0}'),(381,1878,6,'{\"quantifier\":50000.0,\"responseNumber\":50000.0}'),(382,1879,6,'{\"quantifier\":25000.0,\"responseNumber\":25000.0}'),(383,1880,6,'{\"options\":[{\"sequenceNumber\":1,\"quantifier\":10.0,\"text\":\"Core to Business Process\"}],\"otherOptionResponseText\":null,\"score\":null}'),(384,1431,6,'{\"quantifier\":100000.0,\"responseNumber\":100000.0}'),(385,1881,6,'{\"options\":[{\"sequenceNumber\":3,\"quantifier\":6.0,\"text\":\"Migrate\"}],\"otherOptionResponseText\":null,\"score\":null}'),(386,1882,6,'{\"options\":[{\"sequenceNumber\":4,\"quantifier\":6.0,\"text\":\"Significant Impact on Revenue\"}],\"otherOptionResponseText\":null,\"score\":null}'),(387,1432,6,'{\"options\":[{\"sequenceNumber\":2,\"quantifier\":5.0,\"text\":\"Non-Core to Business Process\"}],\"otherOptionResponseText\":null,\"score\":null}'),(388,1883,6,'{\"options\":[{\"sequenceNumber\":1,\"quantifier\":10.0,\"text\":\"COTS\"}],\"otherOptionResponseText\":null,\"score\":null}'),(389,1433,6,'{\"options\":[{\"sequenceNumber\":1,\"quantifier\":10.0,\"text\":\"Invest\"}],\"otherOptionResponseText\":null,\"score\":null}'),(390,1884,6,'{\"responseText\":\"Sapient\",\"score\":null}'),(391,1434,6,'{\"options\":[{\"sequenceNumber\":5,\"quantifier\":5.0,\"text\":\"Significant Impact on Business Performance\"}],\"otherOptionResponseText\":null,\"score\":null}'),(392,1435,6,'{\"options\":[{\"sequenceNumber\":4,\"quantifier\":8.0,\"text\":\"Managed Service\"}],\"otherOptionResponseText\":null,\"score\":null}'),(393,1436,6,'{\"responseText\":\"oxford\",\"score\":null}'),(394,1437,6,'{\"options\":[{\"sequenceNumber\":6,\"quantifier\":5.0,\"text\":\"Android\"},{\"sequenceNumber\":7,\"quantifier\":5.0,\"text\":\"iOS\"}]}'),(395,1438,6,'{\"options\":[{\"sequenceNumber\":2,\"quantifier\":4.0,\"text\":\"documented and followed consistently\"}],\"otherOptionResponseText\":null,\"score\":null}'),(396,1439,6,'{\"options\":[{\"sequenceNumber\":2,\"quantifier\":3.0,\"text\":\"Documentation standards defined but not followed\"}],\"otherOptionResponseText\":null,\"score\":null}'),(397,1885,6,'{\"options\":[{\"sequenceNumber\":1,\"quantifier\":5.0,\"text\":\"Java / J2EE\"},{\"sequenceNumber\":6,\"quantifier\":5.0,\"text\":\"Android\"},{\"sequenceNumber\":7,\"quantifier\":5.0,\"text\":\"iOS\"}]}'),(398,1440,6,'{\"options\":[{\"sequenceNumber\":2,\"quantifier\":1.0,\"text\":\"Manufacturing Intelligence\"}],\"otherOptionResponseText\":null,\"score\":null}'),(399,1886,6,'{\"options\":[{\"sequenceNumber\":1,\"quantifier\":5.0,\"text\":\"Process defined\"},{\"sequenceNumber\":3,\"quantifier\":3.0,\"text\":\"Process defined\"}],\"otherOptionResponseText\":null,\"score\":null}'),(400,1887,6,'{\"options\":[{\"sequenceNumber\":1,\"quantifier\":5.0,\"text\":\"Documentation standards defined and followed\"}],\"otherOptionResponseText\":null,\"score\":null}'),(401,1888,6,'{\"options\":[{\"sequenceNumber\":7,\"quantifier\":1.0,\"text\":\"Quality and Regulatory\"}],\"otherOptionResponseText\":null,\"score\":null}'),(402,1441,6,'{\"responseParaText\":\"Facebook at work is social network apps for business.\",\"score\":null}'),(403,1889,6,'{\"responseParaText\":\"This application used for WPS functionality.\",\"score\":null}'),(404,1442,6,'{\"responseText\":\"Facebook\",\"score\":null}'),(405,1443,6,'{\"options\":[{\"sequenceNumber\":1,\"quantifier\":2.0,\"text\":\"BI\"}],\"otherOptionResponseText\":null,\"score\":null}'),(406,1444,6,'{\"options\":[{\"sequenceNumber\":1,\"quantifier\":2.0,\"text\":\"Warehouse Management\"},{\"sequenceNumber\":2,\"quantifier\":2.0,\"text\":\"Warehouse Design\"},{\"sequenceNumber\":5,\"quantifier\":2.0,\"text\":\"Outbound Distribution\"},{\"sequenceNumber\":6,\"quantifier\":2.0,\"text\":\"Transportation Management\"},{\"sequenceNumber\":9,\"quantifier\":1.0,\"text\":\"Order Management\"},{\"sequenceNumber\":10,\"quantifier\":0.0,\"text\":\"Vendor Management\"}]}'),(407,1445,6,'{\"options\":[{\"sequenceNumber\":5,\"quantifier\":1.0,\"text\":\"Global\"}],\"otherOptionResponseText\":null,\"score\":null}'),(408,1446,6,'{\"quantifier\":200000.0,\"responseNumber\":200000.0}'),(409,1890,6,'{\"responseText\":\"Microsoft\",\"score\":null}'),(410,1447,6,'{\"quantifier\":500000.0,\"responseNumber\":500000.0}'),(411,1448,6,'{\"options\":[{\"sequenceNumber\":1,\"quantifier\":10.0,\"text\":\"Core to Business Process\"}],\"otherOptionResponseText\":null,\"score\":null}'),(412,1891,6,'{\"options\":[{\"sequenceNumber\":1,\"quantifier\":2.0,\"text\":\"BI\"}],\"otherOptionResponseText\":null,\"score\":null}'),(413,1449,6,'{\"options\":[{\"sequenceNumber\":1,\"quantifier\":10.0,\"text\":\"Invest\"}],\"otherOptionResponseText\":null,\"score\":null}'),(414,1450,6,'{\"options\":[{\"sequenceNumber\":1,\"quantifier\":10.0,\"text\":\"Severe Impact on Revenue & Business Performance\"}],\"otherOptionResponseText\":null,\"score\":null}'),(415,1451,6,'{\"options\":[{\"sequenceNumber\":1,\"quantifier\":10.0,\"text\":\"COTS\"}],\"otherOptionResponseText\":null,\"score\":null}'),(416,1892,6,'{\"options\":[{\"sequenceNumber\":3,\"quantifier\":2.0,\"text\":\"Inventory Planning\"},{\"sequenceNumber\":4,\"quantifier\":2.0,\"text\":\"Inventory Management\"}]}'),(417,1893,6,'{\"options\":[{\"sequenceNumber\":5,\"quantifier\":1.0,\"text\":\"Global\"}],\"otherOptionResponseText\":null,\"score\":null}'),(418,1452,6,'{\"responseText\":\"Facebook at work\",\"score\":null}'),(419,1453,6,'{\"options\":[{\"sequenceNumber\":1,\"quantifier\":5.0,\"text\":\"Java / J2EE\"},{\"sequenceNumber\":2,\"quantifier\":5.0,\"text\":\".Net / Visual Studio\"},{\"sequenceNumber\":5,\"quantifier\":5.0,\"text\":\"PHP\"},{\"sequenceNumber\":6,\"quantifier\":5.0,\"text\":\"Android\"},{\"sequenceNumber\":7,\"quantifier\":5.0,\"text\":\"iOS\"},{\"sequenceNumber\":9,\"quantifier\":5.0,\"text\":\"JavaScript / jQuery / Angular\"}]}'),(420,1894,6,'{\"quantifier\":500000.0,\"responseNumber\":500000.0}'),(421,1895,6,'{\"quantifier\":100000.0,\"responseNumber\":100000.0}'),(422,1896,6,'{\"options\":[{\"sequenceNumber\":3,\"quantifier\":3.0,\"text\":\"Tool / Utility\"}],\"otherOptionResponseText\":null,\"score\":null}'),(423,1897,6,'{\"options\":[{\"sequenceNumber\":3,\"quantifier\":6.0,\"text\":\"Migrate\"}],\"otherOptionResponseText\":null,\"score\":null}'),(424,1454,6,'{\"options\":[{\"sequenceNumber\":1,\"quantifier\":5.0,\"text\":\"Process defined\"},{\"sequenceNumber\":3,\"quantifier\":3.0,\"text\":\"Process defined\"}],\"otherOptionResponseText\":null,\"score\":null}'),(425,1898,6,'{\"options\":[{\"sequenceNumber\":5,\"quantifier\":5.0,\"text\":\"Significant Impact on Business Performance\"}],\"otherOptionResponseText\":null,\"score\":null}'),(426,1455,6,'{\"options\":[{\"sequenceNumber\":1,\"quantifier\":5.0,\"text\":\"Documentation standards defined and followed\"}],\"otherOptionResponseText\":null,\"score\":null}'),(427,1899,6,'{\"options\":[{\"sequenceNumber\":3,\"quantifier\":8.0,\"text\":\"Customized COTS\"}],\"otherOptionResponseText\":null,\"score\":null}'),(428,1456,6,'{\"options\":[{\"sequenceNumber\":1,\"quantifier\":1.0,\"text\":\"Manufacturing Execution\"}],\"otherOptionResponseText\":null,\"score\":null}'),(429,1457,6,'{\"responseParaText\":\" Vault hide sms is alsp a apps to hide your personal data and lock also.\",\"score\":null}'),(430,1900,6,'{\"responseText\":\"Microsoft\",\"score\":null}'),(431,1901,6,'{\"options\":[{\"sequenceNumber\":1,\"quantifier\":5.0,\"text\":\"Java / J2EE\"},{\"sequenceNumber\":6,\"quantifier\":5.0,\"text\":\"Android\"},{\"sequenceNumber\":8,\"quantifier\":5.0,\"text\":\"HTML 5\"},{\"sequenceNumber\":9,\"quantifier\":5.0,\"text\":\"JavaScript / jQuery / Angular\"},{\"sequenceNumber\":11,\"quantifier\":5.0,\"text\":\"Python\"}]}'),(432,1902,6,'{\"options\":[{\"sequenceNumber\":1,\"quantifier\":5.0,\"text\":\"Process defined\"},{\"sequenceNumber\":3,\"quantifier\":3.0,\"text\":\"Process defined\"}],\"otherOptionResponseText\":null,\"score\":null}'),(433,1903,6,'{\"options\":[{\"sequenceNumber\":1,\"quantifier\":5.0,\"text\":\"Documentation standards defined and followed\"}],\"otherOptionResponseText\":null,\"score\":null}'),(434,1904,6,'{\"options\":[{\"sequenceNumber\":3,\"quantifier\":1.0,\"text\":\"Engineering Services\"}],\"otherOptionResponseText\":null,\"score\":null}'),(435,1905,6,'{\"responseParaText\":\"This application links the all vendors in india.\",\"score\":null}'),(436,1906,6,'{\"responseText\":\"Indiamart\",\"score\":null}'),(437,1907,6,'{\"options\":[{\"sequenceNumber\":1,\"quantifier\":2.0,\"text\":\"BI\"}],\"otherOptionResponseText\":null,\"score\":null}'),(438,1908,6,'{\"options\":[{\"sequenceNumber\":2,\"quantifier\":2.0,\"text\":\"Warehouse Design\"},{\"sequenceNumber\":3,\"quantifier\":2.0,\"text\":\"Inventory Planning\"}]}'),(439,1909,6,'{\"options\":[{\"sequenceNumber\":1,\"quantifier\":1.0,\"text\":\"APAC\"}],\"otherOptionResponseText\":null,\"score\":null}'),(440,1910,6,'{\"quantifier\":100000.0,\"responseNumber\":100000.0}'),(441,1911,6,'{\"quantifier\":500000.0,\"responseNumber\":500000.0}'),(442,1458,6,'{\"responseText\":\" Vault hide sms\",\"score\":null}'),(443,1912,6,'{\"options\":[{\"sequenceNumber\":2,\"quantifier\":5.0,\"text\":\"Non-Core to Business Process\"}],\"otherOptionResponseText\":null,\"score\":null}'),(444,1913,6,'{\"options\":[{\"sequenceNumber\":3,\"quantifier\":6.0,\"text\":\"Migrate\"}],\"otherOptionResponseText\":null,\"score\":null}'),(445,1914,6,'{\"options\":[{\"sequenceNumber\":3,\"quantifier\":7.0,\"text\":\"Severe Impact on Business Performance\"}],\"otherOptionResponseText\":null,\"score\":null}'),(446,1915,6,'{\"options\":[{\"sequenceNumber\":2,\"quantifier\":6.0,\"text\":\"Custom\"}],\"otherOptionResponseText\":null,\"score\":null}'),(447,1459,6,'{\"options\":[{\"sequenceNumber\":1,\"quantifier\":2.0,\"text\":\"BI\"}],\"otherOptionResponseText\":null,\"score\":null}'),(448,1460,6,'{\"options\":[{\"sequenceNumber\":1,\"quantifier\":2.0,\"text\":\"Warehouse Management\"},{\"sequenceNumber\":5,\"quantifier\":2.0,\"text\":\"Outbound Distribution\"},{\"sequenceNumber\":9,\"quantifier\":1.0,\"text\":\"Order Management\"},{\"sequenceNumber\":10,\"quantifier\":0.0,\"text\":\"Vendor Management\"}]}'),(449,1461,6,'{\"options\":[{\"sequenceNumber\":2,\"quantifier\":1.0,\"text\":\"EMENA\"}],\"otherOptionResponseText\":null,\"score\":null}'),(450,1916,6,'{\"responseText\":\"Indiamart\",\"score\":null}'),(451,1462,6,'{\"quantifier\":40000.0,\"responseNumber\":40000.0}'),(452,1917,6,'{\"options\":[{\"sequenceNumber\":2,\"quantifier\":5.0,\"text\":\".Net / Visual Studio\"},{\"sequenceNumber\":8,\"quantifier\":5.0,\"text\":\"HTML 5\"},{\"sequenceNumber\":9,\"quantifier\":5.0,\"text\":\"JavaScript / jQuery / Angular\"}]}'),(453,1463,6,'{\"quantifier\":60000.0,\"responseNumber\":60000.0}'),(454,1919,6,'{\"options\":[{\"sequenceNumber\":1,\"quantifier\":5.0,\"text\":\"Documentation standards defined and followed\"}],\"otherOptionResponseText\":null,\"score\":null}'),(455,1464,6,'{\"options\":[{\"sequenceNumber\":3,\"quantifier\":3.0,\"text\":\"Tool / Utility\"}],\"otherOptionResponseText\":null,\"score\":null}'),(456,1465,6,'{\"options\":[{\"sequenceNumber\":2,\"quantifier\":8.0,\"text\":\"Retain\"}],\"otherOptionResponseText\":null,\"score\":null}'),(457,1920,6,'{\"options\":[{\"sequenceNumber\":1,\"quantifier\":1.0,\"text\":\"Manufacturing Execution\"}],\"otherOptionResponseText\":null,\"score\":null}'),(458,1466,6,'{\"options\":[{\"sequenceNumber\":4,\"quantifier\":6.0,\"text\":\"Significant Impact on Revenue\"}],\"otherOptionResponseText\":null,\"score\":null}'),(459,1467,6,'{\"options\":[{\"sequenceNumber\":1,\"quantifier\":10.0,\"text\":\"COTS\"}],\"otherOptionResponseText\":null,\"score\":null}'),(460,1468,6,'{\"responseText\":\" Vault hide sms\",\"score\":null}'),(461,1469,6,'{\"options\":[{\"sequenceNumber\":6,\"quantifier\":5.0,\"text\":\"Android\"},{\"sequenceNumber\":7,\"quantifier\":5.0,\"text\":\"iOS\"}]}'),(462,1470,6,'{\"options\":[{\"sequenceNumber\":1,\"quantifier\":5.0,\"text\":\"Process defined\"},{\"sequenceNumber\":3,\"quantifier\":3.0,\"text\":\"Process defined\"}],\"otherOptionResponseText\":null,\"score\":null}'),(463,1921,6,'{\"responseParaText\":\"This application is used for official sheet.\",\"score\":null}'),(464,1471,6,'{\"options\":[{\"sequenceNumber\":2,\"quantifier\":3.0,\"text\":\"Documentation standards defined but not followed\"}],\"otherOptionResponseText\":null,\"score\":null}'),(465,1472,6,'{\"options\":[{\"sequenceNumber\":1,\"quantifier\":1.0,\"text\":\"Manufacturing Execution\"}],\"otherOptionResponseText\":null,\"score\":null}'),(466,1473,6,'{\"responseParaText\":\"AppLock Theme is also a apps for AppLock apps to change a Theme.\",\"score\":null}'),(467,1922,6,'{\"responseText\":\"Polaris\",\"score\":null}'),(468,1923,6,'{\"options\":[{\"sequenceNumber\":4,\"quantifier\":2.0,\"text\":\"Engineering Ops\"}],\"otherOptionResponseText\":null,\"score\":null}'),(469,1924,6,'{\"options\":[{\"sequenceNumber\":4,\"quantifier\":2.0,\"text\":\"Inventory Management\"},{\"sequenceNumber\":5,\"quantifier\":2.0,\"text\":\"Outbound Distribution\"}]}'),(470,1925,6,'{\"options\":[{\"sequenceNumber\":5,\"quantifier\":1.0,\"text\":\"Global\"}],\"otherOptionResponseText\":null,\"score\":null}'),(471,1926,6,'{\"quantifier\":200000.0,\"responseNumber\":200000.0}'),(472,1474,6,'{\"responseText\":\"AppLock \",\"score\":null}'),(473,1927,6,'{\"quantifier\":75000.0,\"responseNumber\":75000.0}'),(474,1475,6,'{\"options\":[{\"sequenceNumber\":1,\"quantifier\":2.0,\"text\":\"BI\"}],\"otherOptionResponseText\":null,\"score\":null}'),(475,1476,6,'{\"options\":[{\"sequenceNumber\":5,\"quantifier\":2.0,\"text\":\"Outbound Distribution\"},{\"sequenceNumber\":9,\"quantifier\":1.0,\"text\":\"Order Management\"}]}'),(476,1928,6,'{\"options\":[{\"sequenceNumber\":3,\"quantifier\":3.0,\"text\":\"Tool / Utility\"}],\"otherOptionResponseText\":null,\"score\":null}'),(477,1929,6,'{\"options\":[{\"sequenceNumber\":3,\"quantifier\":6.0,\"text\":\"Migrate\"}],\"otherOptionResponseText\":null,\"score\":null}'),(478,1477,6,'{\"options\":[{\"sequenceNumber\":5,\"quantifier\":1.0,\"text\":\"Global\"}],\"otherOptionResponseText\":null,\"score\":null}'),(479,1930,6,'{\"options\":[{\"sequenceNumber\":6,\"quantifier\":4.0,\"text\":\"Minor Impact\"}],\"otherOptionResponseText\":null,\"score\":null}'),(480,1479,6,'{\"quantifier\":40000.0,\"responseNumber\":40000.0}'),(481,1931,6,'{\"options\":[{\"sequenceNumber\":2,\"quantifier\":6.0,\"text\":\"Custom\"}],\"otherOptionResponseText\":null,\"score\":null}'),(482,1932,6,'{\"responseText\":\"Polaris\",\"score\":null}'),(483,1478,6,'{\"quantifier\":20000.0,\"responseNumber\":20000.0}'),(484,1480,6,'{\"options\":[{\"sequenceNumber\":4,\"quantifier\":2.0,\"text\":\"Add - on\"}],\"otherOptionResponseText\":null,\"score\":null}'),(485,1481,6,'{\"options\":[{\"sequenceNumber\":3,\"quantifier\":6.0,\"text\":\"Migrate\"}],\"otherOptionResponseText\":null,\"score\":null}'),(486,1482,6,'{\"options\":[{\"sequenceNumber\":5,\"quantifier\":5.0,\"text\":\"Significant Impact on Business Performance\"}],\"otherOptionResponseText\":null,\"score\":null}'),(487,1483,6,'{\"options\":[{\"sequenceNumber\":3,\"quantifier\":8.0,\"text\":\"Customized COTS\"}],\"otherOptionResponseText\":null,\"score\":null}'),(488,1484,6,'{\"responseText\":\"AppLock \",\"score\":null}'),(489,1485,6,'{\"options\":[{\"sequenceNumber\":5,\"quantifier\":5.0,\"text\":\"PHP\"},{\"sequenceNumber\":6,\"quantifier\":5.0,\"text\":\"Android\"},{\"sequenceNumber\":7,\"quantifier\":5.0,\"text\":\"iOS\"}]}'),(490,1486,6,'{\"options\":[{\"sequenceNumber\":4,\"quantifier\":1.0,\"text\":\"documented but not followed consistently\"}],\"otherOptionResponseText\":null,\"score\":null}'),(491,1487,6,'{\"options\":[{\"sequenceNumber\":3,\"quantifier\":1.0,\"text\":\"Documentation standards not defined\"}],\"otherOptionResponseText\":null,\"score\":null}'),(492,1488,6,'{\"options\":[{\"sequenceNumber\":7,\"quantifier\":1.0,\"text\":\"Quality and Regulatory\"}],\"otherOptionResponseText\":null,\"score\":null}'),(493,1933,6,'{\"options\":[{\"sequenceNumber\":2,\"quantifier\":5.0,\"text\":\".Net / Visual Studio\"},{\"sequenceNumber\":6,\"quantifier\":5.0,\"text\":\"Android\"},{\"sequenceNumber\":8,\"quantifier\":5.0,\"text\":\"HTML 5\"},{\"sequenceNumber\":9,\"quantifier\":5.0,\"text\":\"JavaScript / jQuery / Angular\"}]}'),(494,1934,6,'{\"options\":[{\"sequenceNumber\":1,\"quantifier\":5.0,\"text\":\"Process defined\"},{\"sequenceNumber\":3,\"quantifier\":3.0,\"text\":\"Process defined\"}],\"otherOptionResponseText\":null,\"score\":null}'),(495,1489,6,'{\"responseParaText\":\" Basic docx reader is also a docx reader apps\",\"score\":null}'),(496,1935,6,'{\"options\":[{\"sequenceNumber\":3,\"quantifier\":1.0,\"text\":\"Documentation standards not defined\"}],\"otherOptionResponseText\":null,\"score\":null}'),(497,1936,6,'{\"options\":[{\"sequenceNumber\":6,\"quantifier\":1.0,\"text\":\"Global Safety & Environment\"}],\"otherOptionResponseText\":null,\"score\":null}'),(498,1937,6,'{\"responseParaText\":\"This application is used for reading the various cards electronically.\",\"score\":null}'),(499,1490,6,'{\"responseText\":\"Basic docx\",\"score\":null}'),(500,1938,6,'{\"responseText\":\"Oracle\",\"score\":null}'),(501,1939,6,'{\"options\":[{\"sequenceNumber\":4,\"quantifier\":2.0,\"text\":\"Engineering Ops\"}],\"otherOptionResponseText\":null,\"score\":null}'),(502,1491,6,'{\"options\":[{\"sequenceNumber\":1,\"quantifier\":2.0,\"text\":\"BI\"}],\"otherOptionResponseText\":null,\"score\":null}'),(503,1492,6,'{\"options\":[{\"sequenceNumber\":5,\"quantifier\":2.0,\"text\":\"Outbound Distribution\"},{\"sequenceNumber\":9,\"quantifier\":1.0,\"text\":\"Order Management\"},{\"sequenceNumber\":10,\"quantifier\":0.0,\"text\":\"Vendor Management\"}]}'),(504,1940,6,'{\"options\":[{\"sequenceNumber\":5,\"quantifier\":2.0,\"text\":\"Outbound Distribution\"},{\"sequenceNumber\":8,\"quantifier\":2.0,\"text\":\"Financials\"}]}'),(505,1494,6,'{\"quantifier\":40000.0,\"responseNumber\":40000.0}'),(506,1941,6,'{\"options\":[{\"sequenceNumber\":5,\"quantifier\":1.0,\"text\":\"Global\"}],\"otherOptionResponseText\":null,\"score\":null}'),(507,1942,6,'{\"quantifier\":100000.0,\"responseNumber\":100000.0}'),(508,1495,6,'{\"quantifier\":700000.0,\"responseNumber\":700000.0}'),(509,1943,6,'{\"quantifier\":50000.0,\"responseNumber\":50000.0}'),(510,1496,6,'{\"options\":[{\"sequenceNumber\":5,\"quantifier\":1.0,\"text\":\"Data Extract\"}],\"otherOptionResponseText\":null,\"score\":null}'),(511,1944,6,'{\"options\":[{\"sequenceNumber\":3,\"quantifier\":3.0,\"text\":\"Tool / Utility\"}],\"otherOptionResponseText\":null,\"score\":null}'),(512,1497,6,'{\"options\":[{\"sequenceNumber\":5,\"quantifier\":1.0,\"text\":\"Retired\"}],\"otherOptionResponseText\":null,\"score\":null}'),(513,1945,6,'{\"options\":[{\"sequenceNumber\":1,\"quantifier\":10.0,\"text\":\"Invest\"}],\"otherOptionResponseText\":null,\"score\":null}'),(514,1498,6,'{\"options\":[{\"sequenceNumber\":6,\"quantifier\":4.0,\"text\":\"Minor Impact\"}],\"otherOptionResponseText\":null,\"score\":null}'),(515,1946,6,'{\"options\":[{\"sequenceNumber\":5,\"quantifier\":5.0,\"text\":\"Significant Impact on Business Performance\"}],\"otherOptionResponseText\":null,\"score\":null}'),(516,1499,6,'{\"options\":[{\"sequenceNumber\":2,\"quantifier\":6.0,\"text\":\"Custom\"}],\"otherOptionResponseText\":null,\"score\":null}'),(517,1947,6,'{\"options\":[{\"sequenceNumber\":2,\"quantifier\":6.0,\"text\":\"Custom\"}],\"otherOptionResponseText\":null,\"score\":null}'),(518,1500,6,'{\"responseText\":\"Basic docx\",\"score\":null}'),(519,1949,6,'{\"options\":[{\"sequenceNumber\":1,\"quantifier\":5.0,\"text\":\"Java / J2EE\"},{\"sequenceNumber\":6,\"quantifier\":5.0,\"text\":\"Android\"},{\"sequenceNumber\":7,\"quantifier\":5.0,\"text\":\"iOS\"},{\"sequenceNumber\":9,\"quantifier\":5.0,\"text\":\"JavaScript / jQuery / Angular\"}]}'),(520,1501,6,'{\"options\":[{\"sequenceNumber\":6,\"quantifier\":5.0,\"text\":\"Android\"},{\"sequenceNumber\":7,\"quantifier\":5.0,\"text\":\"iOS\"}]}'),(521,1502,6,'{\"options\":[{\"sequenceNumber\":1,\"quantifier\":5.0,\"text\":\"Process defined\"},{\"sequenceNumber\":3,\"quantifier\":3.0,\"text\":\"Process defined\"}],\"otherOptionResponseText\":null,\"score\":null}'),(522,1950,6,'{\"options\":[{\"sequenceNumber\":1,\"quantifier\":5.0,\"text\":\"Process defined\"},{\"sequenceNumber\":3,\"quantifier\":3.0,\"text\":\"Process defined\"}],\"otherOptionResponseText\":null,\"score\":null}'),(523,1503,6,'{\"options\":[{\"sequenceNumber\":2,\"quantifier\":3.0,\"text\":\"Documentation standards defined but not followed\"}],\"otherOptionResponseText\":null,\"score\":null}'),(524,1504,6,'{\"options\":[{\"sequenceNumber\":8,\"quantifier\":1.0,\"text\":\"Supply Chain Management\"}],\"otherOptionResponseText\":null,\"score\":null}'),(525,1951,6,'{\"options\":[{\"sequenceNumber\":2,\"quantifier\":3.0,\"text\":\"Documentation standards defined but not followed\"}],\"otherOptionResponseText\":null,\"score\":null}'),(526,1952,6,'{\"options\":[{\"sequenceNumber\":4,\"quantifier\":1.0,\"text\":\"Distribution and Logistics\"}],\"otherOptionResponseText\":null,\"score\":null}'),(527,1505,6,'{\"responseParaText\":\"My Resume builder is good website to create a Resume online.\",\"score\":null}'),(528,1953,6,'{\"responseParaText\":\"This application cares the vehicle of Maruti.\",\"score\":null}'),(529,1506,6,'{\"responseText\":\"Resume builder\",\"score\":null}'),(530,1507,6,'{\"options\":[{\"sequenceNumber\":1,\"quantifier\":2.0,\"text\":\"BI\"}],\"otherOptionResponseText\":null,\"score\":null}'),(531,1954,6,'{\"responseText\":\"Accenture\",\"score\":null}'),(532,1955,6,'{\"options\":[{\"sequenceNumber\":4,\"quantifier\":2.0,\"text\":\"Engineering Ops\"}],\"otherOptionResponseText\":null,\"score\":null}'),(533,1508,6,'{\"options\":[{\"sequenceNumber\":7,\"quantifier\":2.0,\"text\":\"HR\"}]}'),(534,1956,6,'{\"options\":[{\"sequenceNumber\":2,\"quantifier\":2.0,\"text\":\"Warehouse Design\"},{\"sequenceNumber\":3,\"quantifier\":2.0,\"text\":\"Inventory Planning\"},{\"sequenceNumber\":7,\"quantifier\":2.0,\"text\":\"HR\"}]}'),(535,1957,6,'{\"options\":[{\"sequenceNumber\":5,\"quantifier\":1.0,\"text\":\"Global\"}],\"otherOptionResponseText\":null,\"score\":null}'),(536,1509,6,'{\"options\":[{\"sequenceNumber\":5,\"quantifier\":1.0,\"text\":\"Global\"}],\"otherOptionResponseText\":null,\"score\":null}'),(537,1510,6,'{\"quantifier\":30000.0,\"responseNumber\":30000.0}'),(538,1958,6,'{\"quantifier\":750000.0,\"responseNumber\":750000.0}'),(539,1511,6,'{\"quantifier\":300000.0,\"responseNumber\":300000.0}'),(540,1512,6,'{\"options\":[{\"sequenceNumber\":1,\"quantifier\":10.0,\"text\":\"Core to Business Process\"}],\"otherOptionResponseText\":null,\"score\":null}'),(541,1513,6,'{\"options\":[{\"sequenceNumber\":1,\"quantifier\":10.0,\"text\":\"Invest\"}],\"otherOptionResponseText\":null,\"score\":null}'),(542,1514,6,'{\"options\":[{\"sequenceNumber\":1,\"quantifier\":10.0,\"text\":\"Severe Impact on Revenue & Business Performance\"}],\"otherOptionResponseText\":null,\"score\":null}'),(543,1515,6,'{\"options\":[{\"sequenceNumber\":1,\"quantifier\":10.0,\"text\":\"COTS\"}],\"otherOptionResponseText\":null,\"score\":null}'),(544,1516,6,'{\"responseText\":\"Resume builder\",\"score\":null}'),(545,1517,6,'{\"options\":[{\"sequenceNumber\":1,\"quantifier\":5.0,\"text\":\"Java / J2EE\"},{\"sequenceNumber\":5,\"quantifier\":5.0,\"text\":\"PHP\"},{\"sequenceNumber\":6,\"quantifier\":5.0,\"text\":\"Android\"},{\"sequenceNumber\":7,\"quantifier\":5.0,\"text\":\"iOS\"}]}'),(546,1959,6,'{\"quantifier\":30000.0,\"responseNumber\":30000.0}'),(547,1960,6,'{\"options\":[{\"sequenceNumber\":3,\"quantifier\":3.0,\"text\":\"Tool / Utility\"}],\"otherOptionResponseText\":null,\"score\":null}'),(548,1518,6,'{\"options\":[{\"sequenceNumber\":1,\"quantifier\":5.0,\"text\":\"Process defined\"},{\"sequenceNumber\":3,\"quantifier\":3.0,\"text\":\"Process defined\"}],\"otherOptionResponseText\":null,\"score\":null}'),(549,1961,6,'{\"options\":[{\"sequenceNumber\":3,\"quantifier\":6.0,\"text\":\"Migrate\"}],\"otherOptionResponseText\":null,\"score\":null}'),(550,1519,6,'{\"options\":[{\"sequenceNumber\":2,\"quantifier\":3.0,\"text\":\"Documentation standards defined but not followed\"}],\"otherOptionResponseText\":null,\"score\":null}'),(551,1962,6,'{\"options\":[{\"sequenceNumber\":3,\"quantifier\":7.0,\"text\":\"Severe Impact on Business Performance\"}],\"otherOptionResponseText\":null,\"score\":null}'),(552,1520,6,'{\"options\":[{\"sequenceNumber\":3,\"quantifier\":1.0,\"text\":\"Engineering Services\"}],\"otherOptionResponseText\":null,\"score\":null}'),(553,1963,6,'{\"options\":[{\"sequenceNumber\":2,\"quantifier\":6.0,\"text\":\"Custom\"}],\"otherOptionResponseText\":null,\"score\":null}'),(554,1521,6,'{\"responseParaText\":\"Vestige is good product.\",\"score\":null}'),(555,1964,6,'{\"responseText\":\"Genpact\",\"score\":null}'),(556,1965,6,'{\"options\":[{\"sequenceNumber\":1,\"quantifier\":5.0,\"text\":\"Java / J2EE\"},{\"sequenceNumber\":6,\"quantifier\":5.0,\"text\":\"Android\"}]}'),(557,1966,6,'{\"options\":[{\"sequenceNumber\":1,\"quantifier\":5.0,\"text\":\"Process defined\"},{\"sequenceNumber\":3,\"quantifier\":3.0,\"text\":\"Process defined\"}],\"otherOptionResponseText\":null,\"score\":null}'),(558,1967,6,'{\"options\":[{\"sequenceNumber\":1,\"quantifier\":5.0,\"text\":\"Documentation standards defined and followed\"}],\"otherOptionResponseText\":null,\"score\":null}'),(559,1968,6,'{\"options\":[{\"sequenceNumber\":3,\"quantifier\":1.0,\"text\":\"Engineering Services\"}],\"otherOptionResponseText\":null,\"score\":null}'),(560,1522,6,'{\"responseText\":\"Vestige\",\"score\":null}'),(561,1523,6,'{\"options\":[{\"sequenceNumber\":1,\"quantifier\":2.0,\"text\":\"BI\"}],\"otherOptionResponseText\":null,\"score\":null}'),(562,1524,6,'{\"options\":[{\"sequenceNumber\":5,\"quantifier\":2.0,\"text\":\"Outbound Distribution\"},{\"sequenceNumber\":9,\"quantifier\":1.0,\"text\":\"Order Management\"},{\"sequenceNumber\":10,\"quantifier\":0.0,\"text\":\"Vendor Management\"}]}'),(563,1525,6,'{\"options\":[{\"sequenceNumber\":5,\"quantifier\":1.0,\"text\":\"Global\"}],\"otherOptionResponseText\":null,\"score\":null}'),(564,1526,6,'{\"quantifier\":10000.0,\"responseNumber\":10000.0}'),(565,1527,6,'{\"quantifier\":60000.0,\"responseNumber\":60000.0}'),(566,1528,6,'{\"options\":[{\"sequenceNumber\":1,\"quantifier\":10.0,\"text\":\"Core to Business Process\"}],\"otherOptionResponseText\":null,\"score\":null}'),(567,1529,6,'{\"options\":[{\"sequenceNumber\":1,\"quantifier\":10.0,\"text\":\"Invest\"}],\"otherOptionResponseText\":null,\"score\":null}'),(568,1530,6,'{\"options\":[{\"sequenceNumber\":1,\"quantifier\":10.0,\"text\":\"Severe Impact on Revenue & Business Performance\"}],\"otherOptionResponseText\":null,\"score\":null}'),(569,1531,6,'{\"options\":[{\"sequenceNumber\":2,\"quantifier\":6.0,\"text\":\"Custom\"}],\"otherOptionResponseText\":null,\"score\":null}'),(570,1532,6,'{\"responseText\":\"Vestige\",\"score\":null}'),(571,1969,6,'{\"responseParaText\":\"This application for scanning the documents and converted into the picture  and PDF.\",\"score\":null}'),(572,1533,6,'{\"options\":[{\"sequenceNumber\":5,\"quantifier\":5.0,\"text\":\"PHP\"},{\"sequenceNumber\":6,\"quantifier\":5.0,\"text\":\"Android\"},{\"sequenceNumber\":7,\"quantifier\":5.0,\"text\":\"iOS\"}]}'),(573,1534,6,'{\"options\":[{\"sequenceNumber\":1,\"quantifier\":5.0,\"text\":\"Process defined\"},{\"sequenceNumber\":3,\"quantifier\":3.0,\"text\":\"Process defined\"}],\"otherOptionResponseText\":null,\"score\":null}'),(574,1535,6,'{\"options\":[{\"sequenceNumber\":2,\"quantifier\":3.0,\"text\":\"Documentation standards defined but not followed\"}],\"otherOptionResponseText\":null,\"score\":null}'),(575,1536,6,'{\"options\":[{\"sequenceNumber\":2,\"quantifier\":1.0,\"text\":\"Manufacturing Intelligence\"}],\"otherOptionResponseText\":null,\"score\":null}'),(576,1970,6,'{\"responseText\":\"Sapient\",\"score\":null}'),(577,1971,6,'{\"options\":[{\"sequenceNumber\":7,\"quantifier\":2.0,\"text\":\"People HR\"}],\"otherOptionResponseText\":null,\"score\":null}'),(578,1972,6,'{\"options\":[{\"sequenceNumber\":3,\"quantifier\":2.0,\"text\":\"Inventory Planning\"}]}'),(579,1973,6,'{\"options\":[{\"sequenceNumber\":5,\"quantifier\":1.0,\"text\":\"Global\"}],\"otherOptionResponseText\":null,\"score\":null}'),(580,1974,6,'{\"quantifier\":100001.0,\"responseNumber\":100001.0}'),(581,1975,6,'{\"quantifier\":250000.0,\"responseNumber\":250000.0}'),(582,1976,6,'{\"options\":[{\"sequenceNumber\":1,\"quantifier\":10.0,\"text\":\"Core to Business Process\"}],\"otherOptionResponseText\":null,\"score\":null}'),(583,1977,6,'{\"options\":[{\"sequenceNumber\":1,\"quantifier\":10.0,\"text\":\"Invest\"}],\"otherOptionResponseText\":null,\"score\":null}'),(584,1978,6,'{\"options\":[{\"sequenceNumber\":2,\"quantifier\":8.0,\"text\":\"Severe Impact on Revenue\"}],\"otherOptionResponseText\":null,\"score\":null}'),(585,1979,6,'{\"options\":[{\"sequenceNumber\":2,\"quantifier\":6.0,\"text\":\"Custom\"}],\"otherOptionResponseText\":null,\"score\":null}'),(586,1980,6,'{\"responseText\":\"Sapient\",\"score\":null}'),(587,1981,6,'{\"options\":[{\"sequenceNumber\":2,\"quantifier\":5.0,\"text\":\".Net / Visual Studio\"},{\"sequenceNumber\":6,\"quantifier\":5.0,\"text\":\"Android\"},{\"sequenceNumber\":7,\"quantifier\":5.0,\"text\":\"iOS\"},{\"sequenceNumber\":10,\"quantifier\":5.0,\"text\":\"Ruby On Rails\"}]}'),(588,1982,6,'{\"options\":[{\"sequenceNumber\":1,\"quantifier\":5.0,\"text\":\"Process defined\"},{\"sequenceNumber\":3,\"quantifier\":3.0,\"text\":\"Process defined\"}],\"otherOptionResponseText\":null,\"score\":null}'),(589,1983,6,'{\"options\":[{\"sequenceNumber\":2,\"quantifier\":3.0,\"text\":\"Documentation standards defined but not followed\"}],\"otherOptionResponseText\":null,\"score\":null}'),(590,1984,6,'{\"options\":[{\"sequenceNumber\":2,\"quantifier\":1.0,\"text\":\"Manufacturing Intelligence\"}],\"otherOptionResponseText\":null,\"score\":null}'),(591,1537,6,'{\"responseParaText\":\"Free Lancer is good website for working work on free lance also work at home.\",\"score\":null}'),(592,1538,6,'{\"responseText\":\"Free Lancer\",\"score\":null}'),(593,1539,6,'{\"options\":[{\"sequenceNumber\":1,\"quantifier\":2.0,\"text\":\"BI\"}],\"otherOptionResponseText\":null,\"score\":null}'),(594,1540,6,'{\"options\":[{\"sequenceNumber\":5,\"quantifier\":2.0,\"text\":\"Outbound Distribution\"},{\"sequenceNumber\":7,\"quantifier\":2.0,\"text\":\"HR\"},{\"sequenceNumber\":9,\"quantifier\":1.0,\"text\":\"Order Management\"},{\"sequenceNumber\":10,\"quantifier\":0.0,\"text\":\"Vendor Management\"}]}'),(595,1541,6,'{\"options\":[{\"sequenceNumber\":5,\"quantifier\":1.0,\"text\":\"Global\"}],\"otherOptionResponseText\":null,\"score\":null}'),(596,1542,6,'{\"quantifier\":40000.0,\"responseNumber\":40000.0}'),(597,1543,6,'{\"quantifier\":500000.0,\"responseNumber\":500000.0}'),(598,1544,6,'{\"options\":[{\"sequenceNumber\":1,\"quantifier\":10.0,\"text\":\"Core to Business Process\"}],\"otherOptionResponseText\":null,\"score\":null}'),(599,1545,6,'{\"options\":[{\"sequenceNumber\":1,\"quantifier\":10.0,\"text\":\"Invest\"}],\"otherOptionResponseText\":null,\"score\":null}'),(600,1546,6,'{\"options\":[{\"sequenceNumber\":2,\"quantifier\":8.0,\"text\":\"Severe Impact on Revenue\"}],\"otherOptionResponseText\":null,\"score\":null}'),(601,1547,6,'{\"options\":[{\"sequenceNumber\":2,\"quantifier\":6.0,\"text\":\"Custom\"}],\"otherOptionResponseText\":null,\"score\":null}'),(602,1548,6,'{\"responseText\":\"Free Lancer\",\"score\":null}'),(603,1985,6,'{\"responseParaText\":\"This application provides many tools for users.\",\"score\":null}'),(604,1986,6,'{\"responseText\":\"Google\",\"score\":null}'),(605,1549,6,'{\"options\":[{\"sequenceNumber\":1,\"quantifier\":5.0,\"text\":\"Java / J2EE\"},{\"sequenceNumber\":2,\"quantifier\":5.0,\"text\":\".Net / Visual Studio\"},{\"sequenceNumber\":5,\"quantifier\":5.0,\"text\":\"PHP\"},{\"sequenceNumber\":6,\"quantifier\":5.0,\"text\":\"Android\"},{\"sequenceNumber\":7,\"quantifier\":5.0,\"text\":\"iOS\"}]}'),(606,1550,6,'{\"options\":[{\"sequenceNumber\":1,\"quantifier\":5.0,\"text\":\"Process defined\"},{\"sequenceNumber\":3,\"quantifier\":3.0,\"text\":\"Process defined\"}],\"otherOptionResponseText\":null,\"score\":null}'),(607,1551,6,'{\"options\":[{\"sequenceNumber\":2,\"quantifier\":3.0,\"text\":\"Documentation standards defined but not followed\"}],\"otherOptionResponseText\":null,\"score\":null}'),(608,1552,6,'{\"options\":[{\"sequenceNumber\":2,\"quantifier\":1.0,\"text\":\"Manufacturing Intelligence\"}],\"otherOptionResponseText\":null,\"score\":null}'),(609,1987,6,'{\"options\":[],\"otherOptionResponseText\":\"Search engine is very popular.\",\"score\":null}'),(610,1553,6,'{\"responseParaText\":\"File Commander is a complete file manager that allows you to handle any file on your Android device and remotely\",\"score\":null}'),(611,1554,6,'{\"responseText\":\"File commander\",\"score\":null}'),(612,1555,6,'{\"options\":[{\"sequenceNumber\":1,\"quantifier\":2.0,\"text\":\"BI\"}],\"otherOptionResponseText\":null,\"score\":null}'),(613,1556,6,'{\"options\":[{\"sequenceNumber\":5,\"quantifier\":2.0,\"text\":\"Outbound Distribution\"},{\"sequenceNumber\":9,\"quantifier\":1.0,\"text\":\"Order Management\"},{\"sequenceNumber\":10,\"quantifier\":0.0,\"text\":\"Vendor Management\"}]}'),(614,1557,6,'{\"options\":[{\"sequenceNumber\":5,\"quantifier\":1.0,\"text\":\"Global\"}],\"otherOptionResponseText\":null,\"score\":null}'),(615,1558,6,'{\"quantifier\":254000.0,\"responseNumber\":254000.0}'),(616,1559,6,'{\"quantifier\":900000.0,\"responseNumber\":900000.0}'),(617,1988,6,'{\"options\":[{\"sequenceNumber\":6,\"quantifier\":2.0,\"text\":\"Transportation Management\"},{\"sequenceNumber\":10,\"quantifier\":0.0,\"text\":\"Vendor Management\"}]}'),(618,1560,6,'{\"options\":[{\"sequenceNumber\":2,\"quantifier\":5.0,\"text\":\"Non-Core to Business Process\"}],\"otherOptionResponseText\":null,\"score\":null}'),(619,1989,6,'{\"options\":[{\"sequenceNumber\":5,\"quantifier\":1.0,\"text\":\"Global\"}],\"otherOptionResponseText\":null,\"score\":null}'),(620,1561,6,'{\"options\":[{\"sequenceNumber\":3,\"quantifier\":6.0,\"text\":\"Migrate\"}],\"otherOptionResponseText\":null,\"score\":null}'),(621,1562,6,'{\"options\":[{\"sequenceNumber\":5,\"quantifier\":5.0,\"text\":\"Significant Impact on Business Performance\"}],\"otherOptionResponseText\":null,\"score\":null}'),(622,1990,6,'{\"quantifier\":500000.0,\"responseNumber\":500000.0}'),(623,1563,6,'{\"options\":[{\"sequenceNumber\":4,\"quantifier\":8.0,\"text\":\"Managed Service\"}],\"otherOptionResponseText\":null,\"score\":null}'),(624,1564,6,'{\"responseText\":\"File commander\",\"score\":null}'),(625,1565,6,'{\"options\":[{\"sequenceNumber\":1,\"quantifier\":5.0,\"text\":\"Java / J2EE\"}]}'),(626,1991,6,'{\"quantifier\":100000.0,\"responseNumber\":100000.0}'),(627,1992,6,'{\"options\":[{\"sequenceNumber\":1,\"quantifier\":10.0,\"text\":\"Core to Business Process\"}],\"otherOptionResponseText\":null,\"score\":null}'),(628,1566,6,'{\"options\":[{\"sequenceNumber\":2,\"quantifier\":4.0,\"text\":\"documented and followed consistently\"}],\"otherOptionResponseText\":null,\"score\":null}'),(629,1993,6,'{\"options\":[{\"sequenceNumber\":1,\"quantifier\":10.0,\"text\":\"Invest\"}],\"otherOptionResponseText\":null,\"score\":null}'),(630,1567,6,'{\"options\":[{\"sequenceNumber\":2,\"quantifier\":3.0,\"text\":\"Documentation standards defined but not followed\"}],\"otherOptionResponseText\":null,\"score\":null}'),(631,1568,6,'{\"options\":[{\"sequenceNumber\":1,\"quantifier\":1.0,\"text\":\"Manufacturing Execution\"}],\"otherOptionResponseText\":null,\"score\":null}'),(632,1994,6,'{\"options\":[{\"sequenceNumber\":3,\"quantifier\":7.0,\"text\":\"Severe Impact on Business Performance\"}],\"otherOptionResponseText\":null,\"score\":null}'),(633,1995,6,'{\"options\":[{\"sequenceNumber\":2,\"quantifier\":6.0,\"text\":\"Custom\"}],\"otherOptionResponseText\":null,\"score\":null}'),(634,1569,6,'{\"responseParaText\":\"Snapdeal seller is good website for parching a online products.\",\"score\":null}'),(635,1996,6,'{\"responseText\":\"Google\",\"score\":null}'),(636,1997,6,'{\"options\":[{\"sequenceNumber\":1,\"quantifier\":5.0,\"text\":\"Java / J2EE\"},{\"sequenceNumber\":8,\"quantifier\":5.0,\"text\":\"HTML 5\"},{\"sequenceNumber\":9,\"quantifier\":5.0,\"text\":\"JavaScript / jQuery / Angular\"},{\"sequenceNumber\":10,\"quantifier\":5.0,\"text\":\"Ruby On Rails\"}]}'),(637,1998,6,'{\"options\":[{\"sequenceNumber\":1,\"quantifier\":5.0,\"text\":\"Process defined\"},{\"sequenceNumber\":3,\"quantifier\":3.0,\"text\":\"Process defined\"}],\"otherOptionResponseText\":null,\"score\":null}'),(638,1999,6,'{\"options\":[{\"sequenceNumber\":1,\"quantifier\":5.0,\"text\":\"Documentation standards defined and followed\"}],\"otherOptionResponseText\":null,\"score\":null}'),(639,2000,6,'{\"options\":[{\"sequenceNumber\":3,\"quantifier\":1.0,\"text\":\"Engineering Services\"}],\"otherOptionResponseText\":null,\"score\":null}'),(640,2001,6,'{\"responseParaText\":\"This application for reading PDF.\",\"score\":null}'),(641,2002,6,'{\"responseText\":\"Adobe\",\"score\":null}'),(642,2003,6,'{\"options\":[{\"sequenceNumber\":1,\"quantifier\":2.0,\"text\":\"BI\"}],\"otherOptionResponseText\":null,\"score\":null}'),(643,2004,6,'{\"options\":[{\"sequenceNumber\":5,\"quantifier\":2.0,\"text\":\"Outbound Distribution\"},{\"sequenceNumber\":8,\"quantifier\":2.0,\"text\":\"Financials\"}]}'),(644,2005,6,'{\"options\":[{\"sequenceNumber\":5,\"quantifier\":1.0,\"text\":\"Global\"}],\"otherOptionResponseText\":null,\"score\":null}'),(645,1570,6,'{\"responseText\":\"Snapdeal seller\",\"score\":null}'),(646,1571,6,'{\"options\":[{\"sequenceNumber\":3,\"quantifier\":2.0,\"text\":\"EHS\"}],\"otherOptionResponseText\":null,\"score\":null}'),(647,2006,6,'{\"quantifier\":155000.0,\"responseNumber\":155000.0}'),(648,1572,6,'{\"options\":[{\"sequenceNumber\":3,\"quantifier\":2.0,\"text\":\"Inventory Planning\"},{\"sequenceNumber\":4,\"quantifier\":2.0,\"text\":\"Inventory Management\"},{\"sequenceNumber\":5,\"quantifier\":2.0,\"text\":\"Outbound Distribution\"},{\"sequenceNumber\":9,\"quantifier\":1.0,\"text\":\"Order Management\"},{\"sequenceNumber\":10,\"quantifier\":0.0,\"text\":\"Vendor Management\"}]}'),(649,2007,6,'{\"quantifier\":105000.0,\"responseNumber\":105000.0}'),(650,2008,6,'{\"options\":[{\"sequenceNumber\":4,\"quantifier\":2.0,\"text\":\"Add - on\"}],\"otherOptionResponseText\":null,\"score\":null}'),(651,2009,6,'{\"options\":[{\"sequenceNumber\":4,\"quantifier\":4.0,\"text\":\"Retire\"}],\"otherOptionResponseText\":null,\"score\":null}'),(652,1573,6,'{\"options\":[{\"sequenceNumber\":5,\"quantifier\":1.0,\"text\":\"Global\"}],\"otherOptionResponseText\":null,\"score\":null}'),(653,2010,6,'{\"options\":[{\"sequenceNumber\":7,\"quantifier\":1.0,\"text\":\"No Impact\"}],\"otherOptionResponseText\":null,\"score\":null}'),(654,2011,6,'{\"options\":[{\"sequenceNumber\":1,\"quantifier\":10.0,\"text\":\"COTS\"}],\"otherOptionResponseText\":null,\"score\":null}'),(655,1574,6,'{\"quantifier\":40000.0,\"responseNumber\":40000.0}'),(656,1575,6,'{\"quantifier\":80000.0,\"responseNumber\":80000.0}'),(657,2012,6,'{\"responseText\":\"Adobe\",\"score\":null}'),(658,2013,6,'{\"options\":[{\"sequenceNumber\":1,\"quantifier\":5.0,\"text\":\"Java / J2EE\"},{\"sequenceNumber\":7,\"quantifier\":5.0,\"text\":\"iOS\"},{\"sequenceNumber\":8,\"quantifier\":5.0,\"text\":\"HTML 5\"},{\"sequenceNumber\":9,\"quantifier\":5.0,\"text\":\"JavaScript / jQuery / Angular\"}]}'),(659,2014,6,'{\"options\":[{\"sequenceNumber\":1,\"quantifier\":5.0,\"text\":\"Process defined\"},{\"sequenceNumber\":3,\"quantifier\":3.0,\"text\":\"Process defined\"}],\"otherOptionResponseText\":null,\"score\":null}'),(660,1576,6,'{\"options\":[{\"sequenceNumber\":1,\"quantifier\":10.0,\"text\":\"Core to Business Process\"}],\"otherOptionResponseText\":null,\"score\":null}'),(661,1577,6,'{\"options\":[{\"sequenceNumber\":1,\"quantifier\":10.0,\"text\":\"Invest\"}],\"otherOptionResponseText\":null,\"score\":null}'),(662,2015,6,'{\"options\":[{\"sequenceNumber\":1,\"quantifier\":5.0,\"text\":\"Documentation standards defined and followed\"}],\"otherOptionResponseText\":null,\"score\":null}'),(663,1579,6,'{\"options\":[{\"sequenceNumber\":3,\"quantifier\":8.0,\"text\":\"Customized COTS\"}],\"otherOptionResponseText\":null,\"score\":null}'),(664,2016,6,'{\"options\":[],\"otherOptionResponseText\":\"App lock application hides the important data from phone.\",\"score\":null}'),(665,1580,6,'{\"responseText\":\"Snapdeal seller\",\"score\":null}'),(666,1581,6,'{\"options\":[{\"sequenceNumber\":5,\"quantifier\":5.0,\"text\":\"PHP\"},{\"sequenceNumber\":6,\"quantifier\":5.0,\"text\":\"Android\"},{\"sequenceNumber\":7,\"quantifier\":5.0,\"text\":\"iOS\"}]}'),(667,1582,6,'{\"options\":[{\"sequenceNumber\":1,\"quantifier\":5.0,\"text\":\"Process defined\"},{\"sequenceNumber\":3,\"quantifier\":3.0,\"text\":\"Process defined\"}],\"otherOptionResponseText\":null,\"score\":null}'),(668,1583,6,'{\"options\":[{\"sequenceNumber\":2,\"quantifier\":3.0,\"text\":\"Documentation standards defined but not followed\"}],\"otherOptionResponseText\":null,\"score\":null}'),(669,1584,6,'{\"options\":[{\"sequenceNumber\":4,\"quantifier\":1.0,\"text\":\"Distribution and Logistics\"}],\"otherOptionResponseText\":null,\"score\":null}'),(670,1585,6,'{\"responseParaText\":\"Box is good apps\",\"score\":null}'),(671,1586,6,'{\"responseText\":\"Box\",\"score\":null}'),(672,1587,6,'{\"options\":[{\"sequenceNumber\":9,\"quantifier\":2.0,\"text\":\"Supply Chain\"}],\"otherOptionResponseText\":null,\"score\":null}'),(673,1588,6,'{\"options\":[{\"sequenceNumber\":5,\"quantifier\":2.0,\"text\":\"Outbound Distribution\"},{\"sequenceNumber\":9,\"quantifier\":1.0,\"text\":\"Order Management\"}]}'),(674,1589,6,'{\"options\":[{\"sequenceNumber\":5,\"quantifier\":1.0,\"text\":\"Global\"}],\"otherOptionResponseText\":null,\"score\":null}'),(675,1590,6,'{\"quantifier\":300000.0,\"responseNumber\":300000.0}'),(676,1591,6,'{\"quantifier\":60000.0,\"responseNumber\":60000.0}'),(677,1592,6,'{\"options\":[{\"sequenceNumber\":1,\"quantifier\":10.0,\"text\":\"Core to Business Process\"}],\"otherOptionResponseText\":null,\"score\":null}'),(678,1593,6,'{\"options\":[{\"sequenceNumber\":3,\"quantifier\":6.0,\"text\":\"Migrate\"}],\"otherOptionResponseText\":null,\"score\":null}'),(679,1594,6,'{\"options\":[{\"sequenceNumber\":3,\"quantifier\":7.0,\"text\":\"Severe Impact on Business Performance\"}],\"otherOptionResponseText\":null,\"score\":null}'),(680,1595,6,'{\"options\":[{\"sequenceNumber\":1,\"quantifier\":10.0,\"text\":\"COTS\"}],\"otherOptionResponseText\":null,\"score\":null}'),(681,1596,6,'{\"responseText\":\"Box\",\"score\":null}'),(682,1597,6,'{\"options\":[{\"sequenceNumber\":6,\"quantifier\":5.0,\"text\":\"Android\"},{\"sequenceNumber\":7,\"quantifier\":5.0,\"text\":\"iOS\"}]}'),(683,2017,6,'{\"responseParaText\":\"This application provides the security for your application and images and videos.\",\"score\":null}'),(684,1598,6,'{\"options\":[{\"sequenceNumber\":1,\"quantifier\":5.0,\"text\":\"Process defined\"},{\"sequenceNumber\":3,\"quantifier\":3.0,\"text\":\"Process defined\"}],\"otherOptionResponseText\":null,\"score\":null}'),(685,1599,6,'{\"options\":[{\"sequenceNumber\":1,\"quantifier\":5.0,\"text\":\"Documentation standards defined and followed\"}],\"otherOptionResponseText\":null,\"score\":null}'),(686,1600,6,'{\"options\":[{\"sequenceNumber\":4,\"quantifier\":1.0,\"text\":\"Distribution and Logistics\"}],\"otherOptionResponseText\":null,\"score\":null}'),(687,1601,6,'{\"responseParaText\":\"Dropbox is a service that keeps your files safe \",\"score\":null}'),(688,2018,6,'{\"responseText\":\"Sapient\",\"score\":null}'),(689,2019,6,'{\"options\":[{\"sequenceNumber\":4,\"quantifier\":2.0,\"text\":\"Engineering Ops\"}],\"otherOptionResponseText\":null,\"score\":null}'),(690,2020,6,'{\"options\":[{\"sequenceNumber\":6,\"quantifier\":2.0,\"text\":\"Transportation Management\"},{\"sequenceNumber\":8,\"quantifier\":2.0,\"text\":\"Financials\"},{\"sequenceNumber\":9,\"quantifier\":1.0,\"text\":\"Order Management\"}]}'),(691,2021,6,'{\"options\":[{\"sequenceNumber\":5,\"quantifier\":1.0,\"text\":\"Global\"}],\"otherOptionResponseText\":null,\"score\":null}'),(692,2022,6,'{\"quantifier\":670000.0,\"responseNumber\":670000.0}'),(693,2023,6,'{\"quantifier\":359000.0,\"responseNumber\":359000.0}'),(694,2024,6,'{\"options\":[{\"sequenceNumber\":4,\"quantifier\":2.0,\"text\":\"Add - on\"}],\"otherOptionResponseText\":null,\"score\":null}'),(695,2025,6,'{\"options\":[{\"sequenceNumber\":3,\"quantifier\":6.0,\"text\":\"Migrate\"}],\"otherOptionResponseText\":null,\"score\":null}'),(696,2026,6,'{\"options\":[{\"sequenceNumber\":4,\"quantifier\":6.0,\"text\":\"Significant Impact on Revenue\"}],\"otherOptionResponseText\":null,\"score\":null}'),(697,2027,6,'{\"options\":[{\"sequenceNumber\":2,\"quantifier\":6.0,\"text\":\"Custom\"}],\"otherOptionResponseText\":null,\"score\":null}'),(698,1602,6,'{\"responseText\":\"Dropbox \",\"score\":null}'),(699,1603,6,'{\"options\":[{\"sequenceNumber\":9,\"quantifier\":2.0,\"text\":\"Supply Chain\"}],\"otherOptionResponseText\":null,\"score\":null}'),(700,2028,6,'{\"responseText\":\"Sapient\",\"score\":null}'),(701,1604,6,'{\"options\":[{\"sequenceNumber\":3,\"quantifier\":2.0,\"text\":\"Inventory Planning\"},{\"sequenceNumber\":4,\"quantifier\":2.0,\"text\":\"Inventory Management\"},{\"sequenceNumber\":5,\"quantifier\":2.0,\"text\":\"Outbound Distribution\"},{\"sequenceNumber\":9,\"quantifier\":1.0,\"text\":\"Order Management\"},{\"sequenceNumber\":10,\"quantifier\":0.0,\"text\":\"Vendor Management\"}]}'),(702,1605,6,'{\"options\":[{\"sequenceNumber\":5,\"quantifier\":1.0,\"text\":\"Global\"}],\"otherOptionResponseText\":null,\"score\":null}'),(703,1606,6,'{\"quantifier\":500000.0,\"responseNumber\":500000.0}'),(704,1607,6,'{\"quantifier\":75000.0,\"responseNumber\":75000.0}'),(705,1608,6,'{\"options\":[{\"sequenceNumber\":2,\"quantifier\":5.0,\"text\":\"Non-Core to Business Process\"}],\"otherOptionResponseText\":null,\"score\":null}'),(706,1609,6,'{\"options\":[{\"sequenceNumber\":3,\"quantifier\":6.0,\"text\":\"Migrate\"}],\"otherOptionResponseText\":null,\"score\":null}'),(707,2029,6,'{\"options\":[{\"sequenceNumber\":1,\"quantifier\":5.0,\"text\":\"Java / J2EE\"},{\"sequenceNumber\":6,\"quantifier\":5.0,\"text\":\"Android\"},{\"sequenceNumber\":12,\"quantifier\":5.0,\"text\":\"Scala\"}]}'),(708,1610,6,'{\"options\":[{\"sequenceNumber\":5,\"quantifier\":5.0,\"text\":\"Significant Impact on Business Performance\"}],\"otherOptionResponseText\":null,\"score\":null}'),(709,2030,6,'{\"options\":[{\"sequenceNumber\":1,\"quantifier\":5.0,\"text\":\"Process defined\"},{\"sequenceNumber\":3,\"quantifier\":3.0,\"text\":\"Process defined\"}],\"otherOptionResponseText\":null,\"score\":null}'),(710,1611,6,'{\"options\":[{\"sequenceNumber\":2,\"quantifier\":6.0,\"text\":\"Custom\"}],\"otherOptionResponseText\":null,\"score\":null}'),(711,2031,6,'{\"options\":[{\"sequenceNumber\":1,\"quantifier\":5.0,\"text\":\"Documentation standards defined and followed\"}],\"otherOptionResponseText\":null,\"score\":null}'),(712,1612,6,'{\"responseText\":\"Dropbox \",\"score\":null}'),(713,2032,6,'{\"options\":[{\"sequenceNumber\":8,\"quantifier\":1.0,\"text\":\"Supply Chain Management\"}],\"otherOptionResponseText\":null,\"score\":null}'),(714,1613,6,'{\"options\":[{\"sequenceNumber\":5,\"quantifier\":5.0,\"text\":\"PHP\"},{\"sequenceNumber\":6,\"quantifier\":5.0,\"text\":\"Android\"},{\"sequenceNumber\":7,\"quantifier\":5.0,\"text\":\"iOS\"}]}'),(715,1614,6,'{\"options\":[{\"sequenceNumber\":2,\"quantifier\":4.0,\"text\":\"documented and followed consistently\"}],\"otherOptionResponseText\":null,\"score\":null}'),(716,1615,6,'{\"options\":[{\"sequenceNumber\":2,\"quantifier\":3.0,\"text\":\"Documentation standards defined but not followed\"}],\"otherOptionResponseText\":null,\"score\":null}'),(717,1616,6,'{\"options\":[{\"sequenceNumber\":4,\"quantifier\":1.0,\"text\":\"Distribution and Logistics\"}],\"otherOptionResponseText\":null,\"score\":null}'),(718,1617,6,'{\"responseParaText\":\"Quick PDF Scan is good software to scanning a PDF very easily.\",\"score\":null}'),(719,2033,6,'{\"responseParaText\":\"This application make searching simpler.\",\"score\":null}'),(720,2034,6,'{\"responseText\":\"HCL\",\"score\":null}'),(721,2035,6,'{\"options\":[{\"sequenceNumber\":1,\"quantifier\":2.0,\"text\":\"BI\"}],\"otherOptionResponseText\":null,\"score\":null}'),(722,1618,6,'{\"responseText\":\"Quick PDF Scan \",\"score\":null}'),(723,2036,6,'{\"options\":[{\"sequenceNumber\":4,\"quantifier\":2.0,\"text\":\"Inventory Management\"},{\"sequenceNumber\":5,\"quantifier\":2.0,\"text\":\"Outbound Distribution\"},{\"sequenceNumber\":6,\"quantifier\":2.0,\"text\":\"Transportation Management\"}]}'),(724,1619,6,'{\"options\":[{\"sequenceNumber\":1,\"quantifier\":2.0,\"text\":\"BI\"}],\"otherOptionResponseText\":null,\"score\":null}'),(725,1620,6,'{\"options\":[{\"sequenceNumber\":3,\"quantifier\":2.0,\"text\":\"Inventory Planning\"},{\"sequenceNumber\":4,\"quantifier\":2.0,\"text\":\"Inventory Management\"},{\"sequenceNumber\":5,\"quantifier\":2.0,\"text\":\"Outbound Distribution\"},{\"sequenceNumber\":9,\"quantifier\":1.0,\"text\":\"Order Management\"}]}'),(726,2037,6,'{\"options\":[{\"sequenceNumber\":5,\"quantifier\":1.0,\"text\":\"Global\"}],\"otherOptionResponseText\":null,\"score\":null}'),(727,1621,6,'{\"options\":[{\"sequenceNumber\":4,\"quantifier\":1.0,\"text\":\"Americas\"}],\"otherOptionResponseText\":null,\"score\":null}'),(728,1622,6,'{\"quantifier\":80000.0,\"responseNumber\":80000.0}'),(729,2038,6,'{\"quantifier\":60000.0,\"responseNumber\":60000.0}'),(730,1623,6,'{\"quantifier\":90000.0,\"responseNumber\":90000.0}'),(731,2039,6,'{\"quantifier\":30000.0,\"responseNumber\":30000.0}'),(732,2040,6,'{\"options\":[{\"sequenceNumber\":1,\"quantifier\":10.0,\"text\":\"Core to Business Process\"}],\"otherOptionResponseText\":null,\"score\":null}'),(733,2041,6,'{\"options\":[{\"sequenceNumber\":2,\"quantifier\":8.0,\"text\":\"Retain\"}],\"otherOptionResponseText\":null,\"score\":null}'),(734,2042,6,'{\"options\":[{\"sequenceNumber\":3,\"quantifier\":7.0,\"text\":\"Severe Impact on Business Performance\"}],\"otherOptionResponseText\":null,\"score\":null}'),(735,1624,6,'{\"options\":[{\"sequenceNumber\":1,\"quantifier\":10.0,\"text\":\"Core to Business Process\"}],\"otherOptionResponseText\":null,\"score\":null}'),(736,2043,6,'{\"options\":[{\"sequenceNumber\":2,\"quantifier\":6.0,\"text\":\"Custom\"}],\"otherOptionResponseText\":null,\"score\":null}'),(737,1625,6,'{\"options\":[{\"sequenceNumber\":1,\"quantifier\":10.0,\"text\":\"Invest\"}],\"otherOptionResponseText\":null,\"score\":null}'),(738,1626,6,'{\"options\":[{\"sequenceNumber\":1,\"quantifier\":10.0,\"text\":\"Severe Impact on Revenue & Business Performance\"}],\"otherOptionResponseText\":null,\"score\":null}'),(739,2044,6,'{\"responseText\":\"HCL\",\"score\":null}'),(740,1627,6,'{\"options\":[{\"sequenceNumber\":1,\"quantifier\":10.0,\"text\":\"COTS\"}],\"otherOptionResponseText\":null,\"score\":null}'),(741,1628,6,'{\"responseText\":\"Quick PDF Scan \",\"score\":null}'),(742,1629,6,'{\"options\":[{\"sequenceNumber\":5,\"quantifier\":5.0,\"text\":\"PHP\"},{\"sequenceNumber\":6,\"quantifier\":5.0,\"text\":\"Android\"},{\"sequenceNumber\":7,\"quantifier\":5.0,\"text\":\"iOS\"}]}'),(743,1630,6,'{\"options\":[{\"sequenceNumber\":1,\"quantifier\":5.0,\"text\":\"Process defined\"},{\"sequenceNumber\":3,\"quantifier\":3.0,\"text\":\"Process defined\"}],\"otherOptionResponseText\":null,\"score\":null}'),(744,1631,6,'{\"options\":[{\"sequenceNumber\":1,\"quantifier\":5.0,\"text\":\"Documentation standards defined and followed\"}],\"otherOptionResponseText\":null,\"score\":null}'),(745,1632,6,'{\"options\":[{\"sequenceNumber\":2,\"quantifier\":1.0,\"text\":\"Manufacturing Intelligence\"}],\"otherOptionResponseText\":null,\"score\":null}'),(746,2045,6,'{\"options\":[{\"sequenceNumber\":1,\"quantifier\":5.0,\"text\":\"Java / J2EE\"},{\"sequenceNumber\":6,\"quantifier\":5.0,\"text\":\"Android\"},{\"sequenceNumber\":7,\"quantifier\":5.0,\"text\":\"iOS\"}]}'),(747,2046,6,'{\"options\":[{\"sequenceNumber\":1,\"quantifier\":5.0,\"text\":\"Process defined\"},{\"sequenceNumber\":3,\"quantifier\":3.0,\"text\":\"Process defined\"}],\"otherOptionResponseText\":null,\"score\":null}'),(748,1633,6,'{\"responseParaText\":\"Office suite 8 for open office like doc files etc\",\"score\":null}'),(749,2047,6,'{\"options\":[{\"sequenceNumber\":1,\"quantifier\":5.0,\"text\":\"Documentation standards defined and followed\"}],\"otherOptionResponseText\":null,\"score\":null}'),(750,2048,6,'{\"options\":[{\"sequenceNumber\":3,\"quantifier\":1.0,\"text\":\"Engineering Services\"}],\"otherOptionResponseText\":null,\"score\":null}'),(751,1634,6,'{\"responseText\":\"Office suite 8\",\"score\":null}'),(752,1635,6,'{\"options\":[{\"sequenceNumber\":1,\"quantifier\":2.0,\"text\":\"BI\"}],\"otherOptionResponseText\":null,\"score\":null}'),(753,1636,6,'{\"options\":[{\"sequenceNumber\":5,\"quantifier\":2.0,\"text\":\"Outbound Distribution\"},{\"sequenceNumber\":7,\"quantifier\":2.0,\"text\":\"HR\"},{\"sequenceNumber\":8,\"quantifier\":2.0,\"text\":\"Financials\"},{\"sequenceNumber\":9,\"quantifier\":1.0,\"text\":\"Order Management\"},{\"sequenceNumber\":10,\"quantifier\":0.0,\"text\":\"Vendor Management\"}]}'),(754,1637,6,'{\"options\":[{\"sequenceNumber\":4,\"quantifier\":1.0,\"text\":\"Americas\"}],\"otherOptionResponseText\":null,\"score\":null}'),(755,1638,6,'{\"quantifier\":80000.0,\"responseNumber\":80000.0}'),(756,1639,6,'{\"quantifier\":500000.0,\"responseNumber\":500000.0}'),(757,2049,6,'{\"responseParaText\":\"Lync connecting employees in office globally.this makes the office small.\",\"score\":null}'),(758,1640,6,'{\"options\":[{\"sequenceNumber\":3,\"quantifier\":3.0,\"text\":\"Tool / Utility\"}],\"otherOptionResponseText\":null,\"score\":null}'),(759,1641,6,'{\"options\":[{\"sequenceNumber\":1,\"quantifier\":10.0,\"text\":\"Invest\"}],\"otherOptionResponseText\":null,\"score\":null}'),(760,1642,6,'{\"options\":[{\"sequenceNumber\":5,\"quantifier\":5.0,\"text\":\"Significant Impact on Business Performance\"}],\"otherOptionResponseText\":null,\"score\":null}'),(761,1643,6,'{\"options\":[{\"sequenceNumber\":2,\"quantifier\":6.0,\"text\":\"Custom\"}],\"otherOptionResponseText\":null,\"score\":null}'),(762,2050,6,'{\"responseText\":\"Microsoft\",\"score\":null}'),(763,1644,6,'{\"responseText\":\"Office suite 8\",\"score\":null}'),(764,1645,6,'{\"options\":[{\"sequenceNumber\":1,\"quantifier\":5.0,\"text\":\"Java / J2EE\"},{\"sequenceNumber\":5,\"quantifier\":5.0,\"text\":\"PHP\"},{\"sequenceNumber\":6,\"quantifier\":5.0,\"text\":\"Android\"},{\"sequenceNumber\":7,\"quantifier\":5.0,\"text\":\"iOS\"}]}'),(765,1646,6,'{\"options\":[{\"sequenceNumber\":2,\"quantifier\":4.0,\"text\":\"documented and followed consistently\"}],\"otherOptionResponseText\":null,\"score\":null}'),(766,2051,6,'{\"options\":[{\"sequenceNumber\":1,\"quantifier\":2.0,\"text\":\"BI\"}],\"otherOptionResponseText\":null,\"score\":null}'),(767,1647,6,'{\"options\":[{\"sequenceNumber\":2,\"quantifier\":3.0,\"text\":\"Documentation standards defined but not followed\"}],\"otherOptionResponseText\":null,\"score\":null}'),(768,2052,6,'{\"options\":[{\"sequenceNumber\":7,\"quantifier\":2.0,\"text\":\"HR\"},{\"sequenceNumber\":8,\"quantifier\":2.0,\"text\":\"Financials\"}]}'),(769,1648,6,'{\"options\":[{\"sequenceNumber\":2,\"quantifier\":1.0,\"text\":\"Manufacturing Intelligence\"}],\"otherOptionResponseText\":null,\"score\":null}'),(770,2053,6,'{\"options\":[{\"sequenceNumber\":5,\"quantifier\":1.0,\"text\":\"Global\"}],\"otherOptionResponseText\":null,\"score\":null}'),(771,1649,6,'{\"responseParaText\":\"SD Card Recover is software to recover all data lost in sd card.\",\"score\":null}'),(772,2054,6,'{\"quantifier\":400000.0,\"responseNumber\":400000.0}'),(773,2055,6,'{\"quantifier\":100000.0,\"responseNumber\":100000.0}'),(774,2056,6,'{\"options\":[{\"sequenceNumber\":1,\"quantifier\":10.0,\"text\":\"Core to Business Process\"}],\"otherOptionResponseText\":null,\"score\":null}'),(775,2057,6,'{\"options\":[{\"sequenceNumber\":3,\"quantifier\":6.0,\"text\":\"Migrate\"}],\"otherOptionResponseText\":null,\"score\":null}'),(776,2058,6,'{\"options\":[{\"sequenceNumber\":1,\"quantifier\":10.0,\"text\":\"Severe Impact on Revenue & Business Performance\"}],\"otherOptionResponseText\":null,\"score\":null}'),(777,2059,6,'{\"options\":[{\"sequenceNumber\":1,\"quantifier\":10.0,\"text\":\"COTS\"}],\"otherOptionResponseText\":null,\"score\":null}'),(778,2060,6,'{\"responseText\":\"Microsoft\",\"score\":null}'),(779,2061,6,'{\"options\":[{\"sequenceNumber\":2,\"quantifier\":5.0,\"text\":\".Net / Visual Studio\"},{\"sequenceNumber\":8,\"quantifier\":5.0,\"text\":\"HTML 5\"},{\"sequenceNumber\":9,\"quantifier\":5.0,\"text\":\"JavaScript / jQuery / Angular\"}]}'),(780,1650,6,'{\"responseText\":\"SD Card Recover\",\"score\":null}'),(781,2062,6,'{\"options\":[{\"sequenceNumber\":1,\"quantifier\":5.0,\"text\":\"Process defined\"},{\"sequenceNumber\":3,\"quantifier\":3.0,\"text\":\"Process defined\"}],\"otherOptionResponseText\":null,\"score\":null}'),(782,1651,6,'{\"options\":[{\"sequenceNumber\":9,\"quantifier\":2.0,\"text\":\"Supply Chain\"}],\"otherOptionResponseText\":null,\"score\":null}'),(783,2063,6,'{\"options\":[{\"sequenceNumber\":1,\"quantifier\":5.0,\"text\":\"Documentation standards defined and followed\"}],\"otherOptionResponseText\":null,\"score\":null}'),(784,1652,6,'{\"options\":[{\"sequenceNumber\":3,\"quantifier\":2.0,\"text\":\"Inventory Planning\"},{\"sequenceNumber\":4,\"quantifier\":2.0,\"text\":\"Inventory Management\"}]}'),(785,2064,6,'{\"options\":[{\"sequenceNumber\":3,\"quantifier\":1.0,\"text\":\"Engineering Services\"}],\"otherOptionResponseText\":null,\"score\":null}'),(786,1653,6,'{\"options\":[{\"sequenceNumber\":4,\"quantifier\":1.0,\"text\":\"Americas\"}],\"otherOptionResponseText\":null,\"score\":null}'),(787,2065,6,'{\"responseParaText\":\"This application provides on line room booking in hotels.\",\"score\":null}'),(788,1654,6,'{\"quantifier\":40000.0,\"responseNumber\":40000.0}'),(789,1655,6,'{\"quantifier\":70000.0,\"responseNumber\":70000.0}'),(790,1656,6,'{\"options\":[{\"sequenceNumber\":3,\"quantifier\":3.0,\"text\":\"Tool / Utility\"}],\"otherOptionResponseText\":null,\"score\":null}'),(791,1657,6,'{\"options\":[{\"sequenceNumber\":3,\"quantifier\":6.0,\"text\":\"Migrate\"}],\"otherOptionResponseText\":null,\"score\":null}'),(792,1658,6,'{\"options\":[{\"sequenceNumber\":1,\"quantifier\":10.0,\"text\":\"Severe Impact on Revenue & Business Performance\"}],\"otherOptionResponseText\":null,\"score\":null}'),(793,1659,6,'{\"options\":[{\"sequenceNumber\":2,\"quantifier\":6.0,\"text\":\"Custom\"}],\"otherOptionResponseText\":null,\"score\":null}'),(794,1660,6,'{\"responseText\":\"SD Card Recover\",\"score\":null}'),(795,1661,6,'{\"options\":[{\"sequenceNumber\":6,\"quantifier\":5.0,\"text\":\"Android\"},{\"sequenceNumber\":7,\"quantifier\":5.0,\"text\":\"iOS\"}]}'),(796,1662,6,'{\"options\":[{\"sequenceNumber\":1,\"quantifier\":5.0,\"text\":\"Process defined\"},{\"sequenceNumber\":3,\"quantifier\":3.0,\"text\":\"Process defined\"}],\"otherOptionResponseText\":null,\"score\":null}'),(797,1663,6,'{\"options\":[{\"sequenceNumber\":1,\"quantifier\":5.0,\"text\":\"Documentation standards defined and followed\"}],\"otherOptionResponseText\":null,\"score\":null}'),(798,1664,6,'{\"options\":[{\"sequenceNumber\":6,\"quantifier\":1.0,\"text\":\"Global Safety & Environment\"}],\"otherOptionResponseText\":null,\"score\":null}'),(799,1665,6,'{\"responseParaText\":\"Automatic call recording  is software or apps to record all call automatic.\",\"score\":null}'),(800,2066,6,'{\"responseText\":\"HCL\",\"score\":null}'),(801,2067,6,'{\"options\":[{\"sequenceNumber\":1,\"quantifier\":2.0,\"text\":\"BI\"}],\"otherOptionResponseText\":null,\"score\":null}'),(802,2068,6,'{\"options\":[{\"sequenceNumber\":3,\"quantifier\":2.0,\"text\":\"Inventory Planning\"},{\"sequenceNumber\":7,\"quantifier\":2.0,\"text\":\"HR\"}]}'),(803,2069,6,'{\"options\":[{\"sequenceNumber\":5,\"quantifier\":1.0,\"text\":\"Global\"}],\"otherOptionResponseText\":null,\"score\":null}'),(804,1666,6,'{\"responseText\":\"Automatic call recording\",\"score\":null}'),(805,2070,6,'{\"quantifier\":750000.0,\"responseNumber\":750000.0}'),(806,2071,6,'{\"quantifier\":50000.0,\"responseNumber\":50000.0}'),(807,2072,6,'{\"options\":[{\"sequenceNumber\":4,\"quantifier\":2.0,\"text\":\"Add - on\"}],\"otherOptionResponseText\":null,\"score\":null}'),(808,1668,6,'{\"options\":[{\"sequenceNumber\":3,\"quantifier\":2.0,\"text\":\"Inventory Planning\"},{\"sequenceNumber\":4,\"quantifier\":2.0,\"text\":\"Inventory Management\"}]}'),(809,2073,6,'{\"options\":[{\"sequenceNumber\":3,\"quantifier\":6.0,\"text\":\"Migrate\"}],\"otherOptionResponseText\":null,\"score\":null}'),(810,2074,6,'{\"options\":[{\"sequenceNumber\":5,\"quantifier\":5.0,\"text\":\"Significant Impact on Business Performance\"}],\"otherOptionResponseText\":null,\"score\":null}'),(811,1669,6,'{\"options\":[{\"sequenceNumber\":4,\"quantifier\":1.0,\"text\":\"Americas\"}],\"otherOptionResponseText\":null,\"score\":null}'),(812,2075,6,'{\"options\":[{\"sequenceNumber\":2,\"quantifier\":6.0,\"text\":\"Custom\"}],\"otherOptionResponseText\":null,\"score\":null}'),(813,1670,6,'{\"quantifier\":75000.0,\"responseNumber\":75000.0}'),(814,2076,6,'{\"responseText\":\"HCL\",\"score\":null}'),(815,1671,6,'{\"quantifier\":89000.0,\"responseNumber\":89000.0}'),(816,2077,6,'{\"options\":[{\"sequenceNumber\":6,\"quantifier\":5.0,\"text\":\"Android\"},{\"sequenceNumber\":7,\"quantifier\":5.0,\"text\":\"iOS\"}]}'),(817,1672,6,'{\"options\":[{\"sequenceNumber\":3,\"quantifier\":3.0,\"text\":\"Tool / Utility\"}],\"otherOptionResponseText\":null,\"score\":null}'),(818,2078,6,'{\"options\":[{\"sequenceNumber\":1,\"quantifier\":5.0,\"text\":\"Process defined\"},{\"sequenceNumber\":3,\"quantifier\":3.0,\"text\":\"Process defined\"}],\"otherOptionResponseText\":null,\"score\":null}'),(819,1673,6,'{\"options\":[{\"sequenceNumber\":3,\"quantifier\":6.0,\"text\":\"Migrate\"}],\"otherOptionResponseText\":null,\"score\":null}'),(820,2079,6,'{\"options\":[{\"sequenceNumber\":1,\"quantifier\":5.0,\"text\":\"Documentation standards defined and followed\"}],\"otherOptionResponseText\":null,\"score\":null}'),(821,1674,6,'{\"options\":[{\"sequenceNumber\":6,\"quantifier\":4.0,\"text\":\"Minor Impact\"}],\"otherOptionResponseText\":null,\"score\":null}'),(822,1675,6,'{\"options\":[{\"sequenceNumber\":2,\"quantifier\":6.0,\"text\":\"Custom\"}],\"otherOptionResponseText\":null,\"score\":null}'),(823,2080,6,'{\"options\":[{\"sequenceNumber\":3,\"quantifier\":1.0,\"text\":\"Engineering Services\"}],\"otherOptionResponseText\":null,\"score\":null}'),(824,1676,6,'{\"responseText\":\"Automatic call recording\",\"score\":null}'),(825,1677,6,'{\"options\":[{\"sequenceNumber\":6,\"quantifier\":5.0,\"text\":\"Android\"},{\"sequenceNumber\":7,\"quantifier\":5.0,\"text\":\"iOS\"}]}'),(826,1678,6,'{\"options\":[{\"sequenceNumber\":1,\"quantifier\":5.0,\"text\":\"Process defined\"},{\"sequenceNumber\":3,\"quantifier\":3.0,\"text\":\"Process defined\"}],\"otherOptionResponseText\":null,\"score\":null}'),(827,1679,6,'{\"options\":[{\"sequenceNumber\":2,\"quantifier\":3.0,\"text\":\"Documentation standards defined but not followed\"}],\"otherOptionResponseText\":null,\"score\":null}'),(828,2081,6,'{\"responseParaText\":\"This application for Mobile sales of Tata sky.\",\"score\":null}'),(829,1680,6,'{\"options\":[{\"sequenceNumber\":3,\"quantifier\":1.0,\"text\":\"Engineering Services\"}],\"otherOptionResponseText\":null,\"score\":null}'),(830,1681,6,'{\"responseParaText\":\"Fast scanner pro is apps for scanning .\",\"score\":null}'),(831,2082,6,'{\"responseText\":\"TCS\",\"score\":null}'),(832,2083,6,'{\"options\":[{\"sequenceNumber\":4,\"quantifier\":2.0,\"text\":\"Engineering Ops\"}],\"otherOptionResponseText\":null,\"score\":null}'),(833,1682,6,'{\"responseText\":\"Fast scanner pro \",\"score\":null}'),(834,1683,6,'{\"options\":[{\"sequenceNumber\":6,\"quantifier\":2.0,\"text\":\"Logistics\"}],\"otherOptionResponseText\":null,\"score\":null}'),(835,2084,6,'{\"options\":[{\"sequenceNumber\":4,\"quantifier\":2.0,\"text\":\"Inventory Management\"},{\"sequenceNumber\":5,\"quantifier\":2.0,\"text\":\"Outbound Distribution\"},{\"sequenceNumber\":6,\"quantifier\":2.0,\"text\":\"Transportation Management\"}]}'),(836,2085,6,'{\"options\":[{\"sequenceNumber\":5,\"quantifier\":1.0,\"text\":\"Global\"}],\"otherOptionResponseText\":null,\"score\":null}'),(837,1684,6,'{\"options\":[{\"sequenceNumber\":3,\"quantifier\":2.0,\"text\":\"Inventory Planning\"},{\"sequenceNumber\":4,\"quantifier\":2.0,\"text\":\"Inventory Management\"},{\"sequenceNumber\":5,\"quantifier\":2.0,\"text\":\"Outbound Distribution\"},{\"sequenceNumber\":9,\"quantifier\":1.0,\"text\":\"Order Management\"},{\"sequenceNumber\":10,\"quantifier\":0.0,\"text\":\"Vendor Management\"}]}'),(838,2086,6,'{\"quantifier\":200000.0,\"responseNumber\":200000.0}'),(839,1685,6,'{\"options\":[{\"sequenceNumber\":5,\"quantifier\":1.0,\"text\":\"Global\"}],\"otherOptionResponseText\":null,\"score\":null}'),(840,1686,6,'{\"quantifier\":50000.0,\"responseNumber\":50000.0}'),(841,1687,6,'{\"quantifier\":70000.0,\"responseNumber\":70000.0}'),(842,2087,6,'{\"quantifier\":75000.0,\"responseNumber\":75000.0}'),(843,1688,6,'{\"options\":[{\"sequenceNumber\":1,\"quantifier\":10.0,\"text\":\"Core to Business Process\"}],\"otherOptionResponseText\":null,\"score\":null}'),(844,1689,6,'{\"options\":[{\"sequenceNumber\":1,\"quantifier\":10.0,\"text\":\"Invest\"}],\"otherOptionResponseText\":null,\"score\":null}'),(845,1690,6,'{\"options\":[{\"sequenceNumber\":3,\"quantifier\":7.0,\"text\":\"Severe Impact on Business Performance\"}],\"otherOptionResponseText\":null,\"score\":null}'),(846,1691,6,'{\"options\":[{\"sequenceNumber\":1,\"quantifier\":10.0,\"text\":\"COTS\"}],\"otherOptionResponseText\":null,\"score\":null}'),(847,2088,6,'{\"options\":[{\"sequenceNumber\":1,\"quantifier\":10.0,\"text\":\"Core to Business Process\"}],\"otherOptionResponseText\":null,\"score\":null}'),(848,1692,6,'{\"responseText\":\"Fast scanner pro \",\"score\":null}'),(849,2089,6,'{\"options\":[{\"sequenceNumber\":3,\"quantifier\":6.0,\"text\":\"Migrate\"}],\"otherOptionResponseText\":null,\"score\":null}'),(850,1693,6,'{\"options\":[{\"sequenceNumber\":6,\"quantifier\":5.0,\"text\":\"Android\"},{\"sequenceNumber\":7,\"quantifier\":5.0,\"text\":\"iOS\"}]}'),(851,2090,6,'{\"options\":[{\"sequenceNumber\":3,\"quantifier\":7.0,\"text\":\"Severe Impact on Business Performance\"}],\"otherOptionResponseText\":null,\"score\":null}'),(852,2091,6,'{\"options\":[{\"sequenceNumber\":1,\"quantifier\":10.0,\"text\":\"COTS\"}],\"otherOptionResponseText\":null,\"score\":null}'),(853,1694,6,'{\"options\":[{\"sequenceNumber\":1,\"quantifier\":5.0,\"text\":\"Process defined\"},{\"sequenceNumber\":3,\"quantifier\":3.0,\"text\":\"Process defined\"}],\"otherOptionResponseText\":null,\"score\":null}'),(854,1695,6,'{\"options\":[{\"sequenceNumber\":2,\"quantifier\":3.0,\"text\":\"Documentation standards defined but not followed\"}],\"otherOptionResponseText\":null,\"score\":null}'),(855,1696,6,'{\"options\":[{\"sequenceNumber\":4,\"quantifier\":1.0,\"text\":\"Distribution and Logistics\"}],\"otherOptionResponseText\":null,\"score\":null}'),(856,2092,6,'{\"responseText\":\"TCS\",\"score\":null}'),(857,1697,6,'{\"responseParaText\":\"Facebook Page is provide to create a page in Facebook own. \",\"score\":null}'),(858,2093,6,'{\"options\":[{\"sequenceNumber\":1,\"quantifier\":5.0,\"text\":\"Java / J2EE\"},{\"sequenceNumber\":6,\"quantifier\":5.0,\"text\":\"Android\"},{\"sequenceNumber\":7,\"quantifier\":5.0,\"text\":\"iOS\"}]}'),(859,2094,6,'{\"options\":[{\"sequenceNumber\":1,\"quantifier\":5.0,\"text\":\"Process defined\"},{\"sequenceNumber\":3,\"quantifier\":3.0,\"text\":\"Process defined\"}],\"otherOptionResponseText\":null,\"score\":null}'),(860,2095,6,'{\"options\":[{\"sequenceNumber\":1,\"quantifier\":5.0,\"text\":\"Documentation standards defined and followed\"}],\"otherOptionResponseText\":null,\"score\":null}'),(861,2096,6,'{\"options\":[{\"sequenceNumber\":1,\"quantifier\":1.0,\"text\":\"Manufacturing Execution\"}],\"otherOptionResponseText\":null,\"score\":null}'),(862,2097,6,'{\"responseParaText\":\"This application contains android applications.\",\"score\":null}'),(863,1698,6,'{\"responseText\":\"Facebook Page \",\"score\":null}'),(864,1699,6,'{\"options\":[{\"sequenceNumber\":10,\"quantifier\":2.0,\"text\":\"Portfolio Management\"}],\"otherOptionResponseText\":null,\"score\":null}'),(865,1700,6,'{\"options\":[{\"sequenceNumber\":3,\"quantifier\":2.0,\"text\":\"Inventory Planning\"},{\"sequenceNumber\":4,\"quantifier\":2.0,\"text\":\"Inventory Management\"},{\"sequenceNumber\":5,\"quantifier\":2.0,\"text\":\"Outbound Distribution\"},{\"sequenceNumber\":9,\"quantifier\":1.0,\"text\":\"Order Management\"},{\"sequenceNumber\":10,\"quantifier\":0.0,\"text\":\"Vendor Management\"}]}'),(866,1701,6,'{\"options\":[{\"sequenceNumber\":4,\"quantifier\":1.0,\"text\":\"Americas\"}],\"otherOptionResponseText\":null,\"score\":null}'),(867,1702,6,'{\"quantifier\":500000.0,\"responseNumber\":500000.0}'),(868,1703,6,'{\"quantifier\":70000.0,\"responseNumber\":70000.0}'),(869,1704,6,'{\"options\":[{\"sequenceNumber\":2,\"quantifier\":5.0,\"text\":\"Non-Core to Business Process\"}],\"otherOptionResponseText\":null,\"score\":null}'),(870,2098,6,'{\"responseText\":\"Oracle\",\"score\":null}'),(871,1705,6,'{\"options\":[{\"sequenceNumber\":3,\"quantifier\":6.0,\"text\":\"Migrate\"}],\"otherOptionResponseText\":null,\"score\":null}'),(872,2099,6,'{\"options\":[{\"sequenceNumber\":1,\"quantifier\":2.0,\"text\":\"BI\"}],\"otherOptionResponseText\":null,\"score\":null}'),(873,1706,6,'{\"options\":[{\"sequenceNumber\":4,\"quantifier\":6.0,\"text\":\"Significant Impact on Revenue\"}],\"otherOptionResponseText\":null,\"score\":null}'),(874,2100,6,'{\"options\":[{\"sequenceNumber\":3,\"quantifier\":2.0,\"text\":\"Inventory Planning\"},{\"sequenceNumber\":6,\"quantifier\":2.0,\"text\":\"Transportation Management\"},{\"sequenceNumber\":7,\"quantifier\":2.0,\"text\":\"HR\"}]}'),(875,1707,6,'{\"options\":[{\"sequenceNumber\":2,\"quantifier\":6.0,\"text\":\"Custom\"}],\"otherOptionResponseText\":null,\"score\":null}'),(876,2101,6,'{\"options\":[{\"sequenceNumber\":3,\"quantifier\":1.0,\"text\":\"Africas\"}],\"otherOptionResponseText\":null,\"score\":null}'),(877,1708,6,'{\"responseText\":\"Facebook Page \",\"score\":null}'),(878,1709,6,'{\"options\":[{\"sequenceNumber\":1,\"quantifier\":5.0,\"text\":\"Java / J2EE\"},{\"sequenceNumber\":2,\"quantifier\":5.0,\"text\":\".Net / Visual Studio\"},{\"sequenceNumber\":5,\"quantifier\":5.0,\"text\":\"PHP\"},{\"sequenceNumber\":6,\"quantifier\":5.0,\"text\":\"Android\"},{\"sequenceNumber\":7,\"quantifier\":5.0,\"text\":\"iOS\"},{\"sequenceNumber\":8,\"quantifier\":5.0,\"text\":\"HTML 5\"},{\"sequenceNumber\":9,\"quantifier\":5.0,\"text\":\"JavaScript / jQuery / Angular\"},{\"sequenceNumber\":10,\"quantifier\":5.0,\"text\":\"Ruby On Rails\"},{\"sequenceNumber\":11,\"quantifier\":5.0,\"text\":\"Python\"}]}'),(879,1711,6,'{\"options\":[{\"sequenceNumber\":2,\"quantifier\":3.0,\"text\":\"Documentation standards defined but not followed\"}],\"otherOptionResponseText\":null,\"score\":null}'),(880,1712,6,'{\"options\":[{\"sequenceNumber\":4,\"quantifier\":1.0,\"text\":\"Distribution and Logistics\"}],\"otherOptionResponseText\":null,\"score\":null}'),(881,2102,6,'{\"quantifier\":150000.0,\"responseNumber\":150000.0}'),(882,2103,6,'{\"quantifier\":50000.0,\"responseNumber\":50000.0}'),(883,1713,6,'{\"responseParaText\":\"Call blocker is software to blocked all unwanted user .\",\"score\":null}'),(884,2104,6,'{\"options\":[{\"sequenceNumber\":2,\"quantifier\":5.0,\"text\":\"Non-Core to Business Process\"}],\"otherOptionResponseText\":null,\"score\":null}'),(885,2105,6,'{\"options\":[{\"sequenceNumber\":2,\"quantifier\":8.0,\"text\":\"Retain\"}],\"otherOptionResponseText\":null,\"score\":null}'),(886,2106,6,'{\"options\":[{\"sequenceNumber\":5,\"quantifier\":5.0,\"text\":\"Significant Impact on Business Performance\"}],\"otherOptionResponseText\":null,\"score\":null}'),(887,2107,6,'{\"options\":[{\"sequenceNumber\":2,\"quantifier\":6.0,\"text\":\"Custom\"}],\"otherOptionResponseText\":null,\"score\":null}'),(888,2108,6,'{\"responseText\":\"Oracle\",\"score\":null}'),(889,2109,6,'{\"options\":[{\"sequenceNumber\":1,\"quantifier\":5.0,\"text\":\"Java / J2EE\"},{\"sequenceNumber\":6,\"quantifier\":5.0,\"text\":\"Android\"},{\"sequenceNumber\":7,\"quantifier\":5.0,\"text\":\"iOS\"}]}'),(890,2110,6,'{\"options\":[{\"sequenceNumber\":1,\"quantifier\":5.0,\"text\":\"Process defined\"},{\"sequenceNumber\":3,\"quantifier\":3.0,\"text\":\"Process defined\"}],\"otherOptionResponseText\":null,\"score\":null}'),(891,2111,6,'{\"options\":[{\"sequenceNumber\":1,\"quantifier\":5.0,\"text\":\"Documentation standards defined and followed\"}],\"otherOptionResponseText\":null,\"score\":null}'),(892,2112,6,'{\"options\":[{\"sequenceNumber\":3,\"quantifier\":1.0,\"text\":\"Engineering Services\"}],\"otherOptionResponseText\":null,\"score\":null}'),(893,1714,6,'{\"responseText\":\"Call blocker \",\"score\":null}'),(894,1715,6,'{\"options\":[{\"sequenceNumber\":1,\"quantifier\":2.0,\"text\":\"BI\"}],\"otherOptionResponseText\":null,\"score\":null}'),(895,1716,6,'{\"options\":[{\"sequenceNumber\":3,\"quantifier\":2.0,\"text\":\"Inventory Planning\"},{\"sequenceNumber\":4,\"quantifier\":2.0,\"text\":\"Inventory Management\"},{\"sequenceNumber\":5,\"quantifier\":2.0,\"text\":\"Outbound Distribution\"},{\"sequenceNumber\":9,\"quantifier\":1.0,\"text\":\"Order Management\"},{\"sequenceNumber\":10,\"quantifier\":0.0,\"text\":\"Vendor Management\"}]}'),(896,1717,6,'{\"options\":[{\"sequenceNumber\":4,\"quantifier\":1.0,\"text\":\"Americas\"}],\"otherOptionResponseText\":null,\"score\":null}'),(897,1718,6,'{\"quantifier\":990000.0,\"responseNumber\":990000.0}'),(898,1719,6,'{\"quantifier\":75000.0,\"responseNumber\":75000.0}'),(899,1720,6,'{\"options\":[{\"sequenceNumber\":1,\"quantifier\":10.0,\"text\":\"Core to Business Process\"}],\"otherOptionResponseText\":null,\"score\":null}'),(900,1721,6,'{\"options\":[{\"sequenceNumber\":1,\"quantifier\":10.0,\"text\":\"Invest\"}],\"otherOptionResponseText\":null,\"score\":null}'),(901,1722,6,'{\"options\":[{\"sequenceNumber\":4,\"quantifier\":6.0,\"text\":\"Significant Impact on Revenue\"}],\"otherOptionResponseText\":null,\"score\":null}'),(902,1723,6,'{\"options\":[{\"sequenceNumber\":1,\"quantifier\":10.0,\"text\":\"COTS\"}],\"otherOptionResponseText\":null,\"score\":null}'),(903,1724,6,'{\"responseText\":\"Call blocker \",\"score\":null}'),(904,2113,6,'{\"responseParaText\":\"This application explore the files.\",\"score\":null}'),(905,1725,6,'{\"options\":[{\"sequenceNumber\":6,\"quantifier\":5.0,\"text\":\"Android\"},{\"sequenceNumber\":7,\"quantifier\":5.0,\"text\":\"iOS\"}]}'),(906,1726,6,'{\"options\":[{\"sequenceNumber\":2,\"quantifier\":4.0,\"text\":\"documented and followed consistently\"}],\"otherOptionResponseText\":null,\"score\":null}'),(907,1727,6,'{\"options\":[{\"sequenceNumber\":3,\"quantifier\":1.0,\"text\":\"Documentation standards not defined\"}],\"otherOptionResponseText\":null,\"score\":null}'),(908,2114,6,'{\"responseText\":\"Microsoft\",\"score\":null}'),(909,2115,6,'{\"options\":[{\"sequenceNumber\":4,\"quantifier\":2.0,\"text\":\"Engineering Ops\"}],\"otherOptionResponseText\":null,\"score\":null}'),(910,1728,6,'{\"options\":[{\"sequenceNumber\":6,\"quantifier\":1.0,\"text\":\"Global Safety & Environment\"}],\"otherOptionResponseText\":null,\"score\":null}'),(911,2116,6,'{\"options\":[{\"sequenceNumber\":5,\"quantifier\":2.0,\"text\":\"Outbound Distribution\"},{\"sequenceNumber\":7,\"quantifier\":2.0,\"text\":\"HR\"},{\"sequenceNumber\":9,\"quantifier\":1.0,\"text\":\"Order Management\"}]}'),(912,1729,6,'{\"responseParaText\":\"True Dialer is check your call where is coming.\",\"score\":null}'),(913,2117,6,'{\"options\":[{\"sequenceNumber\":5,\"quantifier\":1.0,\"text\":\"Global\"}],\"otherOptionResponseText\":null,\"score\":null}'),(914,2118,6,'{\"quantifier\":100000.0,\"responseNumber\":100000.0}'),(915,2119,6,'{\"quantifier\":50000.0,\"responseNumber\":50000.0}'),(916,2120,6,'{\"options\":[{\"sequenceNumber\":3,\"quantifier\":3.0,\"text\":\"Tool / Utility\"}],\"otherOptionResponseText\":null,\"score\":null}'),(917,2121,6,'{\"options\":[{\"sequenceNumber\":3,\"quantifier\":6.0,\"text\":\"Migrate\"}],\"otherOptionResponseText\":null,\"score\":null}'),(918,2122,6,'{\"options\":[{\"sequenceNumber\":3,\"quantifier\":7.0,\"text\":\"Severe Impact on Business Performance\"}],\"otherOptionResponseText\":null,\"score\":null}'),(919,2123,6,'{\"options\":[{\"sequenceNumber\":2,\"quantifier\":6.0,\"text\":\"Custom\"}],\"otherOptionResponseText\":null,\"score\":null}'),(920,2124,6,'{\"responseText\":\"Microsoft\",\"score\":null}'),(921,2125,6,'{\"options\":[{\"sequenceNumber\":1,\"quantifier\":5.0,\"text\":\"Java / J2EE\"},{\"sequenceNumber\":6,\"quantifier\":5.0,\"text\":\"Android\"},{\"sequenceNumber\":7,\"quantifier\":5.0,\"text\":\"iOS\"}]}'),(922,2127,6,'{\"options\":[{\"sequenceNumber\":2,\"quantifier\":3.0,\"text\":\"Documentation standards defined but not followed\"}],\"otherOptionResponseText\":null,\"score\":null}'),(923,2128,6,'{\"options\":[{\"sequenceNumber\":2,\"quantifier\":1.0,\"text\":\"Manufacturing Intelligence\"}],\"otherOptionResponseText\":null,\"score\":null}'),(924,2129,6,'{\"responseParaText\":\"Tally is used for accounting.\",\"score\":null}'),(925,2130,6,'{\"responseText\":\"Microsoft\",\"score\":null}'),(926,1730,6,'{\"responseText\":\"True Dialer \",\"score\":null}'),(927,2131,6,'{\"options\":[{\"sequenceNumber\":5,\"quantifier\":2.0,\"text\":\"Finance\"}],\"otherOptionResponseText\":null,\"score\":null}'),(928,2132,6,'{\"options\":[{\"sequenceNumber\":7,\"quantifier\":2.0,\"text\":\"HR\"},{\"sequenceNumber\":8,\"quantifier\":2.0,\"text\":\"Financials\"}]}'),(929,1731,6,'{\"options\":[{\"sequenceNumber\":3,\"quantifier\":2.0,\"text\":\"EHS\"}],\"otherOptionResponseText\":null,\"score\":null}'),(930,2133,6,'{\"options\":[{\"sequenceNumber\":5,\"quantifier\":1.0,\"text\":\"Global\"}],\"otherOptionResponseText\":null,\"score\":null}'),(931,1732,6,'{\"options\":[{\"sequenceNumber\":5,\"quantifier\":2.0,\"text\":\"Outbound Distribution\"},{\"sequenceNumber\":9,\"quantifier\":1.0,\"text\":\"Order Management\"},{\"sequenceNumber\":10,\"quantifier\":0.0,\"text\":\"Vendor Management\"}]}'),(932,1733,6,'{\"options\":[{\"sequenceNumber\":5,\"quantifier\":1.0,\"text\":\"Global\"}],\"otherOptionResponseText\":null,\"score\":null}'),(933,2134,6,'{\"quantifier\":500000.0,\"responseNumber\":500000.0}'),(934,1734,6,'{\"quantifier\":40000.0,\"responseNumber\":40000.0}'),(935,2135,6,'{\"quantifier\":350000.0,\"responseNumber\":350000.0}'),(936,2136,6,'{\"options\":[{\"sequenceNumber\":5,\"quantifier\":1.0,\"text\":\"Data Extract\"}],\"otherOptionResponseText\":null,\"score\":null}'),(937,1735,6,'{\"quantifier\":60000.0,\"responseNumber\":60000.0}'),(938,2137,6,'{\"options\":[{\"sequenceNumber\":1,\"quantifier\":10.0,\"text\":\"Invest\"}],\"otherOptionResponseText\":null,\"score\":null}'),(939,2138,6,'{\"options\":[{\"sequenceNumber\":3,\"quantifier\":7.0,\"text\":\"Severe Impact on Business Performance\"}],\"otherOptionResponseText\":null,\"score\":null}'),(940,1736,6,'{\"options\":[{\"sequenceNumber\":1,\"quantifier\":10.0,\"text\":\"Core to Business Process\"}],\"otherOptionResponseText\":null,\"score\":null}'),(941,1737,6,'{\"options\":[{\"sequenceNumber\":1,\"quantifier\":10.0,\"text\":\"Invest\"}],\"otherOptionResponseText\":null,\"score\":null}'),(942,2139,6,'{\"options\":[{\"sequenceNumber\":1,\"quantifier\":10.0,\"text\":\"COTS\"}],\"otherOptionResponseText\":null,\"score\":null}'),(943,1738,6,'{\"options\":[{\"sequenceNumber\":6,\"quantifier\":4.0,\"text\":\"Minor Impact\"}],\"otherOptionResponseText\":null,\"score\":null}'),(944,1739,6,'{\"options\":[{\"sequenceNumber\":3,\"quantifier\":8.0,\"text\":\"Customized COTS\"}],\"otherOptionResponseText\":null,\"score\":null}'),(945,1740,6,'{\"responseText\":\"True Dialer \",\"score\":null}'),(946,1741,6,'{\"options\":[{\"sequenceNumber\":1,\"quantifier\":5.0,\"text\":\"Java / J2EE\"},{\"sequenceNumber\":6,\"quantifier\":5.0,\"text\":\"Android\"},{\"sequenceNumber\":7,\"quantifier\":5.0,\"text\":\"iOS\"}]}'),(947,1742,6,'{\"options\":[{\"sequenceNumber\":1,\"quantifier\":5.0,\"text\":\"Process defined\"},{\"sequenceNumber\":3,\"quantifier\":3.0,\"text\":\"Process defined\"}],\"otherOptionResponseText\":null,\"score\":null}'),(948,1743,6,'{\"options\":[{\"sequenceNumber\":1,\"quantifier\":5.0,\"text\":\"Documentation standards defined and followed\"}],\"otherOptionResponseText\":null,\"score\":null}'),(949,1744,6,'{\"options\":[{\"sequenceNumber\":7,\"quantifier\":1.0,\"text\":\"Quality and Regulatory\"}],\"otherOptionResponseText\":null,\"score\":null}'),(950,1745,6,'{\"responseParaText\":\"Ad clean and Anti-virus is remove virus .\",\"score\":null}'),(951,2140,6,'{\"responseText\":\"Microsoft\",\"score\":null}'),(952,2141,6,'{\"options\":[{\"sequenceNumber\":9,\"quantifier\":5.0,\"text\":\"JavaScript / jQuery / Angular\"}]}'),(953,2142,6,'{\"options\":[{\"sequenceNumber\":1,\"quantifier\":5.0,\"text\":\"Process defined\"},{\"sequenceNumber\":3,\"quantifier\":3.0,\"text\":\"Process defined\"}],\"otherOptionResponseText\":null,\"score\":null}'),(954,2143,6,'{\"options\":[{\"sequenceNumber\":1,\"quantifier\":5.0,\"text\":\"Documentation standards defined and followed\"}],\"otherOptionResponseText\":null,\"score\":null}'),(955,2144,6,'{\"options\":[{\"sequenceNumber\":3,\"quantifier\":1.0,\"text\":\"Engineering Services\"}],\"otherOptionResponseText\":null,\"score\":null}'),(956,2145,6,'{\"responseParaText\":\"This application for connect to opportunity.\",\"score\":null}'),(957,1746,6,'{\"responseText\":\"Anti-virus\",\"score\":null}'),(958,1747,6,'{\"options\":[{\"sequenceNumber\":9,\"quantifier\":2.0,\"text\":\"Supply Chain\"}],\"otherOptionResponseText\":null,\"score\":null}'),(959,1748,6,'{\"options\":[{\"sequenceNumber\":3,\"quantifier\":2.0,\"text\":\"Inventory Planning\"},{\"sequenceNumber\":4,\"quantifier\":2.0,\"text\":\"Inventory Management\"},{\"sequenceNumber\":9,\"quantifier\":1.0,\"text\":\"Order Management\"},{\"sequenceNumber\":10,\"quantifier\":0.0,\"text\":\"Vendor Management\"}]}'),(960,1749,6,'{\"options\":[{\"sequenceNumber\":4,\"quantifier\":1.0,\"text\":\"Americas\"}],\"otherOptionResponseText\":null,\"score\":null}'),(961,1750,6,'{\"quantifier\":50000.0,\"responseNumber\":50000.0}'),(962,1751,6,'{\"quantifier\":70000.0,\"responseNumber\":70000.0}'),(963,2146,6,'{\"responseText\":\"Oracle\",\"score\":null}'),(964,1752,6,'{\"options\":[{\"sequenceNumber\":3,\"quantifier\":3.0,\"text\":\"Tool / Utility\"}],\"otherOptionResponseText\":null,\"score\":null}'),(965,1753,6,'{\"options\":[{\"sequenceNumber\":1,\"quantifier\":10.0,\"text\":\"Invest\"}],\"otherOptionResponseText\":null,\"score\":null}'),(966,2147,6,'{\"options\":[{\"sequenceNumber\":7,\"quantifier\":2.0,\"text\":\"People HR\"}],\"otherOptionResponseText\":null,\"score\":null}'),(967,1754,6,'{\"options\":[{\"sequenceNumber\":6,\"quantifier\":4.0,\"text\":\"Minor Impact\"}],\"otherOptionResponseText\":null,\"score\":null}'),(968,1755,6,'{\"options\":[{\"sequenceNumber\":4,\"quantifier\":8.0,\"text\":\"Managed Service\"}],\"otherOptionResponseText\":null,\"score\":null}'),(969,2149,6,'{\"options\":[{\"sequenceNumber\":4,\"quantifier\":1.0,\"text\":\"Americas\"}],\"otherOptionResponseText\":null,\"score\":null}'),(970,2148,6,'{\"options\":[{\"sequenceNumber\":7,\"quantifier\":2.0,\"text\":\"HR\"},{\"sequenceNumber\":8,\"quantifier\":2.0,\"text\":\"Financials\"}]}'),(971,1756,6,'{\"responseText\":\"Anti-virus\",\"score\":null}'),(972,1757,6,'{\"options\":[{\"sequenceNumber\":1,\"quantifier\":5.0,\"text\":\"Java / J2EE\"},{\"sequenceNumber\":10,\"quantifier\":5.0,\"text\":\"Ruby On Rails\"},{\"sequenceNumber\":11,\"quantifier\":5.0,\"text\":\"Python\"}]}'),(973,2150,6,'{\"quantifier\":500000.0,\"responseNumber\":500000.0}'),(974,1758,6,'{\"options\":[{\"sequenceNumber\":4,\"quantifier\":1.0,\"text\":\"documented but not followed consistently\"}],\"otherOptionResponseText\":null,\"score\":null}'),(975,1759,6,'{\"options\":[{\"sequenceNumber\":1,\"quantifier\":5.0,\"text\":\"Documentation standards defined and followed\"}],\"otherOptionResponseText\":null,\"score\":null}'),(976,2151,6,'{\"quantifier\":250000.0,\"responseNumber\":250000.0}'),(977,2152,6,'{\"options\":[{\"sequenceNumber\":3,\"quantifier\":3.0,\"text\":\"Tool / Utility\"}],\"otherOptionResponseText\":null,\"score\":null}'),(978,2153,6,'{\"options\":[{\"sequenceNumber\":3,\"quantifier\":6.0,\"text\":\"Migrate\"}],\"otherOptionResponseText\":null,\"score\":null}'),(979,1760,6,'{\"options\":[{\"sequenceNumber\":4,\"quantifier\":1.0,\"text\":\"Distribution and Logistics\"}],\"otherOptionResponseText\":null,\"score\":null}'),(980,2154,6,'{\"options\":[{\"sequenceNumber\":3,\"quantifier\":7.0,\"text\":\"Severe Impact on Business Performance\"}],\"otherOptionResponseText\":null,\"score\":null}'),(981,2155,6,'{\"options\":[{\"sequenceNumber\":2,\"quantifier\":6.0,\"text\":\"Custom\"}],\"otherOptionResponseText\":null,\"score\":null}'),(982,1761,6,'{\"responseParaText\":\"Shine Job Search is portal to search jobs and uploads Resume .\",\"score\":null}'),(983,2156,6,'{\"responseText\":\"Oracle\",\"score\":null}'),(984,2157,6,'{\"options\":[{\"sequenceNumber\":1,\"quantifier\":5.0,\"text\":\"Java / J2EE\"},{\"sequenceNumber\":6,\"quantifier\":5.0,\"text\":\"Android\"},{\"sequenceNumber\":10,\"quantifier\":5.0,\"text\":\"Ruby On Rails\"}]}'),(985,2158,6,'{\"options\":[{\"sequenceNumber\":1,\"quantifier\":5.0,\"text\":\"Process defined\"},{\"sequenceNumber\":3,\"quantifier\":3.0,\"text\":\"Process defined\"}],\"otherOptionResponseText\":null,\"score\":null}'),(986,2159,6,'{\"options\":[{\"sequenceNumber\":1,\"quantifier\":5.0,\"text\":\"Documentation standards defined and followed\"}],\"otherOptionResponseText\":null,\"score\":null}'),(987,2160,6,'{\"options\":[{\"sequenceNumber\":2,\"quantifier\":1.0,\"text\":\"Manufacturing Intelligence\"}],\"otherOptionResponseText\":null,\"score\":null}'),(988,1762,6,'{\"responseText\":\"Shine Job\",\"score\":null}'),(989,1763,6,'{\"options\":[{\"sequenceNumber\":7,\"quantifier\":2.0,\"text\":\"People HR\"}],\"otherOptionResponseText\":null,\"score\":null}'),(990,1764,6,'{\"options\":[{\"sequenceNumber\":3,\"quantifier\":2.0,\"text\":\"Inventory Planning\"},{\"sequenceNumber\":4,\"quantifier\":2.0,\"text\":\"Inventory Management\"},{\"sequenceNumber\":5,\"quantifier\":2.0,\"text\":\"Outbound Distribution\"},{\"sequenceNumber\":7,\"quantifier\":2.0,\"text\":\"HR\"},{\"sequenceNumber\":9,\"quantifier\":1.0,\"text\":\"Order Management\"}]}'),(991,2161,6,'{\"responseParaText\":\"This application store the android application.\",\"score\":null}'),(992,1765,6,'{\"options\":[{\"sequenceNumber\":3,\"quantifier\":1.0,\"text\":\"Africas\"}],\"otherOptionResponseText\":null,\"score\":null}'),(993,1766,6,'{\"quantifier\":555000.0,\"responseNumber\":555000.0}'),(994,2162,6,'{\"responseText\":\"Sapient\",\"score\":null}'),(995,2163,6,'{\"options\":[{\"sequenceNumber\":4,\"quantifier\":2.0,\"text\":\"Engineering Ops\"}],\"otherOptionResponseText\":null,\"score\":null}'),(996,2164,6,'{\"options\":[{\"sequenceNumber\":4,\"quantifier\":2.0,\"text\":\"Inventory Management\"},{\"sequenceNumber\":5,\"quantifier\":2.0,\"text\":\"Outbound Distribution\"}]}'),(997,2165,6,'{\"options\":[{\"sequenceNumber\":4,\"quantifier\":1.0,\"text\":\"Americas\"}],\"otherOptionResponseText\":null,\"score\":null}'),(998,2166,6,'{\"quantifier\":200000.0,\"responseNumber\":200000.0}'),(999,1767,6,'{\"quantifier\":750000.0,\"responseNumber\":750000.0}'),(1000,2167,6,'{\"quantifier\":50000.0,\"responseNumber\":50000.0}'),(1001,2168,6,'{\"options\":[{\"sequenceNumber\":1,\"quantifier\":10.0,\"text\":\"Core to Business Process\"}],\"otherOptionResponseText\":null,\"score\":null}'),(1002,2169,6,'{\"options\":[{\"sequenceNumber\":1,\"quantifier\":10.0,\"text\":\"Invest\"}],\"otherOptionResponseText\":null,\"score\":null}'),(1003,2171,6,'{\"options\":[{\"sequenceNumber\":2,\"quantifier\":6.0,\"text\":\"Custom\"}],\"otherOptionResponseText\":null,\"score\":null}'),(1004,2172,6,'{\"responseText\":\"Oracle\",\"score\":null}'),(1005,2173,6,'{\"options\":[{\"sequenceNumber\":3,\"quantifier\":5.0,\"text\":\"Maximo\"}]}'),(1006,2174,6,'{\"options\":[{\"sequenceNumber\":1,\"quantifier\":5.0,\"text\":\"Process defined\"},{\"sequenceNumber\":3,\"quantifier\":3.0,\"text\":\"Process defined\"}],\"otherOptionResponseText\":null,\"score\":null}'),(1007,2175,6,'{\"options\":[{\"sequenceNumber\":1,\"quantifier\":5.0,\"text\":\"Documentation standards defined and followed\"}],\"otherOptionResponseText\":null,\"score\":null}'),(1008,2176,6,'{\"options\":[{\"sequenceNumber\":3,\"quantifier\":1.0,\"text\":\"Engineering Services\"}],\"otherOptionResponseText\":null,\"score\":null}'),(1009,2177,6,'{\"responseParaText\":\"This application likes as a task manager.\",\"score\":null}'),(1010,1710,6,'{\"options\":[{\"sequenceNumber\":2,\"quantifier\":4.0,\"text\":\"documented and followed consistently\"}],\"otherOptionResponseText\":null,\"score\":null}'),(1011,2178,6,'{\"responseText\":\"TCS\",\"score\":null}'),(1012,2179,6,'{\"options\":[{\"sequenceNumber\":4,\"quantifier\":2.0,\"text\":\"Engineering Ops\"}],\"otherOptionResponseText\":null,\"score\":null}'),(1013,2180,6,'{\"options\":[{\"sequenceNumber\":4,\"quantifier\":2.0,\"text\":\"Inventory Management\"},{\"sequenceNumber\":6,\"quantifier\":2.0,\"text\":\"Transportation Management\"},{\"sequenceNumber\":7,\"quantifier\":2.0,\"text\":\"HR\"}]}'),(1014,2181,6,'{\"options\":[{\"sequenceNumber\":3,\"quantifier\":1.0,\"text\":\"Africas\"}],\"otherOptionResponseText\":null,\"score\":null}'),(1015,2182,6,'{\"quantifier\":100000.0,\"responseNumber\":100000.0}'),(1016,2183,6,'{\"quantifier\":50000.0,\"responseNumber\":50000.0}'),(1017,2184,6,'{\"options\":[{\"sequenceNumber\":5,\"quantifier\":1.0,\"text\":\"Data Extract\"}],\"otherOptionResponseText\":null,\"score\":null}'),(1018,2185,6,'{\"options\":[{\"sequenceNumber\":3,\"quantifier\":6.0,\"text\":\"Migrate\"}],\"otherOptionResponseText\":null,\"score\":null}'),(1019,2186,6,'{\"options\":[{\"sequenceNumber\":4,\"quantifier\":6.0,\"text\":\"Significant Impact on Revenue\"}],\"otherOptionResponseText\":null,\"score\":null}'),(1020,2187,6,'{\"options\":[{\"sequenceNumber\":2,\"quantifier\":6.0,\"text\":\"Custom\"}],\"otherOptionResponseText\":null,\"score\":null}'),(1021,2188,6,'{\"responseText\":\"Oracle\",\"score\":null}'),(1022,2189,6,'{\"options\":[{\"sequenceNumber\":2,\"quantifier\":5.0,\"text\":\".Net / Visual Studio\"},{\"sequenceNumber\":6,\"quantifier\":5.0,\"text\":\"Android\"},{\"sequenceNumber\":7,\"quantifier\":5.0,\"text\":\"iOS\"}]}'),(1023,2190,6,'{\"options\":[{\"sequenceNumber\":1,\"quantifier\":5.0,\"text\":\"Process defined\"},{\"sequenceNumber\":3,\"quantifier\":3.0,\"text\":\"Process defined\"}],\"otherOptionResponseText\":null,\"score\":null}'),(1024,2191,6,'{\"options\":[{\"sequenceNumber\":1,\"quantifier\":5.0,\"text\":\"Documentation standards defined and followed\"}],\"otherOptionResponseText\":null,\"score\":null}'),(1025,2192,6,'{\"options\":[{\"sequenceNumber\":4,\"quantifier\":1.0,\"text\":\"Distribution and Logistics\"}],\"otherOptionResponseText\":null,\"score\":null}'),(1026,2193,6,'{\"responseParaText\":\"Flipkart is used for online shopping.\",\"score\":null}'),(1027,2194,6,'{\"responseText\":\"Flipkart\",\"score\":null}'),(1028,2195,6,'{\"options\":[{\"sequenceNumber\":6,\"quantifier\":2.0,\"text\":\"Logistics\"}],\"otherOptionResponseText\":null,\"score\":null}'),(1029,2196,6,'{\"options\":[{\"sequenceNumber\":1,\"quantifier\":2.0,\"text\":\"Warehouse Management\"},{\"sequenceNumber\":2,\"quantifier\":2.0,\"text\":\"Warehouse Design\"},{\"sequenceNumber\":4,\"quantifier\":2.0,\"text\":\"Inventory Management\"}]}'),(1030,2197,6,'{\"options\":[{\"sequenceNumber\":1,\"quantifier\":1.0,\"text\":\"APAC\"}],\"otherOptionResponseText\":null,\"score\":null}'),(1031,2198,6,'{\"quantifier\":250000.0,\"responseNumber\":250000.0}'),(1032,2199,6,'{\"quantifier\":900000.0,\"responseNumber\":900000.0}'),(1033,2200,6,'{\"options\":[{\"sequenceNumber\":6,\"quantifier\":6.0,\"text\":\"Business Intelligence\"}],\"otherOptionResponseText\":null,\"score\":null}'),(1034,2201,6,'{\"options\":[{\"sequenceNumber\":3,\"quantifier\":6.0,\"text\":\"Migrate\"}],\"otherOptionResponseText\":null,\"score\":null}'),(1035,2202,6,'{\"options\":[{\"sequenceNumber\":3,\"quantifier\":7.0,\"text\":\"Severe Impact on Business Performance\"}],\"otherOptionResponseText\":null,\"score\":null}'),(1036,2203,6,'{\"options\":[{\"sequenceNumber\":2,\"quantifier\":6.0,\"text\":\"Custom\"}],\"otherOptionResponseText\":null,\"score\":null}'),(1037,2204,6,'{\"responseText\":\"Flipkart\",\"score\":null}'),(1038,2205,6,'{\"options\":[{\"sequenceNumber\":1,\"quantifier\":5.0,\"text\":\"Java / J2EE\"},{\"sequenceNumber\":6,\"quantifier\":5.0,\"text\":\"Android\"},{\"sequenceNumber\":7,\"quantifier\":5.0,\"text\":\"iOS\"}]}'),(1039,2206,6,'{\"options\":[{\"sequenceNumber\":1,\"quantifier\":5.0,\"text\":\"Process defined\"},{\"sequenceNumber\":3,\"quantifier\":3.0,\"text\":\"Process defined\"}],\"otherOptionResponseText\":null,\"score\":null}'),(1040,2207,6,'{\"options\":[{\"sequenceNumber\":1,\"quantifier\":5.0,\"text\":\"Documentation standards defined and followed\"}],\"otherOptionResponseText\":null,\"score\":null}'),(1041,1667,6,'{\"options\":[{\"sequenceNumber\":5,\"quantifier\":2.0,\"text\":\"Finance\"}],\"otherOptionResponseText\":null,\"score\":null}'),(1042,2272,7,'{\"options\":[{\"sequenceNumber\":1,\"quantifier\":4.0,\"text\":\"High\"}],\"otherOptionResponseText\":null,\"score\":null}'),(1043,2273,7,'{\"options\":[{\"sequenceNumber\":2,\"quantifier\":3.0,\"text\":\"Medium\"}],\"otherOptionResponseText\":null,\"score\":null}'),(1044,2274,7,'{\"options\":[{\"sequenceNumber\":3,\"quantifier\":2.0,\"text\":\"Low\"}],\"otherOptionResponseText\":null,\"score\":null}'),(1059,2590,8,'{\"options\":[{\"sequenceNumber\":2,\"quantifier\":6.0,\"text\":\"QA\"}],\"otherOptionResponseText\":null,\"score\":null}'),(1060,2591,8,'{\"options\":[{\"sequenceNumber\":2,\"quantifier\":5.0,\"text\":\"Raid 1\"}],\"otherOptionResponseText\":null,\"score\":null}'),(1061,2592,8,'{\"options\":[{\"sequenceNumber\":4,\"quantifier\":8.0,\"text\":\"32\"}],\"otherOptionResponseText\":null,\"score\":null}'),(1062,2593,8,'{\"options\":[{\"sequenceNumber\":1,\"quantifier\":6.0,\"text\":\"Yes\"}],\"otherOptionResponseText\":null,\"score\":null}'),(1063,2594,8,'{\"options\":[{\"sequenceNumber\":2,\"quantifier\":4.0,\"text\":\"4\"}],\"otherOptionResponseText\":null,\"score\":null}'),(1064,2595,8,'{\"options\":[{\"sequenceNumber\":4,\"quantifier\":3.0,\"text\":\"Windows Server 2008 R2\"}],\"otherOptionResponseText\":null,\"score\":null}'),(1065,2596,8,'{\"options\":[{\"sequenceNumber\":3,\"quantifier\":2.0,\"text\":\"IBM\"}],\"otherOptionResponseText\":null,\"score\":null}'),(1066,2597,8,'{\"options\":[{\"sequenceNumber\":2,\"quantifier\":6.0,\"text\":\"QA\"}],\"otherOptionResponseText\":null,\"score\":null}'),(1067,2598,8,'{\"options\":[{\"sequenceNumber\":3,\"quantifier\":7.0,\"text\":\"Raid 3\"}],\"otherOptionResponseText\":null,\"score\":null}'),(1068,2599,8,'{\"options\":[{\"sequenceNumber\":3,\"quantifier\":6.0,\"text\":\"16\"}],\"otherOptionResponseText\":null,\"score\":null}'),(1069,2600,8,'{\"options\":[{\"sequenceNumber\":2,\"quantifier\":3.0,\"text\":\"No\"}],\"otherOptionResponseText\":null,\"score\":null}'),(1070,2601,8,'{\"options\":[{\"sequenceNumber\":4,\"quantifier\":8.0,\"text\":\"8\"}],\"otherOptionResponseText\":null,\"score\":null}'),(1071,2602,8,'{\"options\":[{\"sequenceNumber\":2,\"quantifier\":4.0,\"text\":\"RHEL 7\"}],\"otherOptionResponseText\":null,\"score\":null}'),(1072,2603,8,'{\"options\":[{\"sequenceNumber\":2,\"quantifier\":2.0,\"text\":\"HP\"}],\"otherOptionResponseText\":null,\"score\":null}'),(1073,2604,8,'{\"options\":[{\"sequenceNumber\":3,\"quantifier\":4.0,\"text\":\"Development\"}],\"otherOptionResponseText\":null,\"score\":null}'),(1074,2605,8,'{\"options\":[{\"sequenceNumber\":1,\"quantifier\":3.0,\"text\":\"Raid 0\"}],\"otherOptionResponseText\":null,\"score\":null}'),(1075,2606,8,'{\"options\":[{\"sequenceNumber\":1,\"quantifier\":2.0,\"text\":\"4\"}],\"otherOptionResponseText\":null,\"score\":null}'),(1076,2607,8,'{\"options\":[{\"sequenceNumber\":2,\"quantifier\":3.0,\"text\":\"No\"}],\"otherOptionResponseText\":null,\"score\":null}'),(1077,2608,8,'{\"options\":[{\"sequenceNumber\":2,\"quantifier\":4.0,\"text\":\"4\"}],\"otherOptionResponseText\":null,\"score\":null}'),(1078,2609,8,'{\"options\":[{\"sequenceNumber\":1,\"quantifier\":2.0,\"text\":\"RHEL 5\"}],\"otherOptionResponseText\":null,\"score\":null}'),(1079,2610,8,'{\"options\":[{\"sequenceNumber\":1,\"quantifier\":2.0,\"text\":\"Dell\"}],\"otherOptionResponseText\":null,\"score\":null}'),(1080,2611,8,'{\"options\":[{\"sequenceNumber\":1,\"quantifier\":10.0,\"text\":\"Production\"}],\"otherOptionResponseText\":null,\"score\":null}'),(1081,2612,8,'{\"options\":[{\"sequenceNumber\":4,\"quantifier\":9.0,\"text\":\"Raid 5\"}],\"otherOptionResponseText\":null,\"score\":null}'),(1082,2613,8,'{\"options\":[{\"sequenceNumber\":3,\"quantifier\":6.0,\"text\":\"16\"}],\"otherOptionResponseText\":null,\"score\":null}'),(1083,2614,8,'{\"options\":[{\"sequenceNumber\":1,\"quantifier\":6.0,\"text\":\"Yes\"}],\"otherOptionResponseText\":null,\"score\":null}'),(1084,2615,8,'{\"options\":[{\"sequenceNumber\":3,\"quantifier\":6.0,\"text\":\"6\"}],\"otherOptionResponseText\":null,\"score\":null}'),(1085,2616,8,'{\"options\":[{\"sequenceNumber\":3,\"quantifier\":3.0,\"text\":\"Oracle Solaris OS\"}],\"otherOptionResponseText\":null,\"score\":null}'),(1086,2617,8,'{\"options\":[{\"sequenceNumber\":3,\"quantifier\":2.0,\"text\":\"IBM\"}],\"otherOptionResponseText\":null,\"score\":null}'),(1087,2618,8,'{\"options\":[{\"sequenceNumber\":3,\"quantifier\":4.0,\"text\":\"Development\"}],\"otherOptionResponseText\":null,\"score\":null}'),(1088,2619,8,'{\"options\":[{\"sequenceNumber\":1,\"quantifier\":3.0,\"text\":\"Raid 0\"}],\"otherOptionResponseText\":null,\"score\":null}'),(1089,2620,8,'{\"options\":[{\"sequenceNumber\":2,\"quantifier\":4.0,\"text\":\"8\"}],\"otherOptionResponseText\":null,\"score\":null}'),(1090,2621,8,'{\"options\":[{\"sequenceNumber\":1,\"quantifier\":6.0,\"text\":\"Yes\"}],\"otherOptionResponseText\":null,\"score\":null}'),(1091,2622,8,'{\"options\":[{\"sequenceNumber\":2,\"quantifier\":4.0,\"text\":\"4\"}],\"otherOptionResponseText\":null,\"score\":null}'),(1092,2623,8,'{\"options\":[{\"sequenceNumber\":4,\"quantifier\":3.0,\"text\":\"Windows Server 2008 R2\"}],\"otherOptionResponseText\":null,\"score\":null}'),(1093,2624,8,'{\"options\":[{\"sequenceNumber\":2,\"quantifier\":2.0,\"text\":\"HP\"}],\"otherOptionResponseText\":null,\"score\":null}'),(1094,2625,8,'{\"options\":[{\"sequenceNumber\":2,\"quantifier\":6.0,\"text\":\"QA\"}],\"otherOptionResponseText\":null,\"score\":null}'),(1095,2626,8,'{\"options\":[{\"sequenceNumber\":3,\"quantifier\":7.0,\"text\":\"Raid 3\"}],\"otherOptionResponseText\":null,\"score\":null}'),(1096,2627,8,'{\"options\":[{\"sequenceNumber\":3,\"quantifier\":6.0,\"text\":\"16\"}],\"otherOptionResponseText\":null,\"score\":null}'),(1097,2630,8,'{\"options\":[{\"sequenceNumber\":4,\"quantifier\":3.0,\"text\":\"Windows Server 2008 R2\"}],\"otherOptionResponseText\":null,\"score\":null}'),(1098,2631,8,'{\"options\":[{\"sequenceNumber\":4,\"quantifier\":2.0,\"text\":\"Cisco\"}],\"otherOptionResponseText\":null,\"score\":null}'),(1099,2632,8,'{\"options\":[{\"sequenceNumber\":3,\"quantifier\":4.0,\"text\":\"Development\"}],\"otherOptionResponseText\":null,\"score\":null}'),(1100,2633,8,'{\"options\":[{\"sequenceNumber\":1,\"quantifier\":3.0,\"text\":\"Raid 0\"}],\"otherOptionResponseText\":null,\"score\":null}'),(1101,2634,8,'{\"options\":[{\"sequenceNumber\":1,\"quantifier\":2.0,\"text\":\"4\"}],\"otherOptionResponseText\":null,\"score\":null}'),(1102,2636,8,'{\"options\":[{\"sequenceNumber\":3,\"quantifier\":6.0,\"text\":\"6\"}],\"otherOptionResponseText\":null,\"score\":null}'),(1103,2637,8,'{\"options\":[{\"sequenceNumber\":2,\"quantifier\":4.0,\"text\":\"RHEL 7\"}],\"otherOptionResponseText\":null,\"score\":null}'),(1104,2638,8,'{\"options\":[{\"sequenceNumber\":1,\"quantifier\":2.0,\"text\":\"Dell\"}],\"otherOptionResponseText\":null,\"score\":null}'),(1105,2639,8,'{\"options\":[{\"sequenceNumber\":1,\"quantifier\":10.0,\"text\":\"Production\"}],\"otherOptionResponseText\":null,\"score\":null}'),(1106,2640,8,'{\"options\":[{\"sequenceNumber\":3,\"quantifier\":7.0,\"text\":\"Raid 3\"}],\"otherOptionResponseText\":null,\"score\":null}'),(1107,2641,8,'{\"options\":[{\"sequenceNumber\":3,\"quantifier\":6.0,\"text\":\"16\"}],\"otherOptionResponseText\":null,\"score\":null}'),(1108,2642,8,'{\"options\":[{\"sequenceNumber\":2,\"quantifier\":3.0,\"text\":\"No\"}],\"otherOptionResponseText\":null,\"score\":null}'),(1109,2643,8,'{\"options\":[{\"sequenceNumber\":3,\"quantifier\":6.0,\"text\":\"6\"}],\"otherOptionResponseText\":null,\"score\":null}'),(1110,2644,8,'{\"options\":[{\"sequenceNumber\":4,\"quantifier\":3.0,\"text\":\"Windows Server 2008 R2\"}],\"otherOptionResponseText\":null,\"score\":null}'),(1111,2645,8,'{\"options\":[{\"sequenceNumber\":2,\"quantifier\":2.0,\"text\":\"HP\"}],\"otherOptionResponseText\":null,\"score\":null}'),(1112,2646,8,'{\"options\":[{\"sequenceNumber\":1,\"quantifier\":10.0,\"text\":\"Production\"}],\"otherOptionResponseText\":null,\"score\":null}'),(1113,2647,8,'{\"options\":[{\"sequenceNumber\":3,\"quantifier\":7.0,\"text\":\"Raid 3\"}],\"otherOptionResponseText\":null,\"score\":null}'),(1114,2648,8,'{\"options\":[{\"sequenceNumber\":3,\"quantifier\":6.0,\"text\":\"16\"}],\"otherOptionResponseText\":null,\"score\":null}'),(1115,2649,8,'{\"options\":[{\"sequenceNumber\":1,\"quantifier\":6.0,\"text\":\"Yes\"}],\"otherOptionResponseText\":null,\"score\":null}'),(1116,2650,8,'{\"options\":[{\"sequenceNumber\":3,\"quantifier\":6.0,\"text\":\"6\"}],\"otherOptionResponseText\":null,\"score\":null}'),(1117,2652,8,'{\"options\":[{\"sequenceNumber\":1,\"quantifier\":2.0,\"text\":\"Dell\"}],\"otherOptionResponseText\":null,\"score\":null}'),(1118,2659,8,'{\"options\":[{\"sequenceNumber\":1,\"quantifier\":2.0,\"text\":\"Dell\"}],\"otherOptionResponseText\":null,\"score\":null}'),(1119,2666,8,'{\"options\":[{\"sequenceNumber\":3,\"quantifier\":2.0,\"text\":\"IBM\"}],\"otherOptionResponseText\":null,\"score\":null}'),(1120,2673,8,'{\"options\":[{\"sequenceNumber\":3,\"quantifier\":2.0,\"text\":\"IBM\"}],\"otherOptionResponseText\":null,\"score\":null}'),(1121,2680,8,'{\"options\":[{\"sequenceNumber\":4,\"quantifier\":2.0,\"text\":\"Cisco\"}],\"otherOptionResponseText\":null,\"score\":null}'),(1122,2687,8,'{\"options\":[{\"sequenceNumber\":1,\"quantifier\":2.0,\"text\":\"Dell\"}],\"otherOptionResponseText\":null,\"score\":null}'),(1123,2694,8,'{\"options\":[{\"sequenceNumber\":1,\"quantifier\":2.0,\"text\":\"Dell\"}],\"otherOptionResponseText\":null,\"score\":null}'),(1124,2701,8,'{\"options\":[{\"sequenceNumber\":1,\"quantifier\":2.0,\"text\":\"Dell\"}],\"otherOptionResponseText\":null,\"score\":null}'),(1125,2708,8,'{\"options\":[{\"sequenceNumber\":1,\"quantifier\":2.0,\"text\":\"Dell\"}],\"otherOptionResponseText\":null,\"score\":null}'),(1126,2715,8,'{\"options\":[{\"sequenceNumber\":1,\"quantifier\":2.0,\"text\":\"Dell\"}],\"otherOptionResponseText\":null,\"score\":null}'),(1127,2722,8,'{\"options\":[{\"sequenceNumber\":1,\"quantifier\":2.0,\"text\":\"Dell\"}],\"otherOptionResponseText\":null,\"score\":null}'),(1128,2729,8,'{\"options\":[{\"sequenceNumber\":3,\"quantifier\":2.0,\"text\":\"IBM\"}],\"otherOptionResponseText\":null,\"score\":null}'),(1129,2736,8,'{\"options\":[{\"sequenceNumber\":3,\"quantifier\":2.0,\"text\":\"IBM\"}],\"otherOptionResponseText\":null,\"score\":null}'),(1130,2743,8,'{\"options\":[{\"sequenceNumber\":4,\"quantifier\":2.0,\"text\":\"Cisco\"}],\"otherOptionResponseText\":null,\"score\":null}'),(1131,2757,8,'{\"options\":[{\"sequenceNumber\":4,\"quantifier\":2.0,\"text\":\"Cisco\"}],\"otherOptionResponseText\":null,\"score\":null}'),(1132,2764,8,'{\"options\":[{\"sequenceNumber\":1,\"quantifier\":2.0,\"text\":\"Dell\"}],\"otherOptionResponseText\":null,\"score\":null}'),(1133,2771,8,'{\"options\":[{\"sequenceNumber\":2,\"quantifier\":2.0,\"text\":\"HP\"}],\"otherOptionResponseText\":null,\"score\":null}'),(1134,2778,8,'{\"options\":[{\"sequenceNumber\":3,\"quantifier\":2.0,\"text\":\"IBM\"}],\"otherOptionResponseText\":null,\"score\":null}'),(1135,2785,8,'{\"options\":[{\"sequenceNumber\":2,\"quantifier\":2.0,\"text\":\"HP\"}],\"otherOptionResponseText\":null,\"score\":null}'),(1136,2792,8,'{\"options\":[{\"sequenceNumber\":3,\"quantifier\":2.0,\"text\":\"IBM\"}],\"otherOptionResponseText\":null,\"score\":null}'),(1137,2799,8,'{\"options\":[{\"sequenceNumber\":4,\"quantifier\":2.0,\"text\":\"Cisco\"}],\"otherOptionResponseText\":null,\"score\":null}'),(1138,2806,8,'{\"options\":[{\"sequenceNumber\":1,\"quantifier\":2.0,\"text\":\"Dell\"}],\"otherOptionResponseText\":null,\"score\":null}'),(1139,2813,8,'{\"options\":[{\"sequenceNumber\":1,\"quantifier\":2.0,\"text\":\"Dell\"}],\"otherOptionResponseText\":null,\"score\":null}'),(1140,2820,8,'{\"options\":[{\"sequenceNumber\":3,\"quantifier\":2.0,\"text\":\"IBM\"}],\"otherOptionResponseText\":null,\"score\":null}'),(1141,2827,8,'{\"options\":[{\"sequenceNumber\":3,\"quantifier\":2.0,\"text\":\"IBM\"}],\"otherOptionResponseText\":null,\"score\":null}'),(1142,2834,8,'{\"options\":[{\"sequenceNumber\":3,\"quantifier\":2.0,\"text\":\"IBM\"}],\"otherOptionResponseText\":null,\"score\":null}'),(1143,2841,8,'{\"options\":[{\"sequenceNumber\":3,\"quantifier\":2.0,\"text\":\"IBM\"}],\"otherOptionResponseText\":null,\"score\":null}'),(1144,2848,8,'{\"options\":[{\"sequenceNumber\":3,\"quantifier\":2.0,\"text\":\"IBM\"}],\"otherOptionResponseText\":null,\"score\":null}'),(1145,2855,8,'{\"options\":[{\"sequenceNumber\":4,\"quantifier\":2.0,\"text\":\"Cisco\"}],\"otherOptionResponseText\":null,\"score\":null}'),(1146,2862,8,'{\"options\":[{\"sequenceNumber\":4,\"quantifier\":2.0,\"text\":\"Cisco\"}],\"otherOptionResponseText\":null,\"score\":null}'),(1147,2876,8,'{\"options\":[{\"sequenceNumber\":3,\"quantifier\":2.0,\"text\":\"IBM\"}],\"otherOptionResponseText\":null,\"score\":null}'),(1148,2883,8,'{\"options\":[{\"sequenceNumber\":1,\"quantifier\":2.0,\"text\":\"Dell\"}],\"otherOptionResponseText\":null,\"score\":null}'),(1149,2890,8,'{\"options\":[{\"sequenceNumber\":2,\"quantifier\":2.0,\"text\":\"HP\"}],\"otherOptionResponseText\":null,\"score\":null}'),(1150,2897,8,'{\"options\":[{\"sequenceNumber\":1,\"quantifier\":2.0,\"text\":\"Dell\"}],\"otherOptionResponseText\":null,\"score\":null}'),(1151,2904,8,'{\"options\":[{\"sequenceNumber\":1,\"quantifier\":2.0,\"text\":\"Dell\"}],\"otherOptionResponseText\":null,\"score\":null}'),(1152,2654,8,'{\"options\":[{\"sequenceNumber\":3,\"quantifier\":7.0,\"text\":\"Raid 3\"}],\"otherOptionResponseText\":null,\"score\":null}'),(1153,2661,8,'{\"options\":[{\"sequenceNumber\":1,\"quantifier\":3.0,\"text\":\"Raid 0\"}],\"otherOptionResponseText\":null,\"score\":null}'),(1154,2668,8,'{\"options\":[{\"sequenceNumber\":4,\"quantifier\":9.0,\"text\":\"Raid 5\"}],\"otherOptionResponseText\":null,\"score\":null}'),(1155,2675,8,'{\"options\":[{\"sequenceNumber\":4,\"quantifier\":9.0,\"text\":\"Raid 5\"}],\"otherOptionResponseText\":null,\"score\":null}'),(1156,2682,8,'{\"options\":[{\"sequenceNumber\":3,\"quantifier\":7.0,\"text\":\"Raid 3\"}],\"otherOptionResponseText\":null,\"score\":null}'),(1157,2689,8,'{\"options\":[{\"sequenceNumber\":3,\"quantifier\":7.0,\"text\":\"Raid 3\"}],\"otherOptionResponseText\":null,\"score\":null}'),(1158,2696,8,'{\"options\":[{\"sequenceNumber\":4,\"quantifier\":9.0,\"text\":\"Raid 5\"}],\"otherOptionResponseText\":null,\"score\":null}'),(1159,2703,8,'{\"options\":[{\"sequenceNumber\":2,\"quantifier\":5.0,\"text\":\"Raid 1\"}],\"otherOptionResponseText\":null,\"score\":null}'),(1160,2710,8,'{\"options\":[{\"sequenceNumber\":1,\"quantifier\":3.0,\"text\":\"Raid 0\"}],\"otherOptionResponseText\":null,\"score\":null}'),(1161,2717,8,'{\"options\":[{\"sequenceNumber\":3,\"quantifier\":7.0,\"text\":\"Raid 3\"}],\"otherOptionResponseText\":null,\"score\":null}'),(1162,2724,8,'{\"options\":[{\"sequenceNumber\":2,\"quantifier\":5.0,\"text\":\"Raid 1\"}],\"otherOptionResponseText\":null,\"score\":null}'),(1163,2731,8,'{\"options\":[{\"sequenceNumber\":4,\"quantifier\":9.0,\"text\":\"Raid 5\"}],\"otherOptionResponseText\":null,\"score\":null}'),(1164,2738,8,'{\"options\":[{\"sequenceNumber\":3,\"quantifier\":7.0,\"text\":\"Raid 3\"}],\"otherOptionResponseText\":null,\"score\":null}'),(1165,2745,8,'{\"options\":[{\"sequenceNumber\":3,\"quantifier\":7.0,\"text\":\"Raid 3\"}],\"otherOptionResponseText\":null,\"score\":null}'),(1166,2752,8,'{\"options\":[{\"sequenceNumber\":4,\"quantifier\":9.0,\"text\":\"Raid 5\"}],\"otherOptionResponseText\":null,\"score\":null}'),(1167,2759,8,'{\"options\":[{\"sequenceNumber\":4,\"quantifier\":9.0,\"text\":\"Raid 5\"}],\"otherOptionResponseText\":null,\"score\":null}'),(1168,2766,8,'{\"options\":[{\"sequenceNumber\":3,\"quantifier\":7.0,\"text\":\"Raid 3\"}],\"otherOptionResponseText\":null,\"score\":null}'),(1169,2773,8,'{\"options\":[{\"sequenceNumber\":1,\"quantifier\":3.0,\"text\":\"Raid 0\"}],\"otherOptionResponseText\":null,\"score\":null}'),(1170,2780,8,'{\"options\":[{\"sequenceNumber\":2,\"quantifier\":5.0,\"text\":\"Raid 1\"}],\"otherOptionResponseText\":null,\"score\":null}'),(1171,2787,8,'{\"options\":[{\"sequenceNumber\":1,\"quantifier\":3.0,\"text\":\"Raid 0\"}],\"otherOptionResponseText\":null,\"score\":null}'),(1172,2794,8,'{\"options\":[{\"sequenceNumber\":1,\"quantifier\":3.0,\"text\":\"Raid 0\"}],\"otherOptionResponseText\":null,\"score\":null}'),(1173,2801,8,'{\"options\":[{\"sequenceNumber\":1,\"quantifier\":3.0,\"text\":\"Raid 0\"}],\"otherOptionResponseText\":null,\"score\":null}'),(1174,2808,8,'{\"options\":[{\"sequenceNumber\":2,\"quantifier\":5.0,\"text\":\"Raid 1\"}],\"otherOptionResponseText\":null,\"score\":null}'),(1175,2815,8,'{\"options\":[{\"sequenceNumber\":2,\"quantifier\":5.0,\"text\":\"Raid 1\"}],\"otherOptionResponseText\":null,\"score\":null}'),(1176,2822,8,'{\"options\":[{\"sequenceNumber\":3,\"quantifier\":7.0,\"text\":\"Raid 3\"}],\"otherOptionResponseText\":null,\"score\":null}'),(1177,2829,8,'{\"options\":[{\"sequenceNumber\":3,\"quantifier\":7.0,\"text\":\"Raid 3\"}],\"otherOptionResponseText\":null,\"score\":null}'),(1178,2836,8,'{\"options\":[{\"sequenceNumber\":4,\"quantifier\":9.0,\"text\":\"Raid 5\"}],\"otherOptionResponseText\":null,\"score\":null}'),(1179,2843,8,'{\"options\":[{\"sequenceNumber\":1,\"quantifier\":3.0,\"text\":\"Raid 0\"}],\"otherOptionResponseText\":null,\"score\":null}'),(1180,2850,8,'{\"options\":[{\"sequenceNumber\":1,\"quantifier\":3.0,\"text\":\"Raid 0\"}],\"otherOptionResponseText\":null,\"score\":null}'),(1181,2857,8,'{\"options\":[{\"sequenceNumber\":2,\"quantifier\":5.0,\"text\":\"Raid 1\"}],\"otherOptionResponseText\":null,\"score\":null}'),(1182,2864,8,'{\"options\":[{\"sequenceNumber\":2,\"quantifier\":5.0,\"text\":\"Raid 1\"}],\"otherOptionResponseText\":null,\"score\":null}'),(1183,2871,8,'{\"options\":[{\"sequenceNumber\":1,\"quantifier\":3.0,\"text\":\"Raid 0\"}],\"otherOptionResponseText\":null,\"score\":null}'),(1184,2878,8,'{\"options\":[{\"sequenceNumber\":3,\"quantifier\":7.0,\"text\":\"Raid 3\"}],\"otherOptionResponseText\":null,\"score\":null}'),(1185,2885,8,'{\"options\":[{\"sequenceNumber\":3,\"quantifier\":7.0,\"text\":\"Raid 3\"}],\"otherOptionResponseText\":null,\"score\":null}'),(1186,2892,8,'{\"options\":[{\"sequenceNumber\":4,\"quantifier\":9.0,\"text\":\"Raid 5\"}],\"otherOptionResponseText\":null,\"score\":null}'),(1187,2899,8,'{\"options\":[{\"sequenceNumber\":1,\"quantifier\":3.0,\"text\":\"Raid 0\"}],\"otherOptionResponseText\":null,\"score\":null}'),(1188,2653,8,'{\"options\":[{\"sequenceNumber\":2,\"quantifier\":6.0,\"text\":\"QA\"}],\"otherOptionResponseText\":null,\"score\":null}'),(1189,2660,8,'{\"options\":[{\"sequenceNumber\":4,\"quantifier\":5.0,\"text\":\"DR\"}],\"otherOptionResponseText\":null,\"score\":null}'),(1190,2667,8,'{\"options\":[{\"sequenceNumber\":1,\"quantifier\":10.0,\"text\":\"Production\"}],\"otherOptionResponseText\":null,\"score\":null}'),(1191,2674,8,'{\"options\":[{\"sequenceNumber\":2,\"quantifier\":6.0,\"text\":\"QA\"}],\"otherOptionResponseText\":null,\"score\":null}'),(1192,2681,8,'{\"options\":[{\"sequenceNumber\":2,\"quantifier\":6.0,\"text\":\"QA\"}],\"otherOptionResponseText\":null,\"score\":null}'),(1193,2688,8,'{\"options\":[{\"sequenceNumber\":4,\"quantifier\":5.0,\"text\":\"DR\"}],\"otherOptionResponseText\":null,\"score\":null}'),(1194,2695,8,'{\"options\":[{\"sequenceNumber\":3,\"quantifier\":4.0,\"text\":\"Development\"}],\"otherOptionResponseText\":null,\"score\":null}'),(1195,2702,8,'{\"options\":[{\"sequenceNumber\":3,\"quantifier\":4.0,\"text\":\"Development\"}],\"otherOptionResponseText\":null,\"score\":null}'),(1196,2709,8,'{\"options\":[{\"sequenceNumber\":3,\"quantifier\":4.0,\"text\":\"Development\"}],\"otherOptionResponseText\":null,\"score\":null}'),(1197,2716,8,'{\"options\":[{\"sequenceNumber\":1,\"quantifier\":10.0,\"text\":\"Production\"}],\"otherOptionResponseText\":null,\"score\":null}'),(1198,2723,8,'{\"options\":[{\"sequenceNumber\":3,\"quantifier\":4.0,\"text\":\"Development\"}],\"otherOptionResponseText\":null,\"score\":null}'),(1199,2730,8,'{\"options\":[{\"sequenceNumber\":1,\"quantifier\":10.0,\"text\":\"Production\"}],\"otherOptionResponseText\":null,\"score\":null}'),(1200,2737,8,'{\"options\":[{\"sequenceNumber\":2,\"quantifier\":6.0,\"text\":\"QA\"}],\"otherOptionResponseText\":null,\"score\":null}'),(1201,2744,8,'{\"options\":[{\"sequenceNumber\":4,\"quantifier\":5.0,\"text\":\"DR\"}],\"otherOptionResponseText\":null,\"score\":null}'),(1202,2751,8,'{\"options\":[{\"sequenceNumber\":1,\"quantifier\":10.0,\"text\":\"Production\"}],\"otherOptionResponseText\":null,\"score\":null}'),(1203,2758,8,'{\"options\":[{\"sequenceNumber\":1,\"quantifier\":10.0,\"text\":\"Production\"}],\"otherOptionResponseText\":null,\"score\":null}'),(1204,2765,8,'{\"options\":[{\"sequenceNumber\":2,\"quantifier\":6.0,\"text\":\"QA\"}],\"otherOptionResponseText\":null,\"score\":null}'),(1205,2772,8,'{\"options\":[{\"sequenceNumber\":2,\"quantifier\":6.0,\"text\":\"QA\"}],\"otherOptionResponseText\":null,\"score\":null}'),(1206,2779,8,'{\"options\":[{\"sequenceNumber\":2,\"quantifier\":6.0,\"text\":\"QA\"}],\"otherOptionResponseText\":null,\"score\":null}'),(1207,2786,8,'{\"options\":[{\"sequenceNumber\":3,\"quantifier\":4.0,\"text\":\"Development\"}],\"otherOptionResponseText\":null,\"score\":null}'),(1208,2793,8,'{\"options\":[{\"sequenceNumber\":3,\"quantifier\":4.0,\"text\":\"Development\"}],\"otherOptionResponseText\":null,\"score\":null}'),(1209,2800,8,'{\"options\":[{\"sequenceNumber\":3,\"quantifier\":4.0,\"text\":\"Development\"}],\"otherOptionResponseText\":null,\"score\":null}'),(1210,2807,8,'{\"options\":[{\"sequenceNumber\":1,\"quantifier\":10.0,\"text\":\"Production\"}],\"otherOptionResponseText\":null,\"score\":null}'),(1211,2814,8,'{\"options\":[{\"sequenceNumber\":3,\"quantifier\":4.0,\"text\":\"Development\"}],\"otherOptionResponseText\":null,\"score\":null}'),(1212,2821,8,'{\"options\":[{\"sequenceNumber\":4,\"quantifier\":5.0,\"text\":\"DR\"}],\"otherOptionResponseText\":null,\"score\":null}'),(1213,2828,8,'{\"options\":[{\"sequenceNumber\":4,\"quantifier\":5.0,\"text\":\"DR\"}],\"otherOptionResponseText\":null,\"score\":null}'),(1214,2835,8,'{\"options\":[{\"sequenceNumber\":1,\"quantifier\":10.0,\"text\":\"Production\"}],\"otherOptionResponseText\":null,\"score\":null}'),(1215,2842,8,'{\"options\":[{\"sequenceNumber\":3,\"quantifier\":4.0,\"text\":\"Development\"}],\"otherOptionResponseText\":null,\"score\":null}'),(1216,2849,8,'{\"options\":[{\"sequenceNumber\":2,\"quantifier\":6.0,\"text\":\"QA\"}],\"otherOptionResponseText\":null,\"score\":null}'),(1217,2856,8,'{\"options\":[{\"sequenceNumber\":1,\"quantifier\":10.0,\"text\":\"Production\"}],\"otherOptionResponseText\":null,\"score\":null}'),(1218,2863,8,'{\"options\":[{\"sequenceNumber\":2,\"quantifier\":6.0,\"text\":\"QA\"}],\"otherOptionResponseText\":null,\"score\":null}'),(1219,2870,8,'{\"options\":[{\"sequenceNumber\":3,\"quantifier\":4.0,\"text\":\"Development\"}],\"otherOptionResponseText\":null,\"score\":null}'),(1220,2877,8,'{\"options\":[{\"sequenceNumber\":2,\"quantifier\":6.0,\"text\":\"QA\"}],\"otherOptionResponseText\":null,\"score\":null}'),(1221,2884,8,'{\"options\":[{\"sequenceNumber\":1,\"quantifier\":10.0,\"text\":\"Production\"}],\"otherOptionResponseText\":null,\"score\":null}'),(1222,2891,8,'{\"options\":[{\"sequenceNumber\":2,\"quantifier\":6.0,\"text\":\"QA\"}],\"otherOptionResponseText\":null,\"score\":null}'),(1223,2898,8,'{\"options\":[{\"sequenceNumber\":3,\"quantifier\":4.0,\"text\":\"Development\"}],\"otherOptionResponseText\":null,\"score\":null}'),(1224,2628,8,'{\"options\":[{\"sequenceNumber\":1,\"quantifier\":6.0,\"text\":\"Yes\"}],\"otherOptionResponseText\":null,\"score\":null}'),(1225,2629,8,'{\"options\":[{\"sequenceNumber\":3,\"quantifier\":6.0,\"text\":\"6\"}],\"otherOptionResponseText\":null,\"score\":null}'),(1226,2635,8,'{\"options\":[{\"sequenceNumber\":1,\"quantifier\":6.0,\"text\":\"Yes\"}],\"otherOptionResponseText\":null,\"score\":null}'),(1227,2656,8,'{\"options\":[{\"sequenceNumber\":2,\"quantifier\":3.0,\"text\":\"No\"}],\"otherOptionResponseText\":null,\"score\":null}'),(1228,2657,8,'{\"options\":[{\"sequenceNumber\":2,\"quantifier\":4.0,\"text\":\"4\"}],\"otherOptionResponseText\":null,\"score\":null}'),(1229,2663,8,'{\"options\":[{\"sequenceNumber\":2,\"quantifier\":3.0,\"text\":\"No\"}],\"otherOptionResponseText\":null,\"score\":null}'),(1230,2664,8,'{\"options\":[{\"sequenceNumber\":3,\"quantifier\":6.0,\"text\":\"6\"}],\"otherOptionResponseText\":null,\"score\":null}'),(1231,2670,8,'{\"options\":[{\"sequenceNumber\":1,\"quantifier\":6.0,\"text\":\"Yes\"}],\"otherOptionResponseText\":null,\"score\":null}'),(1232,2671,8,'{\"options\":[{\"sequenceNumber\":2,\"quantifier\":4.0,\"text\":\"4\"}],\"otherOptionResponseText\":null,\"score\":null}'),(1233,2677,8,'{\"options\":[{\"sequenceNumber\":1,\"quantifier\":6.0,\"text\":\"Yes\"}],\"otherOptionResponseText\":null,\"score\":null}'),(1234,2678,8,'{\"options\":[{\"sequenceNumber\":1,\"quantifier\":2.0,\"text\":\"2\"}],\"otherOptionResponseText\":null,\"score\":null}'),(1235,2684,8,'{\"options\":[{\"sequenceNumber\":1,\"quantifier\":6.0,\"text\":\"Yes\"}],\"otherOptionResponseText\":null,\"score\":null}'),(1236,2685,8,'{\"options\":[{\"sequenceNumber\":3,\"quantifier\":6.0,\"text\":\"6\"}],\"otherOptionResponseText\":null,\"score\":null}'),(1237,2691,8,'{\"options\":[{\"sequenceNumber\":1,\"quantifier\":6.0,\"text\":\"Yes\"}],\"otherOptionResponseText\":null,\"score\":null}'),(1238,2692,8,'{\"options\":[{\"sequenceNumber\":4,\"quantifier\":8.0,\"text\":\"8\"}],\"otherOptionResponseText\":null,\"score\":null}'),(1239,2698,8,'{\"options\":[{\"sequenceNumber\":2,\"quantifier\":3.0,\"text\":\"No\"}],\"otherOptionResponseText\":null,\"score\":null}'),(1240,2699,8,'{\"options\":[{\"sequenceNumber\":1,\"quantifier\":2.0,\"text\":\"2\"}],\"otherOptionResponseText\":null,\"score\":null}'),(1241,2705,8,'{\"options\":[{\"sequenceNumber\":2,\"quantifier\":3.0,\"text\":\"No\"}],\"otherOptionResponseText\":null,\"score\":null}'),(1242,2706,8,'{\"options\":[{\"sequenceNumber\":1,\"quantifier\":2.0,\"text\":\"2\"}],\"otherOptionResponseText\":null,\"score\":null}'),(1243,2712,8,'{\"options\":[{\"sequenceNumber\":1,\"quantifier\":6.0,\"text\":\"Yes\"}],\"otherOptionResponseText\":null,\"score\":null}'),(1244,2713,8,'{\"options\":[{\"sequenceNumber\":2,\"quantifier\":4.0,\"text\":\"4\"}],\"otherOptionResponseText\":null,\"score\":null}'),(1245,2719,8,'{\"options\":[{\"sequenceNumber\":1,\"quantifier\":6.0,\"text\":\"Yes\"}],\"otherOptionResponseText\":null,\"score\":null}'),(1246,2720,8,'{\"options\":[{\"sequenceNumber\":3,\"quantifier\":6.0,\"text\":\"6\"}],\"otherOptionResponseText\":null,\"score\":null}'),(1247,2726,8,'{\"options\":[{\"sequenceNumber\":1,\"quantifier\":6.0,\"text\":\"Yes\"}],\"otherOptionResponseText\":null,\"score\":null}'),(1248,2727,8,'{\"options\":[{\"sequenceNumber\":1,\"quantifier\":2.0,\"text\":\"2\"}],\"otherOptionResponseText\":null,\"score\":null}'),(1249,2733,8,'{\"options\":[{\"sequenceNumber\":1,\"quantifier\":6.0,\"text\":\"Yes\"}],\"otherOptionResponseText\":null,\"score\":null}'),(1250,2734,8,'{\"options\":[{\"sequenceNumber\":4,\"quantifier\":8.0,\"text\":\"8\"}],\"otherOptionResponseText\":null,\"score\":null}'),(1251,2740,8,'{\"options\":[{\"sequenceNumber\":2,\"quantifier\":3.0,\"text\":\"No\"}],\"otherOptionResponseText\":null,\"score\":null}'),(1252,2741,8,'{\"options\":[{\"sequenceNumber\":2,\"quantifier\":4.0,\"text\":\"4\"}],\"otherOptionResponseText\":null,\"score\":null}'),(1253,2747,8,'{\"options\":[{\"sequenceNumber\":1,\"quantifier\":6.0,\"text\":\"Yes\"}],\"otherOptionResponseText\":null,\"score\":null}'),(1254,2748,8,'{\"options\":[{\"sequenceNumber\":3,\"quantifier\":6.0,\"text\":\"6\"}],\"otherOptionResponseText\":null,\"score\":null}'),(1255,2754,8,'{\"options\":[{\"sequenceNumber\":2,\"quantifier\":3.0,\"text\":\"No\"}],\"otherOptionResponseText\":null,\"score\":null}'),(1256,2755,8,'{\"options\":[{\"sequenceNumber\":4,\"quantifier\":8.0,\"text\":\"8\"}],\"otherOptionResponseText\":null,\"score\":null}'),(1257,2761,8,'{\"options\":[{\"sequenceNumber\":1,\"quantifier\":6.0,\"text\":\"Yes\"}],\"otherOptionResponseText\":null,\"score\":null}'),(1258,2762,8,'{\"options\":[{\"sequenceNumber\":3,\"quantifier\":6.0,\"text\":\"6\"}],\"otherOptionResponseText\":null,\"score\":null}'),(1259,2768,8,'{\"options\":[{\"sequenceNumber\":2,\"quantifier\":3.0,\"text\":\"No\"}],\"otherOptionResponseText\":null,\"score\":null}'),(1260,2769,8,'{\"options\":[{\"sequenceNumber\":2,\"quantifier\":4.0,\"text\":\"4\"}],\"otherOptionResponseText\":null,\"score\":null}'),(1261,2775,8,'{\"options\":[{\"sequenceNumber\":1,\"quantifier\":6.0,\"text\":\"Yes\"}],\"otherOptionResponseText\":null,\"score\":null}'),(1262,2776,8,'{\"options\":[{\"sequenceNumber\":1,\"quantifier\":2.0,\"text\":\"2\"}],\"otherOptionResponseText\":null,\"score\":null}'),(1263,2782,8,'{\"options\":[{\"sequenceNumber\":1,\"quantifier\":6.0,\"text\":\"Yes\"}],\"otherOptionResponseText\":null,\"score\":null}'),(1264,2783,8,'{\"options\":[{\"sequenceNumber\":3,\"quantifier\":6.0,\"text\":\"6\"}],\"otherOptionResponseText\":null,\"score\":null}'),(1265,2789,8,'{\"options\":[{\"sequenceNumber\":2,\"quantifier\":3.0,\"text\":\"No\"}],\"otherOptionResponseText\":null,\"score\":null}'),(1266,2790,8,'{\"options\":[{\"sequenceNumber\":1,\"quantifier\":2.0,\"text\":\"2\"}],\"otherOptionResponseText\":null,\"score\":null}'),(1267,2796,8,'{\"options\":[{\"sequenceNumber\":2,\"quantifier\":3.0,\"text\":\"No\"}],\"otherOptionResponseText\":null,\"score\":null}'),(1268,2797,8,'{\"options\":[{\"sequenceNumber\":2,\"quantifier\":4.0,\"text\":\"4\"}],\"otherOptionResponseText\":null,\"score\":null}'),(1269,2803,8,'{\"options\":[{\"sequenceNumber\":2,\"quantifier\":3.0,\"text\":\"No\"}],\"otherOptionResponseText\":null,\"score\":null}'),(1270,2804,8,'{\"options\":[{\"sequenceNumber\":1,\"quantifier\":2.0,\"text\":\"2\"}],\"otherOptionResponseText\":null,\"score\":null}'),(1271,2810,8,'{\"options\":[{\"sequenceNumber\":1,\"quantifier\":6.0,\"text\":\"Yes\"}],\"otherOptionResponseText\":null,\"score\":null}'),(1272,2811,8,'{\"options\":[{\"sequenceNumber\":4,\"quantifier\":8.0,\"text\":\"8\"}],\"otherOptionResponseText\":null,\"score\":null}'),(1273,2818,8,'{\"options\":[{\"sequenceNumber\":2,\"quantifier\":4.0,\"text\":\"4\"}],\"otherOptionResponseText\":null,\"score\":null}'),(1274,2817,8,'{\"options\":[{\"sequenceNumber\":2,\"quantifier\":3.0,\"text\":\"No\"}],\"otherOptionResponseText\":null,\"score\":null}'),(1275,2825,8,'{\"options\":[{\"sequenceNumber\":3,\"quantifier\":6.0,\"text\":\"6\"}],\"otherOptionResponseText\":null,\"score\":null}'),(1276,2824,8,'{\"options\":[{\"sequenceNumber\":1,\"quantifier\":6.0,\"text\":\"Yes\"}],\"otherOptionResponseText\":null,\"score\":null}'),(1277,2831,8,'{\"options\":[{\"sequenceNumber\":1,\"quantifier\":6.0,\"text\":\"Yes\"}],\"otherOptionResponseText\":null,\"score\":null}'),(1278,2832,8,'{\"options\":[{\"sequenceNumber\":3,\"quantifier\":6.0,\"text\":\"6\"}],\"otherOptionResponseText\":null,\"score\":null}'),(1279,2838,8,'{\"options\":[{\"sequenceNumber\":1,\"quantifier\":6.0,\"text\":\"Yes\"}],\"otherOptionResponseText\":null,\"score\":null}'),(1280,2839,8,'{\"options\":[{\"sequenceNumber\":3,\"quantifier\":6.0,\"text\":\"6\"}],\"otherOptionResponseText\":null,\"score\":null}'),(1281,2845,8,'{\"options\":[{\"sequenceNumber\":2,\"quantifier\":3.0,\"text\":\"No\"}],\"otherOptionResponseText\":null,\"score\":null}'),(1282,2846,8,'{\"options\":[{\"sequenceNumber\":1,\"quantifier\":2.0,\"text\":\"2\"}],\"otherOptionResponseText\":null,\"score\":null}'),(1283,2852,8,'{\"options\":[{\"sequenceNumber\":1,\"quantifier\":6.0,\"text\":\"Yes\"}],\"otherOptionResponseText\":null,\"score\":null}'),(1284,2853,8,'{\"options\":[{\"sequenceNumber\":2,\"quantifier\":4.0,\"text\":\"4\"}],\"otherOptionResponseText\":null,\"score\":null}'),(1285,2859,8,'{\"options\":[{\"sequenceNumber\":1,\"quantifier\":6.0,\"text\":\"Yes\"}],\"otherOptionResponseText\":null,\"score\":null}'),(1286,2860,8,'{\"options\":[{\"sequenceNumber\":1,\"quantifier\":2.0,\"text\":\"2\"}],\"otherOptionResponseText\":null,\"score\":null}'),(1287,2866,8,'{\"options\":[{\"sequenceNumber\":2,\"quantifier\":3.0,\"text\":\"No\"}],\"otherOptionResponseText\":null,\"score\":null}'),(1288,2867,8,'{\"options\":[{\"sequenceNumber\":2,\"quantifier\":4.0,\"text\":\"4\"}],\"otherOptionResponseText\":null,\"score\":null}'),(1289,2874,8,'{\"options\":[{\"sequenceNumber\":3,\"quantifier\":6.0,\"text\":\"6\"}],\"otherOptionResponseText\":null,\"score\":null}'),(1290,2873,8,'{\"options\":[{\"sequenceNumber\":1,\"quantifier\":6.0,\"text\":\"Yes\"}],\"otherOptionResponseText\":null,\"score\":null}'),(1291,2880,8,'{\"options\":[{\"sequenceNumber\":1,\"quantifier\":6.0,\"text\":\"Yes\"}],\"otherOptionResponseText\":null,\"score\":null}'),(1292,2881,8,'{\"options\":[{\"sequenceNumber\":1,\"quantifier\":2.0,\"text\":\"2\"}],\"otherOptionResponseText\":null,\"score\":null}'),(1293,2887,8,'{\"options\":[{\"sequenceNumber\":2,\"quantifier\":3.0,\"text\":\"No\"}],\"otherOptionResponseText\":null,\"score\":null}'),(1294,2888,8,'{\"options\":[{\"sequenceNumber\":4,\"quantifier\":8.0,\"text\":\"8\"}],\"otherOptionResponseText\":null,\"score\":null}'),(1295,2894,8,'{\"options\":[{\"sequenceNumber\":1,\"quantifier\":6.0,\"text\":\"Yes\"}],\"otherOptionResponseText\":null,\"score\":null}'),(1296,2895,8,'{\"options\":[{\"sequenceNumber\":1,\"quantifier\":2.0,\"text\":\"2\"}],\"otherOptionResponseText\":null,\"score\":null}'),(1297,2901,8,'{\"options\":[{\"sequenceNumber\":1,\"quantifier\":6.0,\"text\":\"Yes\"}],\"otherOptionResponseText\":null,\"score\":null}'),(1298,2902,8,'{\"options\":[{\"sequenceNumber\":1,\"quantifier\":2.0,\"text\":\"2\"}],\"otherOptionResponseText\":null,\"score\":null}'),(1299,2655,8,'{\"options\":[{\"sequenceNumber\":3,\"quantifier\":6.0,\"text\":\"16\"}],\"otherOptionResponseText\":null,\"score\":null}'),(1300,2662,8,'{\"options\":[{\"sequenceNumber\":2,\"quantifier\":4.0,\"text\":\"8\"}],\"otherOptionResponseText\":null,\"score\":null}'),(1301,2669,8,'{\"options\":[{\"sequenceNumber\":5,\"quantifier\":9.0,\"text\":\"64\"}],\"otherOptionResponseText\":null,\"score\":null}'),(1302,2676,8,'{\"options\":[{\"sequenceNumber\":5,\"quantifier\":9.0,\"text\":\"64\"}],\"otherOptionResponseText\":null,\"score\":null}'),(1303,2683,8,'{\"options\":[{\"sequenceNumber\":3,\"quantifier\":6.0,\"text\":\"16\"}],\"otherOptionResponseText\":null,\"score\":null}'),(1304,2690,8,'{\"options\":[{\"sequenceNumber\":2,\"quantifier\":4.0,\"text\":\"8\"}],\"otherOptionResponseText\":null,\"score\":null}'),(1305,2697,8,'{\"options\":[{\"sequenceNumber\":1,\"quantifier\":2.0,\"text\":\"4\"}],\"otherOptionResponseText\":null,\"score\":null}'),(1306,2704,8,'{\"options\":[{\"sequenceNumber\":1,\"quantifier\":2.0,\"text\":\"4\"}],\"otherOptionResponseText\":null,\"score\":null}'),(1307,2711,8,'{\"options\":[{\"sequenceNumber\":1,\"quantifier\":2.0,\"text\":\"4\"}],\"otherOptionResponseText\":null,\"score\":null}'),(1308,2718,8,'{\"options\":[{\"sequenceNumber\":1,\"quantifier\":2.0,\"text\":\"4\"}],\"otherOptionResponseText\":null,\"score\":null}'),(1309,2725,8,'{\"options\":[{\"sequenceNumber\":2,\"quantifier\":4.0,\"text\":\"8\"}],\"otherOptionResponseText\":null,\"score\":null}'),(1310,2732,8,'{\"options\":[{\"sequenceNumber\":3,\"quantifier\":6.0,\"text\":\"16\"}],\"otherOptionResponseText\":null,\"score\":null}'),(1311,2739,8,'{\"options\":[{\"sequenceNumber\":3,\"quantifier\":6.0,\"text\":\"16\"}],\"otherOptionResponseText\":null,\"score\":null}'),(1312,2746,8,'{\"options\":[{\"sequenceNumber\":2,\"quantifier\":4.0,\"text\":\"8\"}],\"otherOptionResponseText\":null,\"score\":null}'),(1313,2753,8,'{\"options\":[{\"sequenceNumber\":3,\"quantifier\":6.0,\"text\":\"16\"}],\"otherOptionResponseText\":null,\"score\":null}'),(1314,2760,8,'{\"options\":[{\"sequenceNumber\":2,\"quantifier\":4.0,\"text\":\"8\"}],\"otherOptionResponseText\":null,\"score\":null}'),(1315,2767,8,'{\"options\":[{\"sequenceNumber\":4,\"quantifier\":8.0,\"text\":\"32\"}],\"otherOptionResponseText\":null,\"score\":null}'),(1316,2774,8,'{\"options\":[{\"sequenceNumber\":3,\"quantifier\":6.0,\"text\":\"16\"}],\"otherOptionResponseText\":null,\"score\":null}'),(1317,2781,8,'{\"options\":[{\"sequenceNumber\":2,\"quantifier\":4.0,\"text\":\"8\"}],\"otherOptionResponseText\":null,\"score\":null}'),(1318,2788,8,'{\"options\":[{\"sequenceNumber\":1,\"quantifier\":2.0,\"text\":\"4\"}],\"otherOptionResponseText\":null,\"score\":null}'),(1319,2795,8,'{\"options\":[{\"sequenceNumber\":3,\"quantifier\":6.0,\"text\":\"16\"}],\"otherOptionResponseText\":null,\"score\":null}'),(1320,2802,8,'{\"options\":[{\"sequenceNumber\":3,\"quantifier\":6.0,\"text\":\"16\"}],\"otherOptionResponseText\":null,\"score\":null}'),(1321,2809,8,'{\"options\":[{\"sequenceNumber\":1,\"quantifier\":2.0,\"text\":\"4\"}],\"otherOptionResponseText\":null,\"score\":null}'),(1322,2816,8,'{\"options\":[{\"sequenceNumber\":1,\"quantifier\":2.0,\"text\":\"4\"}],\"otherOptionResponseText\":null,\"score\":null}'),(1323,2823,8,'{\"options\":[{\"sequenceNumber\":3,\"quantifier\":6.0,\"text\":\"16\"}],\"otherOptionResponseText\":null,\"score\":null}'),(1324,2830,8,'{\"options\":[{\"sequenceNumber\":4,\"quantifier\":8.0,\"text\":\"32\"}],\"otherOptionResponseText\":null,\"score\":null}'),(1325,2837,8,'{\"options\":[{\"sequenceNumber\":4,\"quantifier\":8.0,\"text\":\"32\"}],\"otherOptionResponseText\":null,\"score\":null}'),(1326,2844,8,'{\"options\":[{\"sequenceNumber\":2,\"quantifier\":4.0,\"text\":\"8\"}],\"otherOptionResponseText\":null,\"score\":null}'),(1327,2851,8,'{\"options\":[{\"sequenceNumber\":3,\"quantifier\":6.0,\"text\":\"16\"}],\"otherOptionResponseText\":null,\"score\":null}'),(1328,2858,8,'{\"options\":[{\"sequenceNumber\":5,\"quantifier\":9.0,\"text\":\"64\"}],\"otherOptionResponseText\":null,\"score\":null}'),(1329,2865,8,'{\"options\":[{\"sequenceNumber\":4,\"quantifier\":8.0,\"text\":\"32\"}],\"otherOptionResponseText\":null,\"score\":null}'),(1330,2872,8,'{\"options\":[{\"sequenceNumber\":1,\"quantifier\":2.0,\"text\":\"4\"}],\"otherOptionResponseText\":null,\"score\":null}'),(1331,2879,8,'{\"options\":[{\"sequenceNumber\":1,\"quantifier\":2.0,\"text\":\"4\"}],\"otherOptionResponseText\":null,\"score\":null}'),(1332,2886,8,'{\"options\":[{\"sequenceNumber\":2,\"quantifier\":4.0,\"text\":\"8\"}],\"otherOptionResponseText\":null,\"score\":null}'),(1333,2893,8,'{\"options\":[{\"sequenceNumber\":3,\"quantifier\":6.0,\"text\":\"16\"}],\"otherOptionResponseText\":null,\"score\":null}'),(1334,2900,8,'{\"options\":[{\"sequenceNumber\":4,\"quantifier\":8.0,\"text\":\"32\"}],\"otherOptionResponseText\":null,\"score\":null}'),(1335,2651,8,'{\"options\":[{\"sequenceNumber\":3,\"quantifier\":3.0,\"text\":\"Oracle Solaris OS\"}],\"otherOptionResponseText\":null,\"score\":null}'),(1336,2658,8,'{\"options\":[{\"sequenceNumber\":2,\"quantifier\":4.0,\"text\":\"RHEL 7\"}],\"otherOptionResponseText\":null,\"score\":null}'),(1337,2665,8,'{\"options\":[{\"sequenceNumber\":1,\"quantifier\":2.0,\"text\":\"RHEL 5\"}],\"otherOptionResponseText\":null,\"score\":null}'),(1338,2672,8,'{\"options\":[{\"sequenceNumber\":5,\"quantifier\":3.0,\"text\":\"Windows Server 2012\"}],\"otherOptionResponseText\":null,\"score\":null}'),(1339,2679,8,'{\"options\":[{\"sequenceNumber\":4,\"quantifier\":3.0,\"text\":\"Windows Server 2008 R2\"}],\"otherOptionResponseText\":null,\"score\":null}'),(1340,2686,8,'{\"options\":[{\"sequenceNumber\":4,\"quantifier\":3.0,\"text\":\"Windows Server 2008 R2\"}],\"otherOptionResponseText\":null,\"score\":null}'),(1341,2693,8,'{\"options\":[{\"sequenceNumber\":2,\"quantifier\":4.0,\"text\":\"RHEL 7\"}],\"otherOptionResponseText\":null,\"score\":null}'),(1342,2700,8,'{\"options\":[{\"sequenceNumber\":4,\"quantifier\":3.0,\"text\":\"Windows Server 2008 R2\"}],\"otherOptionResponseText\":null,\"score\":null}'),(1343,2707,8,'{\"options\":[{\"sequenceNumber\":5,\"quantifier\":3.0,\"text\":\"Windows Server 2012\"}],\"otherOptionResponseText\":null,\"score\":null}'),(1344,2714,8,'{\"options\":[{\"sequenceNumber\":1,\"quantifier\":2.0,\"text\":\"RHEL 5\"}],\"otherOptionResponseText\":null,\"score\":null}'),(1345,2721,8,'{\"options\":[{\"sequenceNumber\":1,\"quantifier\":2.0,\"text\":\"RHEL 5\"}],\"otherOptionResponseText\":null,\"score\":null}'),(1346,2728,8,'{\"options\":[{\"sequenceNumber\":2,\"quantifier\":4.0,\"text\":\"RHEL 7\"}],\"otherOptionResponseText\":null,\"score\":null}'),(1347,2735,8,'{\"options\":[{\"sequenceNumber\":1,\"quantifier\":2.0,\"text\":\"RHEL 5\"}],\"otherOptionResponseText\":null,\"score\":null}'),(1348,2742,8,'{\"options\":[{\"sequenceNumber\":2,\"quantifier\":4.0,\"text\":\"RHEL 7\"}],\"otherOptionResponseText\":null,\"score\":null}'),(1349,2749,8,'{\"options\":[{\"sequenceNumber\":4,\"quantifier\":3.0,\"text\":\"Windows Server 2008 R2\"}],\"otherOptionResponseText\":null,\"score\":null}'),(1350,2756,8,'{\"options\":[{\"sequenceNumber\":5,\"quantifier\":3.0,\"text\":\"Windows Server 2012\"}],\"otherOptionResponseText\":null,\"score\":null}'),(1351,2763,8,'{\"options\":[{\"sequenceNumber\":3,\"quantifier\":3.0,\"text\":\"Oracle Solaris OS\"}],\"otherOptionResponseText\":null,\"score\":null}'),(1352,2770,8,'{\"options\":[{\"sequenceNumber\":2,\"quantifier\":4.0,\"text\":\"RHEL 7\"}],\"otherOptionResponseText\":null,\"score\":null}'),(1353,2777,8,'{\"options\":[{\"sequenceNumber\":4,\"quantifier\":3.0,\"text\":\"Windows Server 2008 R2\"}],\"otherOptionResponseText\":null,\"score\":null}'),(1354,2784,8,'{\"options\":[{\"sequenceNumber\":5,\"quantifier\":3.0,\"text\":\"Windows Server 2012\"}],\"otherOptionResponseText\":null,\"score\":null}'),(1355,2791,8,'{\"options\":[{\"sequenceNumber\":1,\"quantifier\":2.0,\"text\":\"RHEL 5\"}],\"otherOptionResponseText\":null,\"score\":null}'),(1356,2798,8,'{\"options\":[{\"sequenceNumber\":1,\"quantifier\":2.0,\"text\":\"RHEL 5\"}],\"otherOptionResponseText\":null,\"score\":null}'),(1357,2805,8,'{\"options\":[{\"sequenceNumber\":1,\"quantifier\":2.0,\"text\":\"RHEL 5\"}],\"otherOptionResponseText\":null,\"score\":null}'),(1358,2812,8,'{\"options\":[{\"sequenceNumber\":2,\"quantifier\":4.0,\"text\":\"RHEL 7\"}],\"otherOptionResponseText\":null,\"score\":null}'),(1359,2819,8,'{\"options\":[{\"sequenceNumber\":1,\"quantifier\":2.0,\"text\":\"RHEL 5\"}],\"otherOptionResponseText\":null,\"score\":null}'),(1360,2826,8,'{\"options\":[{\"sequenceNumber\":1,\"quantifier\":2.0,\"text\":\"RHEL 5\"}],\"otherOptionResponseText\":null,\"score\":null}'),(1361,2833,8,'{\"options\":[{\"sequenceNumber\":1,\"quantifier\":2.0,\"text\":\"RHEL 5\"}],\"otherOptionResponseText\":null,\"score\":null}'),(1362,2840,8,'{\"options\":[{\"sequenceNumber\":4,\"quantifier\":3.0,\"text\":\"Windows Server 2008 R2\"}],\"otherOptionResponseText\":null,\"score\":null}'),(1363,2847,8,'{\"options\":[{\"sequenceNumber\":5,\"quantifier\":3.0,\"text\":\"Windows Server 2012\"}],\"otherOptionResponseText\":null,\"score\":null}'),(1364,2854,8,'{\"options\":[{\"sequenceNumber\":4,\"quantifier\":3.0,\"text\":\"Windows Server 2008 R2\"}],\"otherOptionResponseText\":null,\"score\":null}'),(1365,2861,8,'{\"options\":[{\"sequenceNumber\":3,\"quantifier\":3.0,\"text\":\"Oracle Solaris OS\"}],\"otherOptionResponseText\":null,\"score\":null}'),(1366,2868,8,'{\"options\":[{\"sequenceNumber\":2,\"quantifier\":4.0,\"text\":\"RHEL 7\"}],\"otherOptionResponseText\":null,\"score\":null}'),(1367,2875,8,'{\"options\":[{\"sequenceNumber\":1,\"quantifier\":2.0,\"text\":\"RHEL 5\"}],\"otherOptionResponseText\":null,\"score\":null}'),(1368,2882,8,'{\"options\":[{\"sequenceNumber\":1,\"quantifier\":2.0,\"text\":\"RHEL 5\"}],\"otherOptionResponseText\":null,\"score\":null}'),(1369,2889,8,'{\"options\":[{\"sequenceNumber\":1,\"quantifier\":2.0,\"text\":\"RHEL 5\"}],\"otherOptionResponseText\":null,\"score\":null}'),(1370,2896,8,'{\"options\":[{\"sequenceNumber\":3,\"quantifier\":3.0,\"text\":\"Oracle Solaris OS\"}],\"otherOptionResponseText\":null,\"score\":null}'),(1371,2903,8,'{\"options\":[{\"sequenceNumber\":3,\"quantifier\":3.0,\"text\":\"Oracle Solaris OS\"}],\"otherOptionResponseText\":null,\"score\":null}'),(1372,3673,9,'{\"responseParaText\":\"Hello test123\",\"score\":null}'),(1373,3674,9,'{\"options\":[{\"sequenceNumber\":1,\"quantifier\":1.0,\"text\":\"Yes\"}],\"otherOptionResponseText\":null,\"score\":null}'),(1374,3676,9,'{\"options\":[{\"sequenceNumber\":4,\"quantifier\":1.5,\"text\":\"Others\"}],\"otherOptionResponseText\":null,\"score\":null}'),(1375,3679,9,'{\"options\":[{\"sequenceNumber\":3,\"quantifier\":5.0,\"text\":\"3-5\"}],\"otherOptionResponseText\":null,\"score\":null}'),(1376,3680,9,'{\"options\":[{\"sequenceNumber\":2,\"quantifier\":3.0,\"text\":\"No\"}],\"otherOptionResponseText\":null,\"score\":null}'),(1377,3681,9,'{\"responseParaText\":\"Hi Test\",\"score\":123.0}'),(1378,3675,9,'{\"options\":[{\"sequenceNumber\":2,\"quantifier\":3.0,\"text\":\"Hands-on support to some of the production activities like generating MIS reports\"},{\"sequenceNumber\":3,\"quantifier\":2.0,\"text\":\"batch execution\"}]}'),(1379,3677,9,'{\"options\":[{\"sequenceNumber\":2,\"quantifier\":3.0,\"text\":\"Core functionality implemented\"}],\"otherOptionResponseText\":null,\"score\":null}'),(1380,3678,9,'{\"options\":[{\"sequenceNumber\":2,\"quantifier\":2.0,\"text\":\"Test 2\"}],\"otherOptionResponseText\":null,\"score\":null}');
/*!40000 ALTER TABLE `response_data` ENABLE KEYS */;
UNLOCK TABLES;

--
-- Table structure for table `role`
--

DROP TABLE IF EXISTS `role`;
/*!40101 SET @saved_cs_client     = @@character_set_client */;
/*!40101 SET character_set_client = utf8 */;
CREATE TABLE `role` (
  `id` int(11) NOT NULL AUTO_INCREMENT,
  `roleName` varchar(45) NOT NULL,
  `roleDescription` varchar(500) DEFAULT NULL,
  PRIMARY KEY (`id`)
) ENGINE=InnoDB AUTO_INCREMENT=15 DEFAULT CHARSET=latin1;
/*!40101 SET character_set_client = @saved_cs_client */;

--
-- Dumping data for table `role`
--

LOCK TABLES `role` WRITE;
/*!40000 ALTER TABLE `role` DISABLE KEYS */;
INSERT INTO `role` VALUES (11,'ROLE_APP_USER',NULL),(12,'ROLE_APP_ADMIN',NULL),(13,'ROLE_CONSULTANT',NULL),(14,'ROLE_CUSTOMER',NULL);
/*!40000 ALTER TABLE `role` ENABLE KEYS */;
UNLOCK TABLES;

--
-- Table structure for table `role_permission`
--

DROP TABLE IF EXISTS `role_permission`;
/*!40101 SET @saved_cs_client     = @@character_set_client */;
/*!40101 SET character_set_client = utf8 */;
CREATE TABLE `role_permission` (
  `ID` int(11) NOT NULL AUTO_INCREMENT,
  `permissionname` varchar(45) NOT NULL,
  `roleid` int(11) NOT NULL,
  PRIMARY KEY (`ID`),
  UNIQUE KEY `UK_ROLE_PERMISSION` (`permissionname`,`roleid`),
  KEY `FK_ROLEPERM_ROLEID_idx` (`roleid`),
  CONSTRAINT `FK_ROLEPERM_ROLEID` FOREIGN KEY (`roleid`) REFERENCES `role` (`id`) ON DELETE NO ACTION ON UPDATE NO ACTION
) ENGINE=InnoDB AUTO_INCREMENT=368 DEFAULT CHARSET=latin1;
/*!40101 SET character_set_client = @saved_cs_client */;

--
-- Dumping data for table `role_permission`
--

LOCK TABLES `role_permission` WRITE;
/*!40000 ALTER TABLE `role_permission` DISABLE KEYS */;
INSERT INTO `role_permission` VALUES (358,'APP_LOGIN',11),(93,'APP_LOGIN',12),(135,'APP_LOGIN',13),(271,'APP_LOGIN',14),(357,'ASSET_FILLDETAILS',11),(90,'ASSET_FILLDETAILS',12),(125,'ASSET_FILLDETAILS',13),(264,'ASSET_FILLDETAILS',14),(91,'QUESTIONNAIRE_MODIFY',12),(124,'QUESTIONNAIRE_MODIFY',13),(362,'QUESTIONNAIRE_RESPOND',11),(100,'QUESTIONNAIRE_RESPOND',12),(133,'QUESTIONNAIRE_RESPOND',13),(268,'QUESTIONNAIRE_RESPOND',14),(360,'QUESTIONNAIRE_VIEW',11),(103,'QUESTIONNAIRE_VIEW',12),(123,'QUESTIONNAIRE_VIEW',13),(272,'QUESTIONNAIRE_VIEW',14),(97,'QUESTION_MODIFY',12),(127,'QUESTION_MODIFY',13),(365,'QUESTION_VIEW',11),(95,'QUESTION_VIEW',12),(130,'QUESTION_VIEW',13),(274,'QUESTION_VIEW',14),(359,'REPORT_ASSET_GRAPH',11),(88,'REPORT_ASSET_GRAPH',12),(134,'REPORT_ASSET_GRAPH',13),(265,'REPORT_ASSET_GRAPH',14),(366,'REPORT_FACET_GRAPH',11),(102,'REPORT_FACET_GRAPH',12),(121,'REPORT_FACET_GRAPH',13),(269,'REPORT_FACET_GRAPH',14),(367,'REPORT_SCATTER_GRAPH',11),(87,'REPORT_SCATTER_GRAPH',12),(131,'REPORT_SCATTER_GRAPH',13),(266,'REPORT_SCATTER_GRAPH',14),(104,'TEMPLATE_MODIFY',12),(128,'TEMPLATE_MODIFY',13),(364,'TEMPLATE_VIEW',11),(85,'TEMPLATE_VIEW',12),(129,'TEMPLATE_VIEW',13),(273,'TEMPLATE_VIEW',14),(101,'USER_MODIFY',12),(86,'USER_ROLE_MODIFY',12),(99,'USER_ROLE_VIEW',12),(89,'USER_VIEW',12),(96,'WORKSPACES_MODIFY',12),(98,'WORKSPACES_MODIFY_DASHBOARD',12),(122,'WORKSPACES_MODIFY_DASHBOARD',13),(363,'WORKSPACES_VIEW',11),(92,'WORKSPACES_VIEW',12),(132,'WORKSPACES_VIEW',13),(267,'WORKSPACES_VIEW',14),(361,'WORKSPACES_VIEW_DASHBOARD',11),(94,'WORKSPACES_VIEW_DASHBOARD',12),(126,'WORKSPACES_VIEW_DASHBOARD',13),(270,'WORKSPACES_VIEW_DASHBOARD',14);
/*!40000 ALTER TABLE `role_permission` ENABLE KEYS */;
UNLOCK TABLES;

--
-- Table structure for table `user`
--

DROP TABLE IF EXISTS `user`;
/*!40101 SET @saved_cs_client     = @@character_set_client */;
/*!40101 SET character_set_client = utf8 */;
CREATE TABLE `user` (
  `id` int(11) NOT NULL AUTO_INCREMENT,
  `firstName` varchar(45) NOT NULL,
  `lastName` varchar(45) NOT NULL,
  `emailAddress` varchar(45) NOT NULL,
  `password` varchar(60) NOT NULL,
  `deleteStatus` tinyint(1) NOT NULL DEFAULT '0',
  `accountExpired` tinyint(1) NOT NULL DEFAULT '0',
  `accountLocked` tinyint(1) NOT NULL DEFAULT '0',
  `credentialExpired` tinyint(1) NOT NULL DEFAULT '0',
  `accountEnabled` tinyint(1) NOT NULL DEFAULT '0',
  `createdBy` int(11) NOT NULL,
  `createdDate` timestamp NOT NULL DEFAULT CURRENT_TIMESTAMP ON UPDATE CURRENT_TIMESTAMP,
  `updatedBy` int(11) NOT NULL,
  `updatedDate` timestamp NOT NULL DEFAULT CURRENT_TIMESTAMP ON UPDATE CURRENT_TIMESTAMP,
  PRIMARY KEY (`id`),
  UNIQUE KEY `emailAddress_UNIQUE` (`emailAddress`),
  UNIQUE KEY `UK_t40ack6c3x1y4m2nhaju018jg` (`emailAddress`)
) ENGINE=InnoDB AUTO_INCREMENT=12 DEFAULT CHARSET=latin1;
/*!40101 SET character_set_client = @saved_cs_client */;

--
-- Dumping data for table `user`
--

LOCK TABLES `user` WRITE;
/*!40000 ALTER TABLE `user` DISABLE KEYS */;
INSERT INTO `user` VALUES (1,'System','System','thirdeye-system@birlasoft.com','b!rl@s0fT',0,1,1,0,0,-1,'2015-08-13 10:29:36',-1,'2015-08-13 10:29:36'),(2,'Dharmender','Kapoor','dharmender.k@birlasoft.com','$2a$10$2E3ud9YmM9U4EAcJd16lmusYswSzmx5DGhQ3tk6L9g4A/5eyvxCpO',0,0,0,0,0,1,'2015-10-28 13:08:20',3,'2015-10-28 13:08:20'),(3,'Samar','Gupta','samar.gupta@birlasoft.com','$2a$10$B34phJ0K3mXpfoR9a3NbiO1kLwn5YFZkQg8X0cgz7dylpGHP5KRhO',0,0,0,0,0,2,'2015-10-28 13:14:08',2,'2015-11-19 05:52:02'),(4,'SwissRe','Demo','swissre@birlasoft.com','$2a$10$2E3ud9YmM9U4EAcJd16lmusYswSzmx5DGhQ3tk6L9g4A/5eyvxCpO',0,0,0,0,0,2,'2015-10-28 13:14:09',2,'2015-10-28 13:14:09'),(5,'Vamsi ','Ayyagari','vamsi.ayyagari@birlasoft.com','$2a$10$2E3ud9YmM9U4EAcJd16lmusYswSzmx5DGhQ3tk6L9g4A/5eyvxCpO',0,0,0,0,0,2,'2015-10-28 13:14:09',2,'2015-10-28 13:14:09'),(6,'Nitin ','Jindal','nitin.jindal@birlasoft.com','$2a$10$2E3ud9YmM9U4EAcJd16lmusYswSzmx5DGhQ3tk6L9g4A/5eyvxCpO',0,0,0,0,0,2,'2015-10-28 13:14:09',2,'2015-10-28 13:14:09'),(7,'Raj','Mishra','raj.mishra@birlasoft.com','$2a$10$qXMfwPzBWg1FE7Gn3tC8cun/KksPjblVA1hAyy3jv0OnUycZfSfDu',0,0,0,0,0,2,'2015-10-28 13:19:57',2,'2015-10-29 06:56:22'),(8,'Demo','1','demo-1@birlasoft.com','$2a$10$2E3ud9YmM9U4EAcJd16lmusYswSzmx5DGhQ3tk6L9g4A/5eyvxCpO',0,0,0,0,0,2,'2015-10-28 13:14:09',2,'2015-11-19 04:36:13'),(9,'Tej','Sarup','tej.sarup@birlasoft.com','$2a$10$2E3ud9YmM9U4EAcJd16lmusYswSzmx5DGhQ3tk6L9g4A/5eyvxCpO',0,0,0,0,0,2,'2015-10-28 13:14:09',2,'2015-11-19 04:33:20'),(10,'Vijay','Singh','vijay.singh@birlasoft.com','$2a$10$uz8Dsd3nzU2ACz2zIj7pG.KqHM1Z7g5m83mkvtWwYI8JLj6.xLjhy',1,0,0,0,0,2,'2015-11-16 11:49:29',2,'2015-11-16 11:49:29'),(11,'Nitin','Mishra','nitin.mishra@birlasoft.com','$2a$10$5i19ncLRe7aWb9O5LQ4FHe6htnlZJxvo1BqqTzzesD/SBFVWtqDIG',1,0,0,0,0,2,'2015-11-19 06:07:50',2,'2015-11-19 06:08:45');
/*!40000 ALTER TABLE `user` ENABLE KEYS */;
UNLOCK TABLES;

--
-- Table structure for table `user_role`
--

DROP TABLE IF EXISTS `user_role`;
/*!40101 SET @saved_cs_client     = @@character_set_client */;
/*!40101 SET character_set_client = utf8 */;
CREATE TABLE `user_role` (
  `id` int(11) NOT NULL AUTO_INCREMENT,
  `userId` int(11) NOT NULL,
  `roleId` int(11) NOT NULL,
  PRIMARY KEY (`id`),
  UNIQUE KEY `user_role_unique` (`userId`,`roleId`),
  KEY `roleIdFk_idx` (`roleId`),
  KEY `userIdFk_idx` (`userId`),
  CONSTRAINT `roleIdFk` FOREIGN KEY (`roleId`) REFERENCES `role` (`id`) ON DELETE CASCADE ON UPDATE NO ACTION,
  CONSTRAINT `userIdFk` FOREIGN KEY (`userId`) REFERENCES `user` (`id`) ON DELETE CASCADE ON UPDATE NO ACTION
) ENGINE=InnoDB AUTO_INCREMENT=48 DEFAULT CHARSET=latin1;
/*!40101 SET character_set_client = @saved_cs_client */;

--
-- Dumping data for table `user_role`
--

LOCK TABLES `user_role` WRITE;
/*!40000 ALTER TABLE `user_role` DISABLE KEYS */;
INSERT INTO `user_role` VALUES (9,2,11),(10,2,12),(38,3,11),(39,3,12),(11,4,13),(14,5,13),(13,6,13),(23,7,11),(24,7,13),(36,8,14),(33,9,12),(25,10,11),(26,10,14),(46,11,11),(47,11,14);
/*!40000 ALTER TABLE `user_role` ENABLE KEYS */;
UNLOCK TABLES;

--
-- Table structure for table `user_workspace`
--

DROP TABLE IF EXISTS `user_workspace`;
/*!40101 SET @saved_cs_client     = @@character_set_client */;
/*!40101 SET character_set_client = utf8 */;
CREATE TABLE `user_workspace` (
  `id` int(11) NOT NULL AUTO_INCREMENT,
  `userId` int(11) NOT NULL,
  `workspaceId` int(11) NOT NULL,
  PRIMARY KEY (`id`),
  UNIQUE KEY `UNIQ_USER_WORKSPACE` (`userId`,`workspaceId`),
  KEY `FK_WORKSPACEID_WORKSPACEID_JOIN_idx` (`workspaceId`),
  CONSTRAINT `FK_USERID_USERID_JOIN` FOREIGN KEY (`userId`) REFERENCES `user` (`id`) ON DELETE CASCADE ON UPDATE NO ACTION,
  CONSTRAINT `FK_WORKSPACEID_WORKSPACEID_JOIN` FOREIGN KEY (`workspaceId`) REFERENCES `workspace` (`id`) ON DELETE CASCADE ON UPDATE NO ACTION
) ENGINE=InnoDB AUTO_INCREMENT=26 DEFAULT CHARSET=latin1;
/*!40101 SET character_set_client = @saved_cs_client */;

--
-- Dumping data for table `user_workspace`
--

LOCK TABLES `user_workspace` WRITE;
/*!40000 ALTER TABLE `user_workspace` DISABLE KEYS */;
INSERT INTO `user_workspace` VALUES (4,2,1),(3,2,4),(6,2,5),(14,2,15),(10,3,5),(9,3,6),(16,3,11),(15,3,15),(18,3,17),(20,3,18),(21,3,19),(24,3,20),(5,4,5),(7,5,6),(19,5,17),(23,5,20),(8,6,6),(13,7,4),(17,7,11),(22,7,20),(11,8,5),(25,8,20),(12,9,5);
/*!40000 ALTER TABLE `user_workspace` ENABLE KEYS */;
UNLOCK TABLES;

--
-- Table structure for table `widget`
--

DROP TABLE IF EXISTS `widget`;
/*!40101 SET @saved_cs_client     = @@character_set_client */;
/*!40101 SET character_set_client = utf8 */;
CREATE TABLE `widget` (
  `id` int(11) NOT NULL AUTO_INCREMENT,
  `widgetType` varchar(20) NOT NULL,
  `dashboardId` int(11) NOT NULL,
  `sequenceNumber` int(11) NOT NULL,
  `widgetConfig` varchar(500) NOT NULL,
  PRIMARY KEY (`id`),
  KEY `FK_WIDGET_DASHBOARD_idx` (`dashboardId`),
  CONSTRAINT `FK_WIDGET_DASHBOARD` FOREIGN KEY (`dashboardId`) REFERENCES `dashboard` (`id`) ON DELETE NO ACTION ON UPDATE NO ACTION
) ENGINE=InnoDB AUTO_INCREMENT=47 DEFAULT CHARSET=latin1;
/*!40101 SET character_set_client = @saved_cs_client */;

--
-- Dumping data for table `widget`
--

LOCK TABLES `widget` WRITE;
/*!40000 ALTER TABLE `widget` DISABLE KEYS */;
INSERT INTO `widget` VALUES (15,'FACETGRAPH',4,1,''),(16,'FACETGRAPH',4,2,''),(17,'FACETGRAPH',4,3,'{\"id\":17,\"width\":0,\"height\":0,\"title\":\"test 3\",\"questionnaireId\":23,\"questionId\":88,\"graphType\":\"pie\"}'),(18,'FACETGRAPH',1,3,'{\"id\":18,\"width\":0,\"height\":0,\"title\":\"Business Function report\",\"questionnaireId\":23,\"questionId\":86,\"graphType\":\"bar\"}'),(19,'FACETGRAPH',5,1,'{\"id\":19,\"width\":0,\"height\":0,\"title\":\"Functionality\",\"questionnaireId\":23,\"questionId\":88,\"graphType\":\"bar\"}'),(20,'FACETGRAPH',5,2,'{\"id\":20,\"width\":0,\"height\":0,\"title\":\"Now I start showing off\",\"questionnaireId\":23,\"questionId\":110,\"graphType\":\"pie\"}'),(21,'FACETGRAPH',5,3,'{\"id\":21,\"width\":0,\"height\":0,\"title\":\"Another on\",\"questionnaireId\":23,\"questionId\":104,\"graphType\":\"pie\"}'),(22,'FACETGRAPH',1,2,'{\"id\":22,\"width\":0,\"height\":0,\"title\":\"FN split\",\"questionnaireId\":23,\"questionId\":88,\"graphType\":\"bar\"}'),(23,'FACETGRAPH',1,3,'{\"id\":23,\"width\":0,\"height\":0,\"title\":\"vamsi ke liye\",\"questionnaireId\":23,\"questionId\":95,\"graphType\":\"pie\"}'),(24,'FACETGRAPH',1,4,'{\"id\":24,\"width\":0,\"height\":0,\"title\":\"amit\",\"questionnaireId\":23,\"questionId\":110,\"graphType\":\"bar\"}'),(31,'FACETGRAPH',6,1,'{\"id\":31,\"width\":0,\"height\":0,\"title\":\"Geo Spread\",\"questionnaireId\":29,\"questionId\":121,\"paramId\":0,\"graphType\":\"bar\"}'),(32,'FACETGRAPH',6,2,'{\"id\":32,\"width\":0,\"height\":0,\"title\":\"GEO Spread %\",\"questionnaireId\":29,\"questionId\":121,\"paramId\":0,\"graphType\":\"pie\"}'),(33,'FACETGRAPH',7,1,'{\"id\":33,\"width\":0,\"height\":0,\"title\":\"COTS and Custom Apps\",\"questionnaireId\":29,\"questionId\":117,\"paramId\":0,\"graphType\":\"bar\"}'),(34,'FACETGRAPH',7,2,'{\"id\":34,\"width\":0,\"height\":0,\"title\":\"Business Function\",\"questionnaireId\":29,\"questionId\":124,\"paramId\":0,\"graphType\":\"bar\"}'),(35,'FACETGRAPH',7,3,'{\"id\":35,\"width\":0,\"height\":0,\"title\":\"Business Lines Application Spread\",\"questionnaireId\":29,\"questionId\":122,\"paramId\":0,\"graphType\":\"pie\"}'),(36,'FACETGRAPH',8,1,'{\"id\":36,\"width\":0,\"height\":0,\"title\":\"TCO Across Business Function\",\"questionnaireId\":29,\"questionId\":124,\"paramId\":92,\"graphType\":\"bar\"}'),(37,'FACETGRAPH',8,2,'{\"id\":37,\"width\":0,\"height\":0,\"title\":\"TCO Across Business Function %\",\"questionnaireId\":29,\"questionId\":124,\"paramId\":92,\"graphType\":\"pie\"}'),(39,'FACETGRAPH',7,4,'{\"id\":39,\"width\":0,\"height\":0,\"title\":\"Application Spread by technology\",\"questionnaireId\":29,\"questionId\":120,\"paramId\":0,\"graphType\":\"bar\"}'),(40,'FACETGRAPH',9,1,'{\"id\":40,\"width\":0,\"height\":0,\"title\":\"Server Vendors\",\"questionnaireId\":33,\"questionId\":130,\"paramId\":0,\"graphType\":\"bar\"}'),(41,'FACETGRAPH',9,2,'{\"id\":41,\"width\":0,\"height\":0,\"title\":\"Server Operating System\",\"questionnaireId\":33,\"questionId\":131,\"paramId\":0,\"graphType\":\"bar\"}'),(42,'FACETGRAPH',9,3,'{\"id\":42,\"width\":0,\"height\":0,\"title\":\"Virtualization Status\",\"questionnaireId\":33,\"questionId\":136,\"paramId\":0,\"graphType\":\"pie\"}'),(43,'FACETGRAPH',9,4,'{\"id\":43,\"width\":0,\"height\":0,\"title\":\"Server Cores\",\"questionnaireId\":33,\"questionId\":132,\"paramId\":0,\"graphType\":\"bar\"}'),(44,'FACETGRAPH',9,5,'{\"id\":44,\"width\":0,\"height\":0,\"title\":\"Hard Drive Configuration\",\"questionnaireId\":33,\"questionId\":134,\"paramId\":0,\"graphType\":\"pie\"}'),(45,'FACETGRAPH',9,6,'{\"id\":45,\"width\":0,\"height\":0,\"title\":\"Environment Support\",\"questionnaireId\":33,\"questionId\":135,\"paramId\":0,\"graphType\":\"pie\"}'),(46,'FACETGRAPH',9,7,'{\"id\":46,\"width\":0,\"height\":0,\"title\":\"Memory (GB)\",\"questionnaireId\":33,\"questionId\":133,\"paramId\":0,\"graphType\":\"bar\"}');
/*!40000 ALTER TABLE `widget` ENABLE KEYS */;
UNLOCK TABLES;

--
-- Table structure for table `workspace`
--

DROP TABLE IF EXISTS `workspace`;
/*!40101 SET @saved_cs_client     = @@character_set_client */;
/*!40101 SET character_set_client = utf8 */;
CREATE TABLE `workspace` (
  `id` int(11) NOT NULL AUTO_INCREMENT,
  `workspaceName` varchar(45) NOT NULL,
  `workspaceDescription` text,
  `deletedStatus` tinyint(1) NOT NULL DEFAULT '0',
  `createdBy` int(11) NOT NULL,
  `createdDate` timestamp NOT NULL DEFAULT CURRENT_TIMESTAMP,
  `updatedBy` int(11) NOT NULL,
  `updatedDate` timestamp NOT NULL DEFAULT CURRENT_TIMESTAMP,
  PRIMARY KEY (`id`),
  KEY `FK_WORKSPACE_USER_idx` (`createdBy`),
  KEY `FK_WORKSPACE_USER_UPDATE_idx` (`updatedBy`),
  CONSTRAINT `FK_WORKSPACE_USER_CREATE` FOREIGN KEY (`createdBy`) REFERENCES `user` (`id`) ON DELETE CASCADE ON UPDATE NO ACTION,
  CONSTRAINT `FK_WORKSPACE_USER_UPDATE` FOREIGN KEY (`updatedBy`) REFERENCES `user` (`id`) ON DELETE CASCADE ON UPDATE NO ACTION
) ENGINE=InnoDB AUTO_INCREMENT=21 DEFAULT CHARSET=latin1;
/*!40101 SET character_set_client = @saved_cs_client */;

--
-- Dumping data for table `workspace`
--

LOCK TABLES `workspace` WRITE;
/*!40000 ALTER TABLE `workspace` DISABLE KEYS */;
INSERT INTO `workspace` VALUES (1,'Demo for Caterpillar','Workspace for Caterpillar',0,2,'2015-08-13 10:49:14',2,'2015-08-13 10:49:14'),(2,'Another workspace for testing','',0,2,'2015-08-28 11:12:16',2,'2015-08-28 11:12:16'),(3,'Another workspace for 2','',0,2,'2015-08-28 11:15:37',2,'2015-08-28 11:15:37'),(4,'123','',0,2,'2015-08-28 11:19:42',2,'2015-08-28 11:19:42'),(5,'Base Demo','',0,2,'2015-09-23 08:12:23',2,'2015-09-23 08:12:23'),(6,'Valent','This is for Valent.',0,2,'2015-10-15 06:51:30',2,'2015-10-15 06:51:30'),(7,'Test Workspace','Test Workspace Description',0,2,'2015-11-16 12:24:20',2,'2015-11-16 12:24:20'),(8,'Test  WS 1','efdfdf',0,2,'2015-11-17 11:21:35',2,'2015-11-17 11:21:35'),(9,'Test Workspace 12334','Test Workspace 12334 dwsc',0,3,'2015-11-17 11:22:58',3,'2015-11-17 11:22:58'),(10,'Test  234345','cfsdfdsf',0,2,'2015-11-17 12:43:02',2,'2015-11-17 12:43:02'),(11,'Test  234345','cfsdfdsf',0,2,'2015-11-17 12:43:02',2,'2015-11-17 12:43:02'),(12,'Test Workspace 322132','wewferf',0,2,'2015-11-18 06:41:05',2,'2015-11-18 06:41:05'),(13,'Test Workspace 45','wewferf',0,2,'2015-11-18 06:41:38',2,'2015-11-18 06:41:38'),(14,'Test Workspace 32','fgfg',0,2,'2015-11-18 06:42:12',2,'2015-11-18 06:42:12'),(15,'Test Samar code','',0,2,'2015-11-18 06:49:19',2,'2015-11-18 06:49:19'),(16,'dsds','',0,2,'2015-11-18 06:55:30',2,'2015-11-18 06:55:30'),(17,'Test Ws 12345','',0,2,'2015-11-18 09:48:08',2,'2015-11-18 09:48:08'),(18,'ghfgjhjghjghjh','jghgjghj',0,2,'2015-11-18 11:24:04',2,'2015-11-18 11:24:04'),(19,'Test workspace 4423','fvgdfvgv',0,2,'2015-11-19 05:52:34',2,'2015-11-19 05:52:34'),(20,'Demo Test','This is Test',0,2,'2015-11-19 06:09:59',2,'2015-11-19 06:09:59');
/*!40000 ALTER TABLE `workspace` ENABLE KEYS */;
UNLOCK TABLES;

--
-- Table structure for table `workspace_dashboard`
--

DROP TABLE IF EXISTS `workspace_dashboard`;
/*!40101 SET @saved_cs_client     = @@character_set_client */;
/*!40101 SET character_set_client = utf8 */;
CREATE TABLE `workspace_dashboard` (
  `id` int(11) NOT NULL AUTO_INCREMENT,
  `workspaceId` int(11) NOT NULL,
  `dashboardId` int(11) NOT NULL,
  PRIMARY KEY (`id`),
  UNIQUE KEY `UK_WORKSPACE_DASHBOARD` (`workspaceId`,`dashboardId`),
  KEY `FK_WORKSPACE_ID_idx` (`workspaceId`),
  KEY `FK_DASHBOARD_ID_idx` (`dashboardId`),
  CONSTRAINT `FK_DASHBOARD_ID` FOREIGN KEY (`dashboardId`) REFERENCES `dashboard` (`id`) ON DELETE NO ACTION ON UPDATE NO ACTION,
  CONSTRAINT `FK_WORKSPACE_ID` FOREIGN KEY (`workspaceId`) REFERENCES `workspace` (`id`) ON DELETE NO ACTION ON UPDATE NO ACTION
) ENGINE=InnoDB DEFAULT CHARSET=latin1;
/*!40101 SET character_set_client = @saved_cs_client */;

--
-- Dumping data for table `workspace_dashboard`
--

LOCK TABLES `workspace_dashboard` WRITE;
/*!40000 ALTER TABLE `workspace_dashboard` DISABLE KEYS */;
/*!40000 ALTER TABLE `workspace_dashboard` ENABLE KEYS */;
UNLOCK TABLES;

--
-- Dumping routines for database '3rdi'
--
/*!40103 SET TIME_ZONE=@OLD_TIME_ZONE */;

/*!40101 SET SQL_MODE=@OLD_SQL_MODE */;
/*!40014 SET FOREIGN_KEY_CHECKS=@OLD_FOREIGN_KEY_CHECKS */;
/*!40014 SET UNIQUE_CHECKS=@OLD_UNIQUE_CHECKS */;
/*!40101 SET CHARACTER_SET_CLIENT=@OLD_CHARACTER_SET_CLIENT */;
/*!40101 SET CHARACTER_SET_RESULTS=@OLD_CHARACTER_SET_RESULTS */;
/*!40101 SET COLLATION_CONNECTION=@OLD_COLLATION_CONNECTION */;
/*!40111 SET SQL_NOTES=@OLD_SQL_NOTES */;

-- Dump completed on 2015-11-20 15:26:15
